383292 387074 386694 380742 384813 387072 386661 381980 386655 387073 387301 387356 385840 386684 381070 384520 385175 381780 384590 381798 381752 382580 377989 385132 377576 374379 379354 385153 377743 378721 386123 379035 379351 388215 372571 380316 373258 378543 379290 384045 379212 381442 374710 390824 380274 374742 374900 375673 379372 386191 378891 376233 383055 375792 379763 382197 381394 382672 372323 379876 377010 384548 382185 386781 378703 376278 378397 381367 390628 374885 378335 377641 386227 377347 384324 380712 373545 382197 378037 381608 380081 382713 379739 377144 380694 380260 374664 385830 382182 382152 378756 384396 386198 384828 380575 390498 385328 383741 382837 378527 396693 392580 376213 367539 382293 374706 376943 375601 377638 381764 375601 384647 379213 376643 371986 378320 377363 376028 383586 380391 387077 378936 369272 386094 377494 383034 376537 376879 385181 380200 381816 375247 381727 381579 377809 390136 376818 377127 377693 379486 378775 375963 378243 380116 382182 376387 379320 380228 385777 379706 380437 374464 377730 383133 380930 377817 383840 377184 385241 375475 376264 378554 375021 380408 393871 394012 380547 376784 381997 383400 376340 376582 382179 387462 382462 380637 382324 376456 396876 381161 381184 377789 386631 378660 382756 376106 381688 384019 382924 377942 376699 379249 378452 376294 381623 374674 374497 376501 381106 379606 386181 372730 375944 377275 378455 386177 379822 388257 379760 382337 389502 384795 374579 380504 377634 383306 382516 392909 370933 382126 380045 377304 391722 382139 382433 376498 383353 381430 379912 383423 375908 370660 386262 381167 379385 385006 374746 389014 377992 376429 378525 383726 382403 384592 378530 376120 377186 373993 387610 378400 382378 378767 385700 384405 383066 384202 380633 388456 369836 387048 382354 382572 380707 382712 383985 384868 383687 373890 375839 375001 389701 378690 372016 377655 384651 380465 381098 388849 381148 388618 387090 383739 384420 387075 386694 387828 386143 383306 382909 381154 386694 381778 384808 382630 383292 386373 384802 386673 386327 389239
393585 407512 565734 385840 402815 406622 402970 391441 403007 400273 404518 404932 400355 405612 390069 401191 396883 392978 399993 388377 395776 405131 396510 404535 401558 393728 395401 405213 400663 396084 405541 399254 400234 409651 393895 401435 394634 395472 396540 405654 398020 400984 395040 406023 395224 394932 390715 395693 399717 404248 398678 394461 399490 394312 394211 399752 397711 401518 395897 403097 396779 399688 397509 397313 397091 395592 397163 399083 405458 393793 392011 394704 398833 396291 402454 397016 389703 397526 393303 398483 396035 400417 397287 395456 393722 400034 393376 404455 393942 401051 399864 401475 394641 401542 400204 408110 399455 397056 394959 403678 408787 409595 395838 384444 395445 388179 390345 391110 396072 401246 391554 404184 397313 390467 391402 390598 396640 393348 402423 398078 402978 393982 388424 398911 392773 395668 391931 395435 398524 393545 395707 389947 397750 398810 393376 406385 394170 389516 395231 395631 391091 392715 394483 394075 397807 393210 392324 393027 397654 390482 394299 394159 393307 401060 394606 396203 401582 395196 403604 393400 394267 390404 393299 397144 407197 404167 397339 394282 397717 400291 396248 393109 400237 402207 401106 394801 399201 392848 408773 397092 393814 394779 410033 392351 399569 394955 393751 399212 398262 399363 395413 395079 393241 391936 397431 386735 385816 390948 401964 393202 395844 389335 394127 394739 395719 405254 396971 402521 395363 401521 407870 397110 393200 399194 397559 397763 397641 407776 385695 400428 396774 397343 404079 392763 392107 395516 397206 400024 395503 402017 395241 384600 406576 399512 396552 402600 390898 409431 390933 397590 396365 398225 396709 396413 398560 397134 394421 395609 400714 388232 400831 400776 402441 401776 402202 403286 398136 406619 388558 402342 403967 401340 399483 396031 404991 403482 405254 392357 395826 396914 407862 397277 396201 399517 403760 402884 400523 410825 404237 409608 407793 398909 400692 407830 403768 406131 403121 392841 393592 390168 406715 390486 401231 395991 404992 409309 401695 571363 406476 407645
393097 409887 574204 388108 403662 406941 400376 392587 399221 402330 401480 405904 401821 398661 390259 394139 401333 392444 396689 391929 398155 403399 391056 398002 393061 393420 399056 404778 398784 400572 404992 403670 398344 405657 393020 402654 392748 401139 401040 404354 400609 401633 390795 407756 394108 394656 388942 392237 397464 404362 397689 402013 401339 393318 391397 403139 399775 401130 384017 401906 394087 398912 399595 403035 398598 388973 397012 398654 402718 391290 393159 395652 403563 392902 400189 394382 392276 399236 393365 394321 393529 399439 396295 394068 398079 394678 390446 401143 397246 397495 396834 401388 402643 403073 393520 405955 397781 396070 398166 398543 406269 400204 392620 381427 396907 387198 388419 388885 399251 397868 392777 397857 396160 387826 388624 389783 396495 392076 399888 395279 405427 392439 386170 401865 393474 397566 391287 392782 401229 395779 399791 391881 401029 393947 394905 407028 392398 392046 396796 398366 391949 392852 391994 394649 396564 391285 396790 390499 399460 391374 397926 392146 395067 400662 400262 390350 402212 394675 399923 392953 387751 394381 390906 397886 407758 402256 398383 394107 398790 399551 388872 392310 400036 403757 397106 398600 396122 393215 409081 398933 391340 397082 403395 397375 396981 394001 393899 393922 398887 395219 393637 396056 394797 395359 391396 385957 390590 393274 395227 394247 400000 389438 392511 396815 397660 404522 395064 402499 396496 397316 408095 402944 393956 396762 396815 398077 396938 408201 390356 397776 395935 397734 401746 395694 399291 392573 397084 396738 395471 402456 396495 387858 405116 400989 399867 402242 393520 404504 391463 395031 393650 399113 396947 396906 397728 391510 395065 390589 400534 394327 396963 395930 404320 398122 396648 404683 400357 403769 388652 402184 406304 401071 398151 397024 402188 401557 398042 391845 396517 393820 410326 396176 393884 393521 406517 406600 401498 407980 400700 407190 406284 395412 397176 403635 398354 410347 403329 395252 395912 391279 398777 394880 401226 394081 399706 405938 399435 574261 407306 409300
396380 406291 567390 390215 401766 408699 399338 392891 400450 403762 405418 402528 402645 401644 388851 396268 397621 389100 391764 391488 393144 405908 392136 401028 400754 391368 398624 402466 394068 397694 403081 399144 400307 405912 393947 404672 391677 397354 396357 402322 393341 402728 392108 406733 393801 398882 388977 391552 397140 404907 397418 394051 400322 391682 393846 402155 400598 403848 390665 400523 394588 400515 403840 397723 396383 391945 393270 394373 405169 390103 395914 398686 405220 394527 397364 391173 393761 398478 390306 392468 395564 398286 394412 391622 392180 398671 390609 405386 394807 397110 397363 401315 395278 404187 395720 408702 393461 400280 397323 397873 405315 407407 397432 381976 393439 392995 387236 388679 393211 392889 390522 403155 396460 387033 393633 391481 390191 392108 403676 391985 403527 393772 386378 398980 391811 397112 387316 393187 395825 389448 399043 391164 401038 391798 395664 406376 391085 393548 396626 394902 390608 391017 385150 391385 398651 390631 392000 391217 392770 391446 396840 395054 394097 397482 398243 390572 396706 393132 402526 393788 393050 391809 388718 398591 402841 401455 395005 390635 400518 398390 393591 391131 397850 401410 402382 393281 397908 390611 406766 394752 393702 393798 405585 388621 398532 391676 395377 395632 396955 392559 394841 393142 395707 389718 390961 389137 388566 391903 396222 397093 401719 389335 392753 396445 393637 401028 397778 406060 396702 399821 406748 397881 390249 393758 395505 399626 400174 406404 388486 396160 395531 390603 401518 394959 398979 391068 398838 397973 395252 393516 392341 389235 402437 396645 393430 400310 392050 404658 391550 396404 396842 392940 395582 395483 398628 389640 394688 389446 401987 397396 398804 392309 402458 397490 398597 401177 400941 403048 385905 399552 403048 402953 396714 396896 400834 402045 400014 392653 395993 392183 410458 394891 392615 399177 405349 403357 400360 407267 399242 406269 401229 394772 395128 402478 405649 409027 400545 396717 393147 393095 400317 390562 400083 392192 402701 408177 398374 573784 405752 410855
393182 407613 573008 389675 401076 408591 402548 393855 396070 399450 403063 404114 397993 399717 390465 398590 393307 393016 392727 393521 397068 398199 392734 402399 396967 386188 400821 398799 399592 398763 400519 399017 399141 412038 390839 398499 393854 398225 396565 405989 398831 400583 389481 406306 397146 396064 391625 392163 397797 407476 397429 389583 399974 390850 392634 400750 393405 401984 392937 396375 394880 402332 391245 400998 394920 392134 391250 393691 406311 392879 391596 395930 403526 394252 399740 389277 390698 393637 394145 395862 393827 398599 391496 389611 397717 396730 386584 401108 398023 397898 396553 400191 397428 397747 397141 406470 395699 396840 395905 393546 406224 404763 394032 381323 392498 386952 390328 390243 393537 399876 390817 397743 392113 388083 393653 393772 389645 393652 399653 394803 405441 396253 387158 398494 391020 399678 392122 392611 394768 395497 395576 393849 399728 394805 393971 402389 393690 391595 395853 395346 389764 390344 390145 391792 397011 388369 390465 391515 396151 389966 397262 391519 395157 399319 394143 390140 393990 392194 402942 390771 385303 392945 389971 397858 405222 403697 396240 399157 399038 396370 393628 392591 394528 401616 396276 397490 393057 391868 408250 398910 387986 387202 402117 389180 397728 388982 394241 394946 396937 391669 394459 395786 392935 391160 395062 385639 393291 391748 400413 394134 400002 390963 392249 397505 393682 401232 399957 399078 393651 402692 403049 400807 393495 398065 393486 397975 400542 409313 387213 398345 396444 397694 399664 398476 395723 395739 395056 397961 394077 400890 394244 388696 404977 400526 400299 400044 389805 402217 396361 395753 393668 395445 400659 398975 396634 393587 388309 394269 404080 397347 395100 393798 402741 402586 402744 403646 400286 404862 388725 401352 403372 401534 396487 395186 404785 400886 397918 396504 393999 389876 408953 396158 390743 395135 401698 402095 396884 408918 399223 406788 402632 397004 398097 405352 403292 406544 402786 392790 393696 387372 403045 391794 395955 395740 397509 402880 400100 573572 406755 403902
391000 408880 570546 386361 404192 406871 400847 393552 399916 404469 404419 406810 397092 402325 392065 398296 396713 394512 392321 392674 396864 401809 396175 405040 397612 393650 399370 401823 396503 399993 400330 403417 399367 410174 394980 400856 390741 402896 402384 400225 399272 400027 388553 410405 396169 395023 392127 394474 398144 408168 396602 391767 404356 390462 391957 399212 399526 397630 388027 398480 394687 404249 398046 393432 391645 394987 395749 396162 406319 394606 392642 396187 398980 395471 403323 390695 392238 396151 390921 396550 390257 398722 389547 390057 393623 397725 389982 402270 394026 399404 393102 400493 395958 401809 397534 406041 397076 397178 390979 398284 404788 402258 390288 383406 393742 388065 389853 388059 395569 396321 390803 397202 395460 389950 394511 391601 394696 392885 400516 395328 401941 391312 384056 399063 387449 393101 386571 390389 396259 390809 396576 391991 398144 394866 394024 404650 392804 392237 393968 398762 391998 389434 392201 392568 395133 390447 391347 393337 393018 391232 395236 392988 396663 399863 395939 388959 398914 392370 399181 387048 390387 392289 391950 390753 403503 399872 394141 393289 400718 398247 389014 389897 398474 401268 398634 397119 396984 391905 406671 396411 392780 391937 400250 388416 396273 392111 392259 396253 397493 394365 390593 393265 391686 387508 393765 386730 387130 392961 396917 393448 402336 390028 395600 396668 395092 404879 400089 402884 395451 395953 403894 398685 395514 398488 392881 400640 398449 409027 387272 397347 395614 398233 405488 397373 393866 391436 398306 397360 395205 395479 390238 387074 407555 395014 397013 399649 392829 403312 394034 393219 394647 396072 396575 396686 401642 395623 391224 393737 401309 394945 397770 389941 404880 400258 400593 406271 398368 407027 391928 398495 401356 399711 397591 390611 402443 402175 400573 394751 389917 394013 407193 390447 391433 393506 404800 399024 396915 407821 400178 408981 409931 391847 396870 402814 406273 406536 396199 395877 392715 391383 395649 388432 395459 396323 401784 406572 398982 570771 404003 407146
397967 408862 566421 389159 402924 405398 400793 390038 399289 398989 402593 400793 397595 400211 387780 393450 398578 391284 396384 391145 393912 401147 393698 400970 397237 391512 394729 406831 400420 394687 402475 402521 399388 409747 390718 402526 393117 400170 395761 399992 399916 404356 389619 404684 394594 393230 393062 401820 397609 409644 396036 394265 399662 390853 393680 401092 402475 403951 386103 400481 390494 404360 395508 394618 393359 394152 393370 393771 402833 391034 393584 395446 401599 388813 397529 392659 392438 399009 390958 396263 392360 397008 394780 393785 389458 394371 389529 407768 396359 401958 395353 403426 396381 397359 401752 403190 397291 398018 395042 393388 405337 403705 392874 377859 391512 390693 392293 388237 396720 399622 387498 398730 394595 387891 388580 392751 389717 391713 399120 394121 399814 390933 384261 403477 386574 394918 385976 396467 395908 394060 398123 388592 399691 395530 389950 402788 389771 392514 391508 395754 389423 389965 389785 392108 396110 389017 390730 391339 396344 389537 390624 391189 392236 395371 393829 389411 401126 393913 399153 393676 388712 394075 393222 398935 403161 400228 399615 390322 396995 392728 393394 392984 396098 403912 396123 394108 396086 392753 408479 399116 392043 389572 400368 387497 394023 390104 397973 393240 397900 393228 389308 391161 390935 385073 393433 388313 384997 394318 395821 386990 401468 390094 394917 397249 394304 399171 396728 399210 398522 398838 408189 399959 391925 393489 396247 399124 396169 405054 388966 397896 392470 393533 399141 396902 393720 393495 398431 396872 395264 398763 391312 387644 400827 397018 397995 401160 391408 400166 392199 394235 395769 397008 399526 395106 396925 394637 386991 389202 401987 389514 397112 395276 401543 400407 404656 398861 401255 406094 386786 396107 403647 402845 397292 396031 401666 401743 398025 393560 391182 389656 409394 396131 390648 395574 400940 398578 398637 404175 402577 407299 406309 394440 395421 401356 402209 401123 401269 395866 396287 389799 398772 390275 399703 397483 398486 407331 392747 571245 404589 402376
392163 408193 567244 388077 401986 403831 398875 390616 397333 400838 405535 406771 396159 394985 387042 398070 396602 391018 394930 394190 394221 407578 395833 400774 395584 394628 395334 403821 398550 401445 402050 399670 397109 411899 394382 402835 392795 401511 394399 397724 398777 396716 392985 405621 394301 392650 389693 392408 396084 405737 396662 394488 399348 395780 397686 400480 398202 402908 384941 398370 393644 403909 397550 395499 396540 394230 397395 393550 406598 390514 390826 395364 402457 391225 399524 393520 395483 399178 390522 398723 395621 397912 395644 391604 396445 394498 385179 402859 393682 399935 396218 397984 399509 397288 396952 406348 395370 392766 394924 395434 410828 398977 396109 381918 393849 389288 388859 389941 394769 400175 386526 395405 395580 390774 390269 395220 390196 394908 401772 393297 402584 385965 388856 398786 390201 392507 391534 392761 399688 393352 398804 391259 396557 394516 393093 404239 390974 393432 393408 399425 390808 386135 385072 392573 396159 383547 389950 390011 399355 390112 398576 393616 393119 395561 397165 392128 400472 390179 394808 393782 387687 393294 392418 395544 407456 403817 393225 391337 401255 399972 393272 390655 393494 400565 399485 391277 393884 391960 406622 394816 390656 394208 407300 389183 394654 392860 396753 395708 396190 391233 393753 396491 392604 388664 391383 387022 389942 391971 391133 394864 401211 392216 391748 396609 396999 401230 394446 402782 396928 398388 402211 398501 392589 399735 394579 398080 395721 408392 387137 397510 394912 391429 401831 395552 395806 391581 397286 399429 395470 400587 393240 389772 401595 394207 397265 397143 394297 400790 393915 393521 394819 395452 400114 397407 398932 395919 394701 388677 403384 395158 395692 397416 401979 402695 398320 403123 399669 404669 387077 400518 404091 399205 396605 400276 400929 399220 402794 396231 397219 391030 412841 392520 392002 394008 400814 399978 395406 404008 395264 405513 406394 395644 400866 404876 402195 404596 399755 390169 391367 387904 400282 391180 394924 393028 396180 406112 395249 576892 403694 405500
393883 409314 571732 387799 405041 407785 401248 394043 395828 401225 404998 406358 401084 403243 390953 398470 399791 389886 395058 391704 398153 400515 395514 399462 395769 389050 402190 405041 395699 397675 399529 398248 402262 408385 393185 399776 386067 403231 397774 403067 396063 398390 391306 405011 396535 391441 396127 397485 396057 404117 393987 393707 398821 392248 391305 401315 393685 398878 389137 399653 396585 402229 394612 398580 393415 395081 392494 393631 410220 390702 391284 393725 401329 397004 402475 392905 389202 397345 388737 396346 394418 401005 390777 390441 400529 396254 390688 402485 391393 399466 394406 397434 397884 396471 397869 406716 398072 396831 394316 393312 411487 405057 391040 379381 395423 383092 391509 386499 395820 394691 386810 397693 396431 384323 388490 384297 393229 391543 403038 394292 399846 391962 385005 396974 387303 394902 388227 390082 397785 392086 398185 389306 398507 391699 392548 403102 388424 394601 395996 394957 387592 389109 388740 390568 397774 388259 388746 388098 396095 389883 395726 387198 394353 400987 395620 391509 397048 391069 398427 391896 387199 391073 392160 393718 406874 400649 394843 389203 396452 395384 391302 387871 393355 396994 395781 393780 396165 391449 411914 398925 391184 389220 402150 391437 394192 392581 394527 389183 397052 397134 394417 395333 391527 387190 390282 387012 386988 389116 395937 392637 397125 389714 390040 394102 393778 397497 396173 403624 393366 401011 408432 396068 391464 397943 395939 399259 397449 406397 386813 399805 392528 398207 401537 396324 398360 395400 399615 395819 398272 397490 394419 387894 404315 398745 399960 399032 390657 404273 391986 400466 395034 397273 399049 397318 395013 391697 399012 391141 404267 398920 397967 397212 403271 397819 400430 402676 398846 403860 390333 399228 403487 402070 399348 394479 402116 399565 397684 395739 389682 393967 407314 392057 393525 398093 400311 400410 399471 402890 402384 408443 402332 393200 399111 405038 405696 409362 401222 396745 392677 387465 399206 388383 394056 396263 399587 403000 398725 576550 403694 405514
394879 411888 567491 385604 404394 411432 394955 387531 400130 402207 401593 398548 392676 394603 388168 395624 393388 388802 393591 385070 395235 396557 394340 400029 394169 386723 396200 397444 395156 397338 397561 394715 402604 408845 390359 394051 390459 398543 392040 396370 391285 397005 387671 408531 394088 388961 389367 391219 395789 402468 392286 397444 401215 389388 391704 400828 397578 395819 386928 393292 388078 398475 393851 393511 394036 391041 392284 389519 403397 391438 387637 392623 400471 390079 397950 390643 387374 394366 387614 393082 388109 397454 390103 388864 392025 391482 386877 402396 391751 396905 396511 399069 390569 393456 397451 405078 388573 396245 391915 393765 403013 401513 387241 376915 389903 380205 384999 385929 388663 390253 386460 394942 388798 386423 393521 387695 389482 389170 393575 394894 397950 386594 382512 395336 385493 388637 386358 391324 392314 393145 386636 384450 395409 388605 387681 399271 386607 387975 387578 388556 390183 384339 389146 388730 392920 384699 389228 387567 395471 391228 389430 388041 386241 391687 386609 389442 394304 387855 395283 389499 385919 391685 386264 393692 403771 401057 394409 385265 393668 393970 387118 391134 395635 393356 397090 389874 392663 385169 406302 395640 385875 390109 400431 383652 390341 388554 393672 392149 391539 389650 390276 386921 389911 387292 388258 383918 384587 388615 392189 387133 394351 391058 387826 392990 390322 395397 394889 397615 396705 395772 405094 397559 388152 391509 386996 395227 393614 402353 382732 394451 389946 392544 395207 392853 392773 390290 391060 396888 391506 398049 387192 387289 395322 394807 394352 397790 388325 402257 387462 393620 392550 394714 397845 392420 393608 392288 390497 386709 395412 393648 394044 390522 400155 402904 402072 402206 393512 400893 385756 398425 399017 397212 395344 395677 401324 398582 395228 388172 390783 389781 406628 390268 387961 389598 397631 396874 394654 400723 398622 403595 397944 390131 393607 402644 395114 404493 394117 389099 394408 384647 401293 387342 394906 387021 397951 404442 390799 571285 402215 402578
390734 412671 569494 390510 404262 405126 399356 387074 399995 400555 402127 402576 400755 400047 388085 398355 395740 392909 397993 393137 396657 402373 387802 403318 399410 390921 396593 400790 398654 398077 401607 399917 398935 412389 392081 399578 396537 401059 396594 402934 400158 403749 389041 409610 395034 392354 392249 391893 396911 408443 395280 396730 402526 390804 394404 400463 394563 397840 387988 398076 393840 407383 394544 397521 390957 392685 393585 394973 404506 391768 390707 397966 398481 390980 399203 395686 391703 397225 391080 396403 395764 397992 390164 388708 392425 396487 393106 401769 396325 397723 398563 399238 398214 398364 395835 400576 395906 395125 395534 395131 407185 403114 391531 386150 397975 379482 391485 389348 396899 393752 388091 397299 393618 387288 391066 391776 395817 389375 398416 390748 398366 392956 380502 397152 389351 392423 392282 390340 399678 388872 394773 387565 397853 394429 393172 402115 394932 392213 394896 392310 387627 388155 392197 390313 393578 388892 388688 392012 392032 389723 392830 387770 393087 395916 391578 386717 401475 392938 399556 392602 390440 390700 388194 393428 405459 396280 394024 386737 396264 395872 392969 388813 393176 399737 397621 392749 394466 389813 405754 401515 393218 389351 401166 390651 397176 386088 392414 395279 392610 391179 388907 392129 391854 384483 388865 385998 386986 388624 393270 393867 396554 392765 392482 393134 392144 399201 397483 405314 390523 401033 405920 393611 394178 398697 393727 402809 396393 408736 389353 399150 395287 393602 405230 398299 394786 394242 401545 396874 400242 398727 391716 389387 401348 396036 400428 396322 392627 403574 392409 394113 395633 396878 399811 398613 394236 390533 391397 391619 403214 391933 398760 393829 396632 402342 401713 399250 400899 402473 384367 395836 401844 399656 394029 396912 401449 401140 393718 391414 395184 390442 408632 395330 387722 392362 406258 396242 398715 403793 396486 405361 402672 392407 392938 401325 401164 408813 396676 391401 391777 388580 401695 389377 395739 391559 399482 407896 397619 568552 403704 408075
392886 409592 568380 389320 400587 407188 397328 394364 400664 400816 401457 406682 401781 398506 389295 397104 401453 398601 394422 393383 398537 401793 396302 402707 398035 392953 393260 400148 394771 398880 404484 398968 397448 407824 392826 400008 395944 401514 394652 400065 400847 403619 393148 404284 396573 396424 390292 394510 392893 405034 400076 395625 400343 396542 395842 403781 399290 400057 389707 402050 401062 402729 397907 399877 391339 395139 395357 401266 407497 391044 394838 400469 400026 395287 399853 394419 390213 397898 389799 401393 395704 399867 392653 392827 397220 396108 390098 401233 396496 395743 396440 399547 397690 397339 399521 403494 394782 398616 394508 392990 409279 402029 392121 382060 391440 385259 388134 390395 393468 393936 392877 399694 398247 388454 391995 387445 394340 392719 398349 397263 403581 388820 385865 398841 389228 395525 392557 392941 402071 390330 399265 390102 395488 393514 392130 404775 390564 389522 391789 396633 392688 393466 387685 392461 396627 388226 390205 391297 397435 391380 394098 390133 395883 393792 396234 391554 401591 390084 402818 391055 390613 390668 387295 396314 404485 404370 396655 389084 400046 398871 392919 387719 392406 398185 398757 397165 392608 389068 409779 394789 390698 390685 406033 393120 394008 392745 398739 397154 398312 396471 389994 393311 395235 388071 389969 386938 387605 389341 396369 395852 399996 388297 392594 396068 391547 406597 396404 400018 397730 396517 408171 397813 392653 398172 392779 394343 399491 405557 390945 397838 393030 396347 398705 393771 396722 391176 401932 398848 396346 396735 393969 388223 405800 401425 399012 399286 394670 404302 393070 402318 396898 395993 400955 403019 398939 391635 392130 393248 402804 397938 399638 396170 400554 400981 404206 402857 399846 402504 387870 402354 403590 399114 394916 393448 402381 399495 396739 392576 389331 387545 408022 395476 389495 395324 399650 400362 395671 408040 397537 409274 403078 394481 399180 406074 400727 403480 401346 392775 394467 391106 399208 390072 396590 394970 396547 404823 393534 576568 402306 408399
397400 407817 572230 389028 402140 407268 401270 392458 398288 401775 400231 406178 398703 399182 390507 396094 396314 398290 392747 389288 396655 399957 391622 400926 399250 390121 398485 402048 395674 397673 402397 400078 400338 407710 396053 400647 396878 399404 401138 399346 398065 401431 389239 405014 397473 396237 395495 394979 396917 405265 394601 393283 401757 395605 396919 403588 396688 402872 389870 399953 395379 401106 402310 401959 399222 394928 395020 396781 404569 390341 398727 397495 399349 391276 402648 396172 389862 398645 386929 399167 393676 400469 399059 393745 402019 396576 387238 404593 396335 397575 395324 402623 400805 402725 395574 409070 397025 395920 391641 392677 408030 402762 395141 381937 393542 388572 391252 389740 392575 397593 387897 399032 392088 390608 390766 391740 391203 387967 399119 391211 401212 393037 386598 396338 387118 393249 389481 392093 396869 390267 394924 393755 397529 394256 388567 407253 391316 394641 394524 395001 392431 390376 387241 390868 398219 385455 389238 392315 398892 388768 390298 391857 395423 400533 391112 390089 395905 392255 399260 390090 388864 391353 390657 395964 406298 401370 397177 393885 397584 394496 389733 392032 393611 396845 396406 393239 394503 392597 406359 395517 397808 389532 402739 389701 395184 391761 400318 394299 397555 397067 394221 393052 385753 393655 392114 385681 391798 391546 394432 394449 401453 388486 388727 395509 392491 400204 398651 403301 395297 393971 406410 397584 390613 396952 395095 394210 398624 406675 388492 394514 395491 394836 403343 397329 395050 395063 400815 399134 394943 400855 392891 392496 399037 394858 398451 401439 392182 402000 392396 394987 396799 400174 397825 398822 399827 392833 391588 391806 402829 398167 394816 394792 403970 406419 402057 403607 401319 408751 386319 399658 407263 403649 398806 395685 401649 398805 396691 388136 392082 394266 407178 395061 390652 396620 395316 397794 395699 414325 403295 407285 403522 395083 395586 402493 402682 407188 397880 396416 396072 388654 401635 389840 397123 396301 395928 403323 397259 570374 405095 408868
393132 409092 567957 387840 399895 408505 402209 390683 401410 401248 406493 403421 397714 405251 389879 393669 395503 392145 398354 392460 393625 403538 392092 402360 399793 391377 398857 402594 403063 402982 406046 400295 402040 415247 392015 398407 391112 402391 396766 402700 396916 406862 389702 403308 396453 391048 391616 397701 399867 405557 402588 395824 401551 392515 397277 400996 397817 401291 391163 400702 393450 399918 398853 396468 390541 396456 393116 394198 407223 392735 393578 395478 401558 394307 401239 394780 397170 400646 388432 396639 396957 400634 393605 393065 397966 396516 389691 401472 397334 396259 397599 396501 397874 400469 399817 406957 396861 396020 389854 395970 405720 402521 393714 376155 393215 388918 387466 388882 395416 399402 389885 397904 393301 385594 390063 389887 395784 389098 400861 391483 403753 397048 379857 398180 393719 397002 386722 396566 403160 394873 394910 388661 394572 392651 393744 405259 385959 393812 395621 395838 391568 389121 391219 392543 395116 387546 391320 388883 397140 389858 390273 389667 395123 400513 395581 395764 397021 392508 395139 390484 393095 391479 391760 394266 404629 400189 390835 389609 397305 399392 388816 391630 392928 395861 396863 389124 392685 386934 407168 393242 391189 396506 404406 389483 394777 392970 397270 391998 396179 394168 392747 390663 390923 389444 390708 390821 389919 391905 396906 389701 398811 388540 393387 393825 395234 399306 399358 403315 395930 396290 403882 398699 390636 395594 395534 393804 397011 408137 383771 395333 397581 396956 399018 396370 400051 392718 396887 399518 393544 400786 397010 387743 404046 396492 399984 402176 392095 402399 398384 398580 396932 396869 398289 395655 403810 394502 389139 395264 401883 399053 398751 397579 402806 401930 400129 406586 398307 406281 387408 398779 404420 399868 395382 398003 402068 402434 400477 393045 397549 391122 406717 396101 389652 394174 403887 403490 398222 406266 400838 404394 402075 393924 394873 406994 406023 408796 394227 392784 393476 387749 398277 386104 396866 392418 400606 406621 393753 568667 402111 404276
393613 407869 572658 388635 398584 405991 403181 391661 397842 401082 402810 405625 397369 404886 388053 394826 398209 391359 398985 397371 398634 406866 393840 402733 394656 391253 397906 404499 397039 400490 402869 400227 403530 412684 395364 400793 391958 399642 401428 400863 398167 399403 395168 408373 398609 396355 396633 398787 398433 408879 396755 396723 403471 391265 394132 401350 396888 403485 390509 404365 394500 406915 399318 402055 393994 396487 394434 392874 409082 393255 395013 397576 405139 396571 400263 390444 392571 399774 393515 392912 399540 397541 394533 388887 397433 397966 389784 402331 393625 398538 398363 404885 402628 402266 399163 404394 397622 398668 398909 395529 411918 404749 394911 383093 394130 388568 393121 391340 393778 401372 390584 401948 390947 390504 389295 389752 395124 391033 399883 393919 403098 389411 382644 404660 390059 396015 392161 392737 398354 392286 396008 391402 396223 392839 392206 400622 389561 395852 392547 398854 392411 391252 389588 393517 392357 391423 390519 393320 395534 390848 396287 390718 391179 396360 392327 390762 400396 392467 399974 394836 388166 388571 390419 396628 403978 400431 397125 393828 397294 396281 389806 390435 397099 401862 396598 394895 395744 391598 409651 398718 393928 392970 404529 393536 397126 389443 394677 396706 397628 392722 394095 393553 389885 390015 394055 389060 390440 392602 397619 392803 396974 389219 391850 393656 391001 403153 398381 403028 395179 396651 407531 397181 395371 394096 396145 399764 401154 404338 391285 395117 394069 393227 401500 396109 396437 394169 398303 398985 396594 401539 397439 391292 404476 396875 402442 402177 389996 403300 395498 396156 396766 400767 402270 402498 397624 394603 393446 392513 402233 399729 400008 393789 406497 404216 409224 404267 398818 405108 389961 398002 407881 403812 394110 396861 405683 404764 399952 394149 393343 389184 408634 401310 392691 396394 405219 403247 397258 406649 404859 405861 404169 393523 400018 404481 408003 402571 401649 394311 392143 390962 401835 391873 395442 392809 401412 405989 396381 572115 399400 408681
393070 408518 573222 391522 396477 405137 401960 389351 402216 400899 406570 404514 399321 399929 393956 393983 397239 395756 401590 391381 398992 409939 395617 399737 396672 388348 397484 401820 398318 398781 402936 402039 399705 409067 392071 398356 395693 398910 398916 400299 399669 404696 394806 406134 398317 393286 395496 400017 393092 413783 399563 398630 403206 396448 393753 401137 398744 402611 391262 402360 394048 404485 399609 401016 393754 396211 391790 397715 405271 395444 393754 400506 402062 392693 400228 392822 391408 403291 393358 396266 395302 398648 396502 392073 396840 395875 391933 405261 394018 394163 395967 399977 402753 401146 395035 405426 393583 397533 392977 397793 407480 398793 393669 383435 396463 385724 388251 388250 395249 398985 387644 396505 394835 393003 386254 392065 392254 392071 402172 394371 404316 390793 381762 401127 385630 397653 389837 396071 397223 389867 398943 389030 397194 390777 390348 403663 390841 396395 393599 395800 388200 389334 392396 391149 394695 384878 393238 388261 394121 389620 395431 393021 391905 395118 389678 388135 394878 393156 398573 393057 385489 389040 388901 393050 401910 401283 394329 385255 398657 395806 389766 393553 393244 397516 396241 391871 391712 389800 411903 394661 392985 391492 403869 391959 395050 391377 394990 393821 395040 394451 393324 393430 391232 389774 391395 385429 385849 388165 398280 392058 397908 393261 386818 394780 394367 401939 399653 401161 394349 397802 404268 398665 394862 399551 394911 401727 397018 400229 386042 397680 393604 397664 403793 397903 392871 394509 397612 396156 400005 400548 395259 387205 406371 394846 398460 401024 393060 403946 394855 400584 397246 398018 396662 395387 396220 391286 390806 392086 401954 395162 401789 394440 400841 401516 404365 403304 402700 407687 389419 406593 403860 400773 396927 394872 401352 407286 401058 392613 395283 394447 408704 392171 390479 398941 401973 403153 398410 409163 399688 401046 402558 396149 394655 403773 404877 403109 398888 393013 393571 386785 402199 389522 392422 395265 395186 406255 398515 570829 402896 408500
392182 403171 566006 385292 399616 404759 403264 389143 395796 401159 402649 401798 396741 398391 391634 394947 396468 390427 392066 390517 401247 400394 394833 401959 396944 390302 395566 402550 399323 400402 404044 401207 401070 412762 389043 398062 394671 402269 396120 400819 401496 403129 388433 405984 394787 390692 389908 392072 399609 408819 395081 396495 403327 393675 396397 401095 396655 402848 388361 400914 398535 405451 397744 398229 394923 393274 393533 394697 406705 394677 398559 400043 404451 395288 401195 393182 391091 397905 392192 395638 395765 403000 392118 391775 396305 395809 389814 399435 395125 396960 396110 402593 396567 400664 394626 408577 394155 400193 391267 394203 409536 399657 393471 383519 399533 391819 390958 386031 399095 399686 389993 400623 395824 387572 392851 388531 388849 392391 402016 392515 399467 391407 381513 399419 390466 395519 389310 391408 398450 389565 392818 388508 400690 390066 391899 404322 390334 394276 393550 394253 390615 394076 390136 393988 393962 388185 392598 390332 398988 386453 394945 391278 395503 399748 389454 391669 398116 390531 400270 389960 388501 390306 385840 392295 405567 403249 393117 387624 396932 397737 392630 388068 393287 398349 396606 389190 393392 388486 404638 395062 393160 389590 406105 387765 393003 389970 392701 392296 398726 389880 390021 392811 392999 387811 387432 388243 389047 386619 392563 392416 399357 388516 392727 392505 391661 398377 395686 398795 395229 397688 405549 401125 391175 401025 397534 395194 396307 407415 386349 395934 388702 394809 404318 396099 394182 395826 401517 394102 394749 398918 394001 391021 401303 396410 399810 401192 390599 405260 391951 396720 396739 396556 399172 403069 402632 392964 393694 394355 399905 398025 394389 396142 404337 402344 404409 404309 404042 402899 384642 399897 404163 404677 398602 395470 402834 403147 402239 390523 395716 392272 413977 395641 394086 394300 404086 400889 398664 407165 402581 400614 405231 392549 396506 404204 406614 403742 401698 393951 395841 385739 399158 388252 396291 394830 393190 405969 397355 579040 402071 409432
392084 403514 562624 390925 405258 403489 397173 393048 399093 399260 408785 403626 397630 400378 389211 400553 393896 392450 399779 392367 394851 403016 390038 406111 397719 390455 401253 404621 399070 397302 404716 393040 398144 411640 391846 396202 390694 397100 399791 399925 398096 402047 393602 408863 397315 392599 390881 394084 395913 410729 397513 395078 398412 394416 396303 402491 399756 403904 391648 399429 396916 403289 398747 401365 396789 397721 396073 397796 405220 391029 395735 400437 403409 396324 398117 395571 392442 398490 392143 397119 398551 403413 394294 393719 396276 393674 390453 403720 394925 395980 394363 399824 399129 400797 397912 408219 396114 394102 396417 397702 400760 400839 396185 381240 397822 387187 388752 390981 392193 398805 393885 397121 397486 391840 389525 391128 392109 389836 403942 394682 402379 393858 383914 399311 387833 394513 394914 392941 397324 389794 395332 391246 398150 394523 391526 403687 390470 394605 392904 392959 390635 391231 388053 392716 399981 388019 389975 389576 397614 388531 392910 391883 392639 397587 391620 388827 399498 393170 395767 387593 389610 389452 387076 393974 402641 396771 390577 386643 396330 395812 388261 388119 396676 397836 398616 392326 389668 391736 410006 396634 390770 391634 404823 387988 392489 394590 394845 391963 393513 390987 392928 394661 395591 387348 391284 386579 388381 387297 396642 393197 402666 387222 393421 394421 392880 403951 396023 401367 393846 400022 406660 397173 393289 398585 396714 397126 393692 402848 387502 398731 392267 392294 398864 395979 395052 394668 403227 397001 392142 395706 394231 390064 402955 403223 401400 397296 388368 400747 393614 396996 392711 399656 397106 395559 397772 394981 393629 391480 406469 398762 397677 395572 400617 403275 398581 403033 402480 402663 385900 399550 401692 403286 398330 401660 403275 399318 396032 393180 392708 390418 409806 395681 391252 397799 404713 405494 397500 406686 400438 406885 406510 397173 398819 406512 405575 406334 399346 391752 394311 389576 399461 389053 396159 394284 396313 405511 395906 572285 405056 406079
392455 409199 570074 387270 401359 407081 399341 391960 399380 401627 402319 403145 396055 399884 386978 394363 398870 390792 394879 390483 397344 400766 391997 404421 399748 391277 398167 401919 397429 397073 402371 400340 400208 408557 388984 397635 395369 402108 397666 399847 395782 396406 388261 407686 398799 393840 397773 396559 399467 406596 395317 392414 399675 390107 391475 401456 397168 404131 391288 398329 394943 398180 395272 397041 393548 395501 397355 397437 406841 394140 397218 394277 402598 393242 398977 396640 390717 398534 392466 398804 393239 400949 390346 393525 397726 395795 385857 400636 393485 398004 390892 401733 400837 396691 394577 404030 396954 393240 393158 401340 402669 401830 393663 380548 390145 383733 387128 386039 389577 396655 387879 396604 393102 386649 393362 386693 393458 393604 399889 394994 397923 392113 381894 395502 390708 391548 390141 388856 395764 391928 396352 390910 398439 393513 393330 403038 391678 392624 393112 394533 386866 387515 388732 391114 398559 389322 393215 390747 396297 392421 394228 389830 393476 393323 395633 387727 394089 392339 394217 392299 386495 392688 388705 392101 403187 402654 392055 391591 394259 397882 391190 388572 391936 400259 398338 393622 396058 389345 406780 396106 391855 391277 403110 391440 392935 391398 394559 392789 395148 391704 393461 394983 389694 387793 389404 387332 389924 390588 394570 391689 398237 389673 394098 394231 395330 401205 397565 404673 395293 398464 403963 393949 391489 398688 395372 397891 397600 407536 385768 397046 393822 397216 406226 394226 391762 393723 395752 398171 398320 400502 395528 389561 400825 392951 396348 401183 393173 400725 393766 393615 394828 400181 400958 399066 395862 392504 392519 396740 403997 400531 398340 398436 403500 400688 402744 407816 398150 405738 390239 404531 404103 403040 396586 398246 402253 401958 400102 391650 397211 391047 409616 392343 393799 400248 405974 399961 392373 407944 398742 408101 404502 394277 393464 404244 406169 405033 403082 393004 392829 388684 402988 388680 396776 395406 395026 403137 395214 573562 401651 408439
391620 408966 572258 388236 401591 403828 399242 389196 398915 400794 401181 402998 399726 403166 386681 398914 396851 390493 395293 392162 397346 401880 398118 397698 398100 392140 397308 403858 397742 401634 402583 396595 398665 412005 391828 403919 396224 402797 401535 400830 400436 400835 389794 411716 399039 392071 392606 397606 399211 406456 398517 395370 401859 394854 397418 403934 398909 402704 388139 400766 393118 399309 392944 399308 393572 393210 396091 399816 406378 396814 394770 397461 403557 393647 405677 397456 393807 399222 392279 397760 399482 399296 395397 393625 396778 396287 389615 405195 398612 399927 395496 402337 401388 396818 396067 411279 395297 397589 396733 397242 404446 404786 395764 383663 396324 384505 393485 393573 394205 393587 391562 401803 395328 389073 389992 390913 392051 393785 400271 392275 402061 391703 383981 405020 387599 394837 387832 395330 398519 391050 395171 390922 398634 395486 390771 401148 388944 395095 393111 392559 388153 389421 389547 395294 400532 387133 392900 389197 392238 389262 397260 387766 391819 398199 390819 392289 395729 388735 398327 389733 388732 391757 388752 393770 402412 401033 392098 385578 397475 394499 386244 387075 392918 394337 394520 393457 393447 385800 407709 391883 390662 391498 398772 390362 393561 393993 395390 394313 395929 394859 392150 394857 392614 389739 387554 388038 384290 389721 393326 395628 398389 387951 390752 392225 395150 403517 399329 397951 390984 394822 403851 396613 391073 394144 393220 399102 398551 409242 388107 398638 392808 392200 403075 397403 392764 387835 397973 396536 392753 393206 394403 390376 400932 394772 398245 400315 391637 404870 392766 398606 391883 399237 398834 400662 394651 394350 394067 391931 400494 395184 400235 396355 406296 401354 404411 404102 397448 408307 386871 405924 405214 405548 399921 389978 408087 402831 399341 394316 399234 390283 408468 392576 389959 394384 404992 407078 397386 409932 400443 409150 402442 395024 396384 401647 400330 405712 401708 391584 399223 390800 400032 389231 399239 392767 392210 403558 397392 573064 403642 408001
387920 406143 567894 387216 401177 405330 403554 386906 397340 395458 401636 401804 399895 396940 388058 395441 398993 389267 396061 390691 395611 398682 394440 396569 400759 391134 398857 405227 397780 400490 403526 398727 401093 410373 391200 399253 389851 403074 395961 401297 399205 397672 387145 404988 393991 393455 387503 396657 399638 408451 393111 393254 406179 394634 396804 400775 399420 398508 388729 397416 394775 400882 396603 396971 393894 395588 393436 399622 407489 391471 395648 392583 403022 395164 400452 390787 391415 401582 392718 391842 393190 395728 393221 390581 399771 395796 390659 401829 397588 397932 398514 401473 402346 399229 399489 408774 389067 393726 395536 394591 409432 403782 392344 382962 396780 387172 390108 387304 397231 396027 391500 395774 399192 389329 391396 390460 392511 388869 399730 393485 400754 394472 384799 399906 388173 394847 387787 391613 399779 390249 399250 388916 397177 391972 393217 402429 387510 390833 391109 396121 393128 387625 388116 392186 398992 389257 389223 388965 396108 391758 394816 387672 395544 397202 392774 388264 399788 387418 396065 388722 383654 389735 389389 393333 406222 401310 395022 387790 396892 395801 393638 391941 391340 398926 400237 391236 394640 390963 405810 396620 389655 387116 403021 391161 393114 389801 391786 393323 392920 389149 393731 392877 394776 389924 388642 386911 388840 390272 392147 394487 397333 388251 391415 390683 391192 397674 396576 403108 394335 398181 406297 394744 389617 394813 394765 395469 400098 402394 385599 400147 397775 394896 399161 397214 393709 392216 398081 396847 395741 403423 390759 390916 400700 397158 400159 401870 392806 400385 393818 397253 392717 396346 397512 398767 400137 396943 392325 393854 404399 392592 397455 399077 401173 403918 401168 405367 398454 402524 387784 396483 403473 401438 397988 398012 405011 403219 399038 388906 393576 397201 411072 394109 392426 394666 405332 400092 397264 409250 403074 408781 403534 393204 396475 401985 403272 404482 398323 395404 394331 393920 397715 390220 396000 390437 396981 408471 401482 576756 407155 401828
392061 406952 571193 385833 399250 406780 400213 389095 397121 397640 400559 401027 400311 399468 390252 394604 396121 391153 391632 395485 399013 401826 392298 399829 393914 389373 395596 404185 396893 396640 402294 400356 396579 412076 388102 404008 391731 401210 398040 400464 400055 403860 394000 409877 395280 396816 385725 393649 401354 405515 397591 398298 401694 391466 397381 402913 402754 404000 387011 396161 391115 403165 399332 399353 396275 395210 395266 397819 408539 392814 394891 397234 398888 390237 404976 395245 393941 397381 389208 397753 397345 401001 397237 394958 397654 398072 384661 406129 397955 400502 394412 399190 397711 399377 395127 410219 398047 397754 392322 401306 406782 397877 391219 383465 392056 387148 391950 389163 393219 395492 389244 399800 393092 386990 392383 393010 393092 391179 403734 392811 404105 391989 383862 403441 391630 395109 390084 393488 404005 392057 393162 393929 399518 393266 391691 402878 394362 394418 392908 395574 392952 384799 388331 390654 393344 385159 393221 390487 398527 391114 393331 387744 394449 398742 391662 392310 397156 389608 396610 385804 385432 389988 392490 395478 402973 399266 392583 387697 392818 399668 391384 390460 392968 398614 396328 397158 394254 388081 405242 397967 395219 393093 402161 387772 396274 389675 395475 390035 392856 388117 390272 393729 391521 388807 391015 384329 387632 391070 394721 393035 397387 384329 387735 392880 393037 399619 398039 398357 393788 394039 403957 400793 391226 395041 397921 396617 391255 403687 387579 400079 391083 394465 401334 393081 395011 392362 400854 400113 397079 398112 391974 386199 407477 399595 397690 399298 391307 402929 391636 395716 391858 397611 399486 394192 396782 394146 394606 393546 406184 400251 395834 397664 404866 403900 406350 403726 400043 404889 391977 400638 404503 401574 400034 396226 404143 401050 399019 394009 396038 392622 411138 393016 395218 394521 403315 400851 395652 407839 404088 406705 404137 392324 397836 400899 405453 403904 397255 391381 394295 390530 402344 387200 397739 392447 398399 407231 394996 572665 398149 404726
394175 405378 567868 387255 396631 405654 398309 389288 397607 402643 402854 399190 397208 402457 387004 393216 396879 390443 395948 395890 396515 400541 393845 400062 395099 391163 391612 399549 395670 397477 406343 399141 398774 413641 394013 400948 393590 400212 401294 404763 397761 399931 392215 405784 395623 394038 392408 396216 395449 408430 396181 396641 402291 394246 396212 401265 398417 401459 388049 398930 394281 404813 398233 401027 393470 396906 393795 393478 406320 393522 393334 393678 403378 392526 402573 389884 390214 396517 391642 395581 394835 403368 390826 395274 393440 392941 391440 404924 393432 398877 399150 403443 402268 399420 401003 409519 394901 397442 394303 396492 410320 402254 397098 379903 399288 386333 392588 392499 398096 395946 391125 402110 401875 386704 391220 390293 389478 389380 400825 396160 400035 389448 386444 400726 390537 398482 390372 392676 399555 394455 399308 390601 396776 393340 390509 401503 389897 389402 394099 395877 386584 391461 384976 387337 397227 385960 388402 393355 395980 391335 392541 388625 391948 394493 391601 388977 398901 389872 394308 389683 388945 389704 388202 391638 404786 402079 393950 387877 395574 395067 389987 388680 391955 402106 394468 385336 394191 386422 403828 392073 392065 388498 406535 388186 391457 391084 395714 392072 397039 391335 390203 390013 390881 389396 392867 389166 385782 390298 391004 392773 398038 389109 393585 393127 391885 400011 394131 403967 390322 394932 404477 398827 392347 396235 398755 396994 394965 403664 384871 395712 393175 397052 401535 393790 392417 394835 396086 396787 396620 395864 390787 389202 400846 397092 395392 402814 392549 400238 395117 395832 396332 396519 397622 390960 398246 396201 391612 394778 399653 396181 400206 395114 405915 404669 406358 403201 397556 403841 388945 404531 405220 402860 402640 396664 398271 405798 401231 393798 395191 392836 411284 399309 392837 394320 404343 407049 392712 407661 406839 407149 404822 397185 399149 404724 404290 404809 403264 393339 395459 389077 398929 391608 399463 392305 398332 406022 394693 571897 401307 409133
392440 405168 573082 388584 402880 402923 397311 387428 398718 400876 402263 402304 398481 397477 386214 391198 393453 385632 395033 393168 398568 401968 396527 404147 394944 393737 401113 402018 395496 398105 405231 400292 397253 408356 389608 401838 394089 398492 398372 400998 396483 404484 390876 408307 390853 389496 393929 392049 399491 410843 398882 394362 404354 395090 395343 395991 398530 402288 386516 401417 398441 400760 393038 398077 393699 391614 394118 396569 407009 393902 394490 396254 403021 392732 401863 393731 393079 398728 391054 394062 395738 396126 393543 392395 396762 396227 386968 403903 398648 398089 393317 403399 395317 402984 395962 405837 395145 401266 395990 401402 405898 400624 390345 384158 393596 389268 388740 393563 396473 398311 392729 397791 395961 392685 393242 397161 389995 389398 403886 394677 398465 397265 388453 403063 395644 397631 392607 392214 399764 396032 399752 390270 400544 393202 391514 402996 390989 389696 394080 398412 390929 387769 389623 387925 395007 386533 392927 390457 395770 390177 393034 390965 391831 399064 391741 391188 396351 389193 399120 387544 389045 389968 390237 393124 403837 400450 392501 388484 391307 395024 388921 384504 392511 398402 394962 393640 388587 387139 409507 393332 391285 390947 406254 389605 395551 390051 394246 392912 394838 389774 390159 391565 389142 386382 388543 386245 386747 392960 397873 388084 395457 388589 388185 394696 394243 399210 393953 401391 393989 392981 401930 401598 391773 394356 395607 394091 395034 406247 387958 394387 392534 395920 398809 393976 397352 393346 397960 394682 397045 393737 387981 388538 401633 393207 396884 399529 391174 400265 394601 389957 397931 398847 396819 396883 399238 388292 392669 390891 409023 396827 397082 397033 407717 399199 400678 402649 396557 401762 388399 399706 403156 401382 397967 398522 402499 404875 404197 391457 395582 392210 409315 394932 393092 396128 401138 405733 393637 407870 396346 410555 400002 394494 396340 404175 402526 408143 397822 393612 397724 393072 400923 391285 395326 389602 401141 404378 394934 574350 404655 404838
390847 404999 574323 387778 398977 403420 398248 394480 398610 396096 402413 399917 399960 401549 387482 395993 399045 388518 392474 391668 394192 398120 396193 402456 388804 386936 396289 401803 395097 397088 406647 399693 399216 410118 393426 405164 394723 401198 398844 403485 396737 401607 393541 408507 396580 393880 394020 397342 397569 411489 398871 392903 402294 392345 396787 400686 397292 398689 388586 396037 399519 399002 399055 404486 393647 394478 395432 395882 406152 389426 396573 393356 399635 391414 403845 396255 389853 396488 389593 396593 397143 401018 389370 394507 395618 401167 385641 401670 397521 401261 396182 410851 398328 399864 402826 404582 390843 395250 394301 394360 410301 403373 393022 382693 389620 388180 391613 390570 393235 395334 392383 401827 399045 390323 394856 391265 391464 393251 400796 394046 407565 393463 386564 400994 388252 390111 390482 393209 399611 395824 394574 391435 395881 390509 393516 405747 393623 392978 394342 393455 395544 389098 392024 391095 398212 387042 392164 386992 396103 385617 392930 389159 391648 398010 390914 390989 399495 391283 396311 391342 383610 389180 389553 393813 400182 399319 394280 389685 396428 399078 391099 389381 393192 396873 395036 392869 394631 391297 404183 391986 392064 390998 404132 390162 390919 392128 394114 393296 394024 391033 393129 393372 388791 390923 389302 384105 385662 393109 397491 388324 398802 387244 389087 392389 390518 398388 399321 404828 391681 396326 399926 394453 393178 393493 392972 395051 392267 404147 388836 396556 392201 392450 395703 397256 393952 395748 396632 396738 394548 396351 392029 386688 406087 398810 397194 403556 389727 402848 391867 392863 394863 396994 399524 397693 396618 393069 390982 392057 402267 398661 399377 396906 411719 403459 401997 406338 400863 404517 393253 402822 402061 406086 394972 395827 404536 399716 397400 389821 394439 390810 407659 395160 393927 396644 407490 401038 398464 408228 404143 407530 404129 395965 396494 403170 404647 406833 399239 395359 392008 387375 402058 388642 396617 395352 397142 399160 395271 570984 404537 405456
391190 401489 568718 384355 398957 403921 395968 390286 397345 399085 398373 405057 396685 399657 390497 394461 396162 388647 391111 393134 392973 400167 390916 398621 398162 387274 404201 403427 396057 399222 404261 396822 395077 409856 388101 400124 391253 399409 399047 401124 398828 407064 389888 405406 395244 393817 391919 399163 398161 403143 395270 396435 401164 393648 395320 400222 399379 399967 390152 399873 397514 401110 397548 396641 399726 395031 392634 394481 409148 397364 392932 397427 400880 394259 402361 393076 390733 397433 389317 394682 398089 402267 393399 392466 394433 396132 388023 404250 399800 397022 393831 398514 395407 395308 395985 407522 398384 396902 394125 393766 404837 401373 393844 381429 390807 385084 389303 386258 394946 398468 390410 399356 397543 389435 390708 393239 390231 388184 403281 391693 402610 389852 388540 396690 388215 394843 390566 395228 401971 395541 396302 388167 395738 398133 394271 402553 389723 390689 393114 397308 391820 389190 391962 390132 393049 389803 394443 395272 391990 390599 391828 388280 398203 395871 398507 390036 399411 391644 400460 391836 388220 386866 388595 395025 402910 399884 390636 389471 396363 395962 389665 386934 387546 396401 396827 392105 397570 385707 403939 390714 393586 393133 398364 387501 390713 388628 388501 394974 396056 390476 392251 391295 392139 388229 392721 382434 386471 388319 393950 389044 397326 383267 388871 395502 392700 397956 398708 398886 395189 393555 404487 397850 386226 393967 396487 397838 397046 403105 389208 398355 392131 390628 400372 393950 397487 391841 401048 397568 397459 399352 396164 388460 403139 394400 403216 401379 389801 402954 393737 388237 398278 395412 400018 398787 396322 393459 393038 393789 402095 396352 396355 392351 404323 403738 408254 403832 398351 404492 389963 407559 401338 403116 403650 397827 404283 400793 398557 393429 397332 394997 412276 394235 394540 399087 404528 401435 396924 407605 400550 406851 408029 397270 398865 405579 403232 406408 405510 395519 395416 391768 397622 389798 398044 394127 396426 404996 401476 570638 401859 405558
390721 405100 569030 392054 399635 404667 394743 390334 398128 401861 402210 403221 396339 401093 391284 392341 396499 389918 392458 389701 392676 400403 391869 401357 395983 390244 401194 402448 399175 399806 402428 401675 401426 408022 393149 399757 399303 397127 399527 396918 396895 406059 388155 409216 397733 395608 389781 393281 399841 411510 395688 395158 400475 395388 396809 402356 394839 404096 393353 398925 394599 402549 400469 397960 395702 392349 396676 393285 407002 391649 393052 397025 403410 396169 401346 393638 393318 398789 389077 395580 394258 399018 392958 393553 395638 395045 385966 403706 396504 397117 393868 403001 398755 400527 395416 405457 398943 396408 391893 393425 409059 403222 391649 382638 398869 386913 391622 389408 395198 400212 392975 396235 396584 391652 390638 391933 389385 388178 397298 394003 404191 393813 385152 399276 396008 394259 394020 393366 397790 394433 399036 391636 398485 396460 393230 404139 396274 393001 391368 395103 388124 391291 388258 392928 395690 387069 395104 388956 398088 391036 393343 390666 394329 396212 390953 390328 395904 390397 396745 391437 386736 390358 389120 391357 402115 398731 390508 390626 398325 394088 389860 388400 391119 400038 394299 387740 393726 386169 409646 391708 389189 389964 402380 389396 390321 388196 396195 392941 397932 388685 390788 394536 390458 389761 389235 386615 385987 390627 392846 390669 399274 386457 391841 391437 390912 399472 393347 396186 391506 394342 409063 396558 393203 392665 394866 392839 392483 402813 388043 395090 390922 394503 399181 392639 393615 392553 398382 398310 395518 398603 395432 388109 406955 394707 394357 398558 392292 402931 390808 396969 395884 397326 402157 399446 397953 393072 392944 393858 401669 399260 399388 393945 401722 398374 400172 404253 400990 409898 387851 401175 402650 401749 399285 398666 403349 402071 400589 392756 397407 391460 414970 393615 394241 395728 402146 403218 397346 411686 407672 409866 406443 388793 398900 408227 402531 404345 400674 394881 392608 389082 398518 387385 394332 394837 396708 407648 401560 570303 404138 409264
390149 404223 568094 389362 397817 401967 395397 390703 400110 403567 402616 399703 397013 399057 391868 394328 394880 392482 392769 391751 394987 403358 391654 398074 394496 385702 400051 398702 397385 400414 403584 403383 398275 410667 393843 398617 389325 400079 394078 399123 396264 399209 393501 411944 397262 393706 390852 394581 398070 408171 396129 397324 399329 391796 390021 401471 396117 403165 383112 399389 397607 400839 398846 404732 393946 395840 396064 394181 402254 389444 393747 393025 400743 394009 403616 393569 394260 400615 390630 394274 393531 403262 396256 392889 397025 394663 388106 402659 392300 398733 399662 401834 396489 400033 397785 406979 395539 396515 398746 394536 403908 401984 393498 385665 394724 381518 389165 390189 396083 399355 393102 396348 392974 390647 389204 390600 391473 392009 402415 394566 400195 394069 384594 400921 389442 392807 387756 392884 395680 393635 402529 388820 401326 393923 393214 405481 390350 394863 394214 397903 389398 392586 391072 390700 393366 387630 393249 392375 399384 393032 395540 388151 393404 396265 391306 386737 398912 389174 397637 397207 387210 391804 389613 394712 404509 397858 394574 391119 391587 397235 387458 388696 391247 399057 395093 389520 393792 388289 406013 394707 388714 391699 400327 390536 391681 387863 392749 391595 396067 389447 394933 387972 391179 387710 391082 383749 386406 394366 394310 388265 394768 386340 392328 392118 388591 403185 397272 399924 394218 392610 402500 395925 387648 391881 398621 399286 397272 403881 387047 397146 394178 393802 401060 397955 399073 395312 394873 399023 392555 395138 393647 390332 407596 392380 398230 400910 388218 407137 392053 394055 397579 393634 398262 397406 395799 389524 398059 389308 402367 394861 399162 393748 400578 402086 400411 404565 401360 404789 389656 403185 407290 400457 400895 399949 406986 404865 402088 391538 396616 392799 409921 395028 391078 394777 401901 401120 399253 407865 408123 403562 404202 398321 398449 405667 401284 407444 401852 393067 396917 390099 398165 387059 399596 394482 400106 402508 399240 572752 406694 408822
389578 406354 571183 386184 399524 403924 399740 390513 397134 399142 400224 398758 396111 399632 390672 395298 397728 383415 394937 395220 394960 402262 393594 396682 397850 389671 397926 400968 400272 399669 403211 397057 396388 403352 387124 396586 391753 395542 394729 405099 394734 399040 390858 405405 396509 391976 391292 395270 400488 404260 394335 397838 400283 392055 394809 400517 397676 401042 389356 399022 397227 403006 397449 396628 396511 393621 394975 398631 403772 389999 392170 395178 401269 398818 401861 394105 392887 397631 393172 396642 394317 397849 394529 395447 397468 392585 388464 404420 396058 402345 394897 400467 399676 397636 394209 407268 394755 395208 391785 393985 406447 401808 394171 383700 393975 388448 392420 389445 394138 401649 391034 399045 392940 390377 389494 386842 396427 391045 402542 397135 403335 390639 388628 399310 387877 395144 390148 393880 397837 397680 392367 392321 399569 393024 395635 405908 393724 389375 394734 394484 389485 388273 390223 394392 391648 390996 392599 396379 394272 389624 394671 389756 394618 394180 393060 389572 396974 392702 394299 387955 387225 392282 389132 394295 406557 399863 394542 389951 394550 397870 390864 385626 394944 397171 395471 392085 391975 388506 403514 390805 390516 385308 398819 386366 394253 389542 389049 391856 394143 392419 389313 393656 389427 385465 392792 386184 383720 389138 394635 391740 399252 386113 391943 392897 391514 398992 392965 403368 392186 399712 403652 391856 390916 393341 395817 396189 390523 403782 384801 397751 392807 391875 397369 390974 396737 392213 394847 400580 393345 398083 391529 389558 399760 396233 398689 399021 388875 398365 390655 391899 394966 396608 399950 398728 400526 387841 390862 392755 404116 397466 398744 396204 400602 404088 401188 405097 400029 406575 388268 403185 403877 400979 401902 394797 404294 407646 397961 391866 393397 390444 410349 393153 395539 398136 402175 397685 396461 409481 401503 408604 403545 394520 399022 403890 406094 404696 399499 394197 397426 392934 400268 393599 398898 394651 397431 403663 393887 570916 408729 406429
391449 408270 565511 384921 398511 400937 403634 389967 396996 402932 400189 399784 401440 399719 392619 391989 396014 390093 395826 392152 396289 400901 393220 400964 394458 388398 396648 402388 395124 396038 402495 397348 399314 410910 391840 400930 390580 402921 398673 402088 402386 402741 392303 399339 395853 395128 395718 395983 394114 408324 392920 397513 401037 392142 395908 400770 397780 402375 388402 399870 391431 404412 396483 400791 394104 393380 391202 396618 406699 391608 391505 393238 397057 393721 395451 389699 386693 394923 391324 397026 393890 398748 391866 393963 395611 396616 390284 402076 395559 396061 393486 399370 397985 402623 399183 408011 398002 399701 396748 391279 407003 399189 393829 381553 391573 388577 390489 389364 395717 399241 388606 400603 395332 390584 387383 387730 391964 391429 400472 394778 401035 392942 385880 399917 392670 399572 386053 391798 396822 392545 396344 390173 398524 396207 396204 407720 388472 393033 395703 395593 393379 389370 389926 393128 396754 388308 388954 390274 395568 394124 396469 391206 392177 396854 392966 389675 397313 385570 399489 387377 386106 386030 389783 388707 402169 399248 395206 386697 392912 397447 388008 389543 389774 400303 394090 388632 390498 388902 405065 390154 392011 389554 397457 385050 391711 388436 394560 389804 394167 390306 391652 390316 387990 387643 387984 381899 389557 388747 395684 388457 396267 385981 389188 395038 396122 400476 393999 398642 393092 393836 401731 398737 390297 391023 390787 396190 394132 405521 383136 392756 392846 392294 397621 393843 396088 392508 394421 394238 392892 394873 389217 396138 394510 395876 397775 397377 388924 405771 392563 390688 393988 396409 394237 399253 395678 396801 390716 395489 403250 396167 395403 397275 401438 399027 401826 403776 401258 406217 391970 403976 402462 403166 395958 394856 404112 405512 398783 391653 396545 392089 408462 396437 391561 395179 405347 399552 397264 407816 400335 406674 403891 395980 396255 406887 404814 408635 401345 395530 392818 387924 399934 394417 401583 393582 395919 405177 398846 567422 405827 404308
393733 405802 568406 387135 398786 405208 392925 387785 396930 399846 399028 399694 391632 399571 387961 393978 393686 391057 395092 395126 392693 402912 392089 396384 396480 389860 396450 402617 399210 397590 398868 400663 399973 414399 387134 395756 387802 399704 400131 396874 397628 402756 388767 408893 395312 394420 386945 395608 400689 407949 394854 389853 398211 389242 397639 401005 398966 400200 391061 394696 394303 402659 394816 395061 396179 391067 398642 397475 406748 389680 396485 391713 396718 390969 401204 391764 387947 397997 390617 394641 396880 398433 395586 390762 392985 395213 389969 401079 394017 398519 395401 399094 398248 401496 398991 404470 394163 394243 396866 396580 410238 401761 394714 382777 394783 392660 392051 387559 395866 399065 389151 400564 391082 390994 387650 387585 392930 388043 399111 389462 402736 393078 387135 400749 392882 393503 392070 390656 395126 393244 398171 391457 400427 394263 392038 401816 394115 389583 394739 395483 391569 396627 387844 394837 395652 388856 390839 389717 400941 392874 395176 392732 390433 400004 394726 387876 398613 387074 398360 390067 384654 390271 387858 396412 405036 398630 392818 395654 395706 392850 388439 389664 390537 398014 393424 388804 392007 388577 403565 391477 388360 389286 400151 390786 389108 390145 395117 391888 393645 386714 387620 394923 388722 385917 392043 384882 386069 392131 392549 391635 401735 388130 391873 395276 394279 393239 393390 399032 389593 397891 404794 397852 389970 398036 393509 395851 400062 403635 385470 393655 392622 393911 397258 394515 390535 393191 394825 397339 393976 395337 388087 388382 399269 395121 397591 399321 391834 405111 391702 390511 392996 399371 398939 397915 393881 392269 388033 396924 402706 399177 401021 395040 405486 401331 401890 402714 398808 405183 391540 400765 402003 401319 398282 395533 402342 402670 397965 394969 397579 392468 412424 394165 391330 397538 404210 402805 400127 408350 398702 408169 403684 395542 395967 407417 405327 404344 401109 395865 395587 386625 403875 388708 398139 392228 395791 406785 398329 575895 404931 410554
392490 409775 569064 387936 400435 403108 396636 388837 396680 400699 401818 401130 395564 398233 390312 396126 398424 388784 393528 393183 400758 399861 392406 402772 397933 390890 398475 401887 396365 399406 404735 397329 396750 412767 391105 398844 393332 399859 394893 402375 399301 403255 386259 408460 396390 392757 391768 398942 399032 405930 395130 395826 395388 393272 399222 400208 399266 404256 390836 398768 396557 401597 393293 396688 388711 396386 393643 395150 406619 393101 391739 393929 401311 395648 399778 394891 393136 396925 390021 395869 397566 393301 389971 391126 392517 397451 386766 403385 396831 398383 394901 400856 398636 401059 397640 410268 397091 401158 394757 393772 404681 401262 397502 383067 394811 388579 390709 391612 390646 397096 389527 404291 394308 394630 390653 388212 394438 391824 403458 394187 400671 394234 385827 400940 389764 396440 386849 394831 401531 394409 398429 394159 393874 393379 391051 400118 392482 395321 396572 394808 389057 389247 388999 393671 397269 386293 389188 389795 399833 392769 391340 391009 394348 396829 398453 392008 397083 390985 398143 391369 387637 390979 387097 393189 401618 397877 393910 388929 395669 395616 391727 387558 391082 399260 397308 388441 394056 390005 404149 395471 390061 392092 402827 388001 389278 389236 393189 392629 395840 389630 389457 390018 387386 388901 391674 384127 386553 389542 390514 390016 393340 390172 389842 395334 385824 401561 391019 396285 394017 396556 405032 397712 389302 393784 392988 396025 396896 404604 384429 392727 392168 387911 398440 393629 395425 393608 393493 397413 390023 396908 390781 381648 399593 395366 398051 401830 391342 401363 393884 393883 396783 397760 398207 399003 395330 392885 392703 392325 403395 395062 395653 394531 405837 404996 400920 404875 398715 407827 389176 400618 403614 405708 398070 393294 401617 401786 401479 393936 398018 392147 411745 394633 391522 394585 406809 403352 397306 404563 395617 409957 405392 396541 398720 406984 403837 407137 397730 396063 395837 387823 399901 389568 394064 392829 396829 405474 396839 573293 400810 407304
387369 406596 566206 385277 399699 403686 397703 389651 397925 399014 400533 404377 397483 402854 389560 393887 398767 393461 395443 391058 396368 398161 396801 402668 395999 391415 397385 399278 395895 396203 400681 401827 399862 410219 389317 396553 393132 399942 399785 401248 399221 401152 389781 405951 396237 394397 393158 398440 395428 402480 397917 392887 400469 390676 395880 402122 397790 397853 387948 398122 395294 399093 391507 403444 396220 395218 395187 394761 404528 393143 391263 395939 398376 392706 396440 395053 390047 396845 391286 396645 396933 398240 393478 389558 395812 395057 388431 403479 399681 394447 397051 403541 399060 400122 396114 404406 394043 398853 394759 395457 404203 402078 392849 382866 393900 386725 393015 387312 390072 398578 392301 405480 394802 386939 392357 391556 390867 391139 402365 392889 401581 391389 384363 397954 391730 395919 391086 389087 397675 395939 398242 388238 397934 391972 392228 402910 393409 390406 394577 394979 392513 388542 390458 393338 393676 390539 391024 391761 397746 392354 393057 393172 391372 396400 394077 392549 396061 390447 401609 390854 393437 392983 391544 394314 404062 400062 392860 390184 393476 393547 390282 384341 389286 399384 399740 392342 394747 387666 404906 394645 390857 389156 400947 388500 393852 393587 390375 394224 393700 389162 390890 390727 387128 388744 389822 386305 384899 392075 390473 391469 394648 388373 389448 391897 393897 392423 397043 401812 393457 395120 400905 395214 390304 392503 394484 395858 396506 403661 390786 392758 391084 391695 403361 393765 391614 391475 394737 394142 388968 395656 393932 388952 402900 395237 396055 404970 391517 402570 393304 394868 400186 394981 397663 401429 398051 390398 390123 388701 405741 395538 397239 396449 401759 403346 401028 402212 398939 405561 386337 401523 401929 404410 395234 395151 404750 401207 394900 391640 397378 393039 409653 396154 394017 396204 407422 399863 395930 406654 404301 407694 406190 396537 397570 403193 403127 409553 397779 393487 395142 389079 400263 388658 396560 394139 396429 404756 397917 576128 408633 405478
392415 403423 569494 387636 397360 401395 397098 391185 395825 397640 401101 403715 397693 400981 389997 392526 394105 388245 393014 391836 393966 398945 390917 398977 395755 391238 394062 400785 398733 400278 400493 398933 398366 408486 395538 399405 391593 397884 395585 402425 395914 402337 388933 405914 396790 393285 388498 393096 398773 407396 395443 393149 402492 394966 400844 399841 396282 398726 388363 398450 390826 400892 396798 397066 394845 391892 396204 391307 407057 388399 395774 392331 401143 390768 401758 392605 390290 392440 391481 395777 392909 400961 392076 392989 398763 392318 390004 396381 394405 398079 395381 400619 393068 397202 395396 403533 397709 393354 397029 396235 406061 403671 389960 381172 394126 391220 395148 387626 395215 396347 390681 396817 395608 389387 390345 385224 392611 392082 399046 394302 398789 394574 386195 397348 389663 396258 391987 391385 397865 393371 398228 391531 397969 394364 393446 406739 392394 393177 397645 398024 389005 390237 389514 390501 395181 389666 396894 390500 397955 395277 394410 388329 396299 394632 394112 388119 400936 390692 399031 392114 390893 394699 389743 394063 404917 399904 390619 386865 393774 395378 389757 388180 391131 402501 394994 392134 395035 385906 403070 392124 388389 388577 402090 390805 390114 391485 391161 389044 392940 387641 388323 390538 392794 387793 389461 383665 387545 389632 392635 385705 396295 386762 389799 396138 394104 401262 390993 399721 389479 398253 401987 395999 390365 394437 392269 395018 392455 403569 385326 398553 393000 392175 398406 391820 392313 392685 395599 403307 390797 397740 392355 385864 396110 395422 396778 402234 390572 404491 392142 394487 395716 396742 401533 397170 398354 391924 394254 391347 400107 399494 402280 397255 399027 401025 401187 406001 402680 408678 391369 400717 405167 403320 397230 395158 405510 405210 397011 390780 394199 394594 411802 396764 394783 397867 399367 401747 398737 406255 405229 405725 407054 395055 401340 404706 408179 406535 399210 397036 392965 392211 402365 389313 396642 395740 395653 404753 396271 570591 401636 409875
393593 408365 563446 381816 398554 403994 397632 390723 399172 399170 398489 399904 396935 399699 386385 392252 396579 390132 395966 390453 394437 399886 393860 401250 393164 391339 398863 401878 396828 400704 401033 398502 405276 409075 391677 401121 392971 399608 397660 401168 396291 404252 385544 407239 394528 396313 392390 392826 393956 405054 392687 394436 400217 391976 394431 404041 399134 398378 388554 398171 394816 399951 395875 397693 395392 395348 394251 391417 405377 391022 394301 397601 403875 392183 400124 392199 390605 396993 391041 397672 397160 402140 391045 395041 397004 400764 386010 400795 395584 400571 395502 400887 397373 399325 400285 409648 392918 393278 393716 394110 406399 404884 395855 382875 393736 384353 390640 390087 399051 399658 392090 399604 398535 390316 394668 392788 395061 391542 403984 392849 398874 392181 382125 397319 390024 395651 390855 390381 401334 390496 397961 391126 396268 396556 392392 404223 388524 392178 394943 396478 389529 389624 389238 387693 395870 385556 396330 391670 395075 393901 393570 393414 395840 394565 395852 386496 397385 391007 401472 391022 386848 389416 389341 395725 407188 397288 394989 388252 399697 394499 393415 391559 395000 396677 393976 389276 395787 388636 403748 394656 389348 390510 400637 388560 392321 387381 396945 393464 393172 386540 392166 394932 387771 385300 395124 383013 386946 385225 395432 393984 396238 384693 388424 392786 390268 399436 395685 400968 396047 396233 400759 393983 388613 395658 394122 399657 397103 399104 388559 393756 390331 392046 399132 395259 394562 392375 394351 397057 398634 398499 394616 384989 401037 397858 395290 402934 391951 404095 393468 393597 395053 392745 399707 403440 395806 389984 390190 388396 403310 396994 396462 393288 401408 400345 401696 401269 401278 407362 388121 398829 405804 402680 396924 396358 401138 402161 400561 394188 398569 393178 411213 395180 387416 400307 402580 401626 398958 404709 401260 406034 405747 397824 401461 403879 400510 408732 402865 393743 394087 391275 402972 390223 396720 395308 399599 402874 394586 572573 404688 409401
388542 402385 564412 385359 396905 402805 397257 389602 395967 397467 400597 398212 396379 397791 386497 393626 391814 390102 395577 393441 392042 402933 394708 399187 396485 389873 397247 402322 397661 399903 397332 395249 397349 408158 389110 401999 388480 400009 396653 398070 399728 401509 387777 406365 397077 397286 391738 396080 397281 402966 392984 398038 398742 391354 391574 401683 394124 397689 388312 396586 392506 400752 395986 398557 397019 391697 390220 399055 403163 388111 391047 390304 401518 388424 402467 393045 393373 393516 390696 395835 393230 402867 388995 392759 396460 395774 386827 402659 394749 397301 392383 396955 400475 399687 395715 404940 390715 397495 392100 394788 410562 401854 393074 375997 391246 386967 387380 392446 392168 395549 392739 400080 395403 385955 388281 389772 392845 387509 395722 392972 401251 388657 382411 401452 390044 397891 395489 391600 402557 393480 399425 391596 395322 392190 393813 401469 388911 390333 392057 392856 386621 391366 389548 393460 393741 384483 389379 391484 396115 390110 397204 391532 392200 400867 392531 390450 399260 394304 398024 388376 388989 390012 387956 390712 404862 400216 394162 390139 396627 399770 390931 390237 394104 398130 399847 391910 393740 388431 407382 393502 387295 384869 401182 390888 392078 391571 389899 394381 395230 387943 385712 388087 392755 389096 392216 385463 385548 386023 391888 389518 401610 384156 386402 391984 390472 397752 394264 400914 394019 393859 405831 396050 387878 392803 392129 397042 396341 407211 386476 394379 389622 391686 402256 391022 392092 394061 394860 398000 393333 395017 393561 389332 400657 395762 397025 397025 393626 405634 393689 395470 394046 398475 399852 396845 394952 395977 393513 391072 399201 396983 395142 393918 405355 402364 403068 407243 402972 404630 388239 400507 408262 400457 400081 398832 400894 400882 399096 390887 396107 391825 408066 395346 389275 398410 402562 403317 399146 408374 401582 408627 403884 398962 399886 404749 403771 405178 397811 393960 394138 389855 403920 393722 399065 393642 397190 404400 396728 567087 404348 404305
389855 405793 568355 387157 396234 407345 395504 387413 394926 399479 400638 399521 394273 398920 388791 390970 399970 390567 393573 391729 396557 398230 388265 398388 395446 389615 399438 400690 395930 395278 398056 395908 398731 405359 389554 395699 387803 397820 396501 398117 397020 402640 393129 405863 401530 395698 390847 393293 393872 406640 394112 393804 397203 393844 391268 403172 398562 398490 386544 396534 395157 401507 395706 399670 394822 392616 395818 392437 405576 394763 394374 396877 399322 390746 400176 389903 389912 396422 391263 393685 394294 397381 395219 391087 396194 396656 386745 401837 394998 395388 395737 401037 394946 397216 398463 407941 391978 393079 393430 395680 408055 397963 391383 378408 397109 386736 386998 392772 396962 398704 391732 403463 394927 389536 388814 392832 393453 393365 402640 393408 401153 395777 385178 398342 390726 392076 388338 394416 396014 392104 400954 391725 396956 395096 393755 404959 390726 390094 394661 395802 392144 389788 390132 391852 395837 388342 388621 389088 394779 394897 393477 393082 389511 396777 397542 388063 400257 388781 400316 396567 392480 393894 391489 392236 403938 398850 397588 391210 397027 395500 393806 390526 394188 400004 392717 388645 391013 393153 405517 392227 383583 390600 399720 390789 393311 390745 392330 391720 393117 389984 388638 391183 388462 388023 388620 384784 384338 390155 392693 392422 398050 384809 389282 391512 392973 400503 395016 396536 395989 396246 403686 397212 388977 392413 390738 395360 392633 401159 387752 395199 392939 398170 405167 393788 392144 391288 395909 396872 391454 393320 394075 387862 404376 394778 395826 402599 392763 399633 392104 393163 398017 396261 396889 393480 398549 390448 389339 392370 403161 394185 401328 394447 405731 401568 404415 405753 399591 404218 387887 403093 400865 404530 396936 400625 400191 402665 402678 393223 398827 390367 411185 398281 389631 398967 404732 402783 399496 408635 401053 405592 406788 396312 400123 409258 404269 404982 400580 396554 392274 391678 397007 394410 400866 393602 395347 406774 399461 570439 403962 408167
387680 404437 565869 385330 395989 406177 398529 389847 394985 400577 395105 400432 398658 398221 388755 392016 396091 388580 392250 394542 395303 399172 389456 398293 399468 390927 397955 399597 400129 399141 402249 398509 399347 411874 393194 394329 390127 401451 396356 400057 396992 400460 388479 405037 395637 394760 389485 393261 397556 406691 394263 394718 402149 394784 390823 401381 394318 399608 385216 398432 394395 399487 396970 395628 392153 390790 394069 394247 406256 394278 391892 392022 398868 393498 401375 392696 393692 399500 390675 394563 395595 396780 393464 393254 396670 396680 390292 403027 398383 396464 394185 399097 395901 399347 396931 405319 392785 398401 393452 393750 406729 399227 391805 385324 391289 389345 393387 387449 394723 396424 388150 396592 397857 386781 390383 388679 391321 387902 398281 394216 400535 393909 383591 404829 394750 392232 388885 393581 398887 389006 397301 389162 398540 392021 394533 401552 390507 395259 396156 396969 386984 390299 387903 390654 397411 388216 393046 391811 395895 387983 393809 391689 392979 396550 394407 391146 401273 390979 398721 390951 387256 391446 389841 394784 403999 403217 397815 390441 398455 394938 390645 390323 394890 394948 401704 393299 392951 393892 403542 393239 393664 392334 403268 388968 389492 390468 395214 395207 393271 392355 390807 389494 385218 389002 387505 385911 383400 391710 392741 388669 401405 384404 387135 387696 392653 403233 397491 402576 390491 392419 403735 396711 388829 395565 394320 394604 395806 404347 388841 394723 390948 393718 404863 393775 392490 392984 397987 396524 389821 396587 394797 387954 399807 394618 397002 400798 389390 402237 394627 392599 396485 396091 400634 394434 396741 393439 387753 391873 402534 395973 394001 396055 401207 402482 403285 405505 398383 406231 388904 402102 403836 403617 397641 396582 406901 399573 400460 393209 396781 395890 411905 394748 392683 395909 405032 402381 395823 405133 399102 408627 406455 400387 399983 405500 408639 409536 398465 391742 395867 393277 401552 389046 402141 395764 394515 407602 396634 572653 407228 407828
392104 405195 568324 388335 395767 402884 396274 391412 394717 396907 399745 401347 399349 399785 390567 396698 399140 389098 392835 388336 392870 398623 399193 401609 397583 390808 400629 403166 397860 399480 401008 396914 400689 407685 390094 399545 391131 398053 394439 400177 397247 403984 390989 405654 393612 391305 390431 397869 393474 405928 394869 393898 396968 392350 394286 401942 397719 401157 385792 396882 392112 392997 393537 394001 393442 395885 395171 394699 405693 392202 390504 394390 404696 391305 402126 392929 390304 395002 393270 391069 393198 396291 395159 389739 388990 392552 384658 402724 395729 394352 391824 402384 397148 394973 394894 406086 396575 392596 390152 394556 403485 399177 395243 378786 395868 386777 387845 387202 391765 400751 390253 402366 397714 390084 390582 391640 392599 390395 401002 394330 402420 388513 384987 401216 390546 396453 386083 395084 399245 392226 398692 388641 400128 397442 389640 408985 392209 392128 392182 398298 391773 389608 389348 393128 396569 389170 394608 392313 396978 394049 394989 390461 393779 392765 394906 388848 399326 392629 397667 391149 390147 393270 391325 391631 407049 396962 390364 395095 400418 397552 393172 387352 397395 400403 400624 395289 391134 388713 408166 395753 394960 390511 402391 389065 392250 390078 394295 393999 399186 391968 394834 390278 389642 388315 386129 382891 384318 386627 392905 389314 396635 388906 389337 392600 391084 401334 395556 397709 390828 399117 402520 394445 390565 396476 392225 393383 392100 405414 386752 395694 395595 392132 398233 395176 395847 397006 402491 398575 393859 393579 392211 386832 404448 395195 393837 400588 388935 400025 390033 397125 390178 395604 398315 400115 399090 393563 391323 393315 403200 395778 397358 394539 402072 400868 405739 409877 398727 408388 390954 404503 408210 400228 396997 393171 406776 403572 399228 391008 396020 390315 413954 395222 391267 392265 399899 399266 399485 406429 402514 404699 405997 394365 401306 404875 401036 406074 401148 393647 390749 392943 400555 392779 395032 391082 402144 406523 400528 578997 406228 408296
390888 407950 568008 385626 400202 402810 395150 384071 400175 397414 401031 398988 396051 401276 388946 395327 394264 392315 391273 392157 392664 402955 394088 401398 396948 389004 397215 404259 396474 394772 401147 400153 398544 407606 390727 398196 393203 402251 394788 400371 396348 397990 385551 405125 396574 391137 385713 397660 399886 408619 393573 391195 398100 389771 393650 390751 397726 398080 388348 398606 393054 403082 394430 396239 393796 392768 394678 393301 403148 389911 395964 393576 399038 391321 400107 391586 390764 399610 392490 395705 394028 405245 396028 390372 394961 395766 389267 401613 394360 396106 395486 401343 392235 397967 395700 409002 393008 394938 398372 397186 408723 400657 391376 382313 394871 388370 387361 393569 394933 399984 392355 398495 392411 389397 391612 389676 390000 390469 395705 394192 401345 392587 385525 399914 391562 393021 392398 391349 399304 394133 400313 390052 398491 392069 397114 403220 392708 393760 394551 397255 388607 390732 388817 393069 395992 392442 393030 388165 394665 388938 396848 391027 391563 395632 396724 391910 401271 389195 395377 393897 388701 390992 387217 393278 401440 404322 399394 391504 391980 398579 390640 387517 396962 399802 398254 393023 393976 388536 405689 394009 389604 391404 402089 390422 393879 387334 392962 394293 396931 393597 390292 393036 389696 386149 391612 384362 384364 388165 393212 388483 398238 390008 390591 391340 387778 394434 394553 402626 395424 394316 403345 401103 390179 394509 394276 394790 393722 403592 385051 392925 392271 387451 402406 395269 398876 390427 397361 394546 392709 397014 396177 387257 402700 394043 396419 399874 387731 401888 395841 395594 393978 397999 398340 402805 397846 389548 393513 389791 404189 398116 396168 394503 402794 401874 403549 406243 399878 405846 386633 397526 404793 403798 398108 397861 403037 402028 403875 392992 395587 390233 409089 393201 392437 400751 403447 404010 394077 406718 403458 407995 404546 394228 394582 405453 404263 403266 398425 396346 394030 387816 402918 391910 400348 393794 395876 405112 397747 571620 401424 410115
391021 403534 569044 385655 397406 405699 397550 386313 395597 399667 399521 398135 394471 401505 386858 394778 393436 390980 394013 392050 393282 400713 390671 396676 398837 391444 396026 402017 397370 395420 400396 396044 398725 408869 387775 400261 387239 396662 398671 398341 399949 400213 387469 403050 394978 393005 387279 393580 394192 406502 392608 392877 397892 388864 396720 400985 396945 398732 386534 398712 392769 398996 394822 397201 399358 392852 393099 394566 401784 389178 395787 398066 401181 391822 400291 390589 391265 401670 393557 393898 396677 399059 393944 391328 397656 394083 391076 401128 393242 398222 393621 406681 397046 400099 392801 407067 401755 393688 392826 393215 409871 401816 390960 375580 394094 386573 386992 390460 394442 396939 391989 398218 398397 385192 387972 392072 394003 391240 399115 395648 400746 387347 384543 398780 389475 397759 387895 395757 394679 395156 396925 392165 399971 394987 391218 403758 393259 391385 398235 396353 393264 390058 387715 393210 397992 390455 390646 390555 393845 389237 395800 390029 392021 396412 394610 390776 398741 392242 398260 392822 390023 391745 392309 396452 402701 401894 393222 389329 396309 395267 392757 392172 392856 398698 398183 394090 396252 388093 406443 392301 390690 388823 398662 389654 393010 389741 394900 394090 401219 393243 388417 389664 394525 390287 391684 384561 384886 391443 392715 390242 397339 385692 386096 390980 390681 400921 393156 399427 393533 395041 403002 395349 387571 392824 401415 395367 393814 400318 385776 395167 398066 394119 399488 394504 395287 392334 396021 394961 394034 395781 390793 385592 403162 392445 395396 400562 390015 404036 390028 396151 391218 395047 398797 398234 398089 391326 390785 394713 403284 395700 399636 392736 398916 400025 406788 404310 400943 405424 389270 400482 402600 402067 396936 397225 403359 403630 398889 393243 398082 391018 411278 393907 397722 394897 400422 402065 398103 407777 399058 407769 400199 392002 395012 402754 399793 407251 398464 393315 394147 389608 398094 392907 401701 395386 395752 404851 393113 573718 405720 407749
389793 406404 562977 384456 394388 401774 396971 389906 397538 399040 398355 399985 394764 398052 385746 392783 391732 389317 389626 393848 393588 400329 389744 400810 394845 394000 397120 401580 393815 396488 399302 398936 402751 406488 392457 395587 393775 398436 394596 402631 400601 397299 389783 404917 393500 391533 390478 389916 393772 408164 393519 390486 401669 390895 392104 398826 396796 402149 389406 394856 392822 405864 396798 396039 394227 392722 394474 389992 401861 391485 392380 396495 401485 392087 401793 389529 388531 396175 390287 391119 391600 397178 393477 391136 394759 394453 386040 402216 393171 396204 398593 401263 395996 395182 399416 406371 393149 394851 393542 397276 404627 398135 388281 380937 394212 388078 388447 390644 395816 395316 393023 403328 388640 388215 390202 387242 391504 393821 400734 393699 409553 395337 381999 398786 389337 395515 390898 391060 401783 391921 397795 389520 397235 393431 387698 404160 391284 394247 394149 397783 390054 393268 386134 394472 395442 386004 393767 394580 399099 393036 394816 387217 394819 396307 392457 388536 401818 389684 397052 393530 389705 389997 390754 392604 400892 401201 390796 390698 399873 396802 392870 390575 397876 398380 400189 394162 394715 390737 408721 391352 392434 388761 399707 385772 393805 392382 394235 393415 399038 389301 393154 394750 394531 386812 390011 383205 386558 386618 392664 390419 395678 388012 386980 394281 386886 399064 398392 397768 395436 395101 405320 394919 393259 391892 390639 394432 396141 406641 382850 396758 392586 391325 398325 396008 395698 392622 396083 396996 391086 396860 389184 384547 402558 396234 401118 400516 388714 402410 392571 391602 393066 399679 396738 398292 398310 391582 394043 393320 403286 395090 394223 394980 402001 402644 402004 404185 401623 404968 386288 401548 403664 407787 394471 399428 404039 407656 399028 395084 398948 394001 411113 398230 388857 398292 402543 400216 392563 408864 399255 404051 403787 397195 400697 404823 406562 408177 398095 396408 395851 389199 400987 390638 396969 393655 397363 406726 394801 574396 404732 411968
396259 405696 569404 387571 399180 403181 397394 389716 395482 400331 400563 401980 398778 398226 388746 396868 399701 386079 392169 392964 395692 397999 394177 397913 396776 388691 401561 404298 395635 397187 400861 398150 399957 411280 387521 397517 393269 400649 398698 401826 399141 403137 388649 398690 394689 390725 392880 390934 399147 406634 394154 391137 402659 393493 397132 401983 395617 395367 390546 401923 396442 400145 392372 395877 391549 392213 395854 394958 408626 393166 396045 397380 397846 390555 402984 395058 390389 394074 393571 395054 393097 399684 395949 389904 397758 394746 387051 403420 393848 400642 396950 400974 393405 398104 397973 409211 394534 397341 397620 396638 403573 403560 392551 380286 395824 385897 386073 390960 396231 396223 389563 399528 394541 389239 390311 386412 395463 391641 403279 396011 400307 394679 384718 399798 390927 393915 389908 397435 402076 400234 396308 393660 399155 396284 393977 408473 392318 389017 392592 397236 389467 391995 389216 392460 396282 390207 389052 394680 395503 396681 395333 392150 388874 395909 391506 391578 394415 392061 400714 389951 391188 391298 394159 390469 410256 399757 393973 391447 399164 396335 391413 395576 392684 397621 395999 395340 392591 393206 406437 393846 394606 394302 404168 389285 394946 390644 395078 393851 393344 388285 389829 390019 393051 387178 393056 387783 387821 389737 392615 390128 394451 386591 388445 394768 391326 398094 394218 402836 396459 396302 401608 394520 392010 396349 393034 394881 396480 406782 387539 394317 389679 393696 399960 393323 392371 393389 397861 395336 393544 394749 391851 387568 401187 393708 395069 397896 389982 402164 389691 398884 395945 397910 396232 397868 395689 398482 386635 394327 405212 394546 403061 393626 398735 403710 400458 405432 399852 405490 389334 398166 405852 401253 398916 401398 402047 402011 404334 391007 397066 392087 409286 397393 399640 396006 405369 406881 398101 407243 397408 411052 404843 397709 397566 408503 403027 409073 402187 395689 393815 392521 402868 391952 402703 393683 393969 405333 397272 575632 410087 410190
389096 402671 566186 381788 398306 403550 396498 388138 395727 394693 398767 397818 396524 398630 388016 391818 395686 387949 395132 392316 394986 400295 391268 398126 397201 389562 392551 401726 396108 390329 397270 395091 397807 412661 391760 400657 391172 399178 392589 401271 395297 397429 386885 403401 397813 391070 387353 397606 397974 410514 394588 398186 398725 389342 395628 398739 399226 396740 386219 398892 393491 396936 393407 394178 396956 392836 392564 394494 406495 393440 395342 397629 404990 392513 399173 390478 390695 394886 388748 392464 398174 399541 394486 393855 393027 394131 388870 399727 392458 401427 393492 400445 398315 399796 395928 407588 394257 398040 393643 396113 408473 399158 391925 381805 392482 387887 389441 385666 395492 397474 391413 397607 394084 386869 389300 390930 391822 388206 398658 394923 401505 392272 383676 401975 391058 393908 391156 392746 400075 390072 398351 390432 399590 392494 392253 406234 391954 392557 391795 397348 392006 392151 384771 394658 397659 390214 389570 391869 396739 394810 397323 393128 391995 397617 394879 386274 395741 390116 400857 389488 392439 393298 388630 391606 405699 398703 396060 392008 398635 395820 391722 392052 393590 394916 399238 389345 394609 390532 406670 398063 395316 389491 404285 389449 394976 391200 395205 398537 399612 392774 394366 390378 391339 386055 389484 382349 383089 392228 393557 390066 396976 386879 384948 391818 392617 399649 397043 400149 395029 397094 405192 397497 393930 395685 394086 394647 393380 407346 386101 397307 397364 395383 401152 396027 392914 391572 397297 403316 398236 400454 392681 391446 403639 395987 395347 399598 390413 403409 391563 397622 394377 401267 395977 398553 394958 393528 393341 395410 403930 396613 394807 391054 403085 406478 401507 402793 400087 407944 389987 403729 401603 401807 398310 397829 398048 402079 402401 395674 394860 391815 410582 397866 395493 396116 400461 405358 395971 409631 403124 408291 401891 395341 398828 409380 404402 407662 400684 391941 394436 390405 398000 389033 398142 394247 402429 405356 396203 575154 406099 406853
390050 405095 567650 385365 399850 405954 395412 390803 396284 398979 402778 400415 395352 395076 387977 395497 394876 389613 391953 393781 391391 397607 391771 400127 394780 387491 396436 397787 395996 397081 400227 398322 398786 406975 389859 397738 390416 401718 393356 396611 397468 397064 391406 404370 396503 393580 389647 388188 398813 407318 394054 392156 397523 390320 395255 396835 397652 397220 383177 394852 393955 406874 395325 396670 388102 391719 395785 393391 403853 389116 391753 394201 400261 391588 397241 395738 392197 395865 390908 395851 395905 397377 392011 392746 394258 396701 388197 403633 397965 397281 393585 400272 399741 393691 395123 404141 396490 395292 390433 390033 404833 397115 395623 379166 395402 390001 389083 391478 393891 399740 389572 396479 394259 385660 391318 388653 389772 390325 394277 393518 401554 392623 382512 398211 389418 395655 389238 393014 395097 392849 397346 389959 395308 390124 392440 405755 391238 391885 392225 393527 387808 392332 386436 391889 394581 390140 394985 391606 393488 394572 394112 386891 394713 398766 392012 393756 397651 395808 399686 390379 390506 392215 391344 393626 408026 401673 395099 390387 398265 400242 388746 389667 395482 400968 396729 391842 391894 389520 408753 396985 391836 393319 399974 390775 395627 391394 393328 392057 398268 390388 395369 393104 389301 382073 392662 385249 389070 392560 397101 391909 401893 387039 386743 394416 391837 399899 395125 402403 392936 400109 407912 398533 392139 395216 390213 396161 397187 406539 386858 395611 391923 393635 397740 395393 397587 391194 397720 394662 393182 397294 390191 384812 403363 395056 396283 394688 392431 404389 391937 390463 394576 396580 396737 399055 396104 393070 390540 390720 408152 394708 398143 393775 401078 402774 399706 404245 397664 405703 391619 401288 403001 400894 400415 397913 406093 403487 398519 392559 396356 392667 408070 393278 389436 397580 406290 403586 398039 404342 400690 405597 405686 397139 399112 406464 401199 405113 399723 393707 401230 388870 402209 389786 403841 391390 402215 407455 402354 576580 401959 411220
388568 400713 567990 383979 394678 406601 401010 384576 398059 398780 403983 399778 393782 395121 386529 391794 393417 389512 393361 392318 395065 396874 388879 395294 397279 392192 394720 401801 395026 394989 399460 395485 400587 403418 391100 395559 392567 398765 394860 400603 396169 397490 392142 403344 393769 392110 386005 394680 396009 404230 392905 394900 400624 390336 391132 399242 397484 397759 389822 398390 392765 401142 392422 394937 389644 389904 392591 391503 400429 390458 391193 395170 399263 391298 398290 390691 387504 399896 391590 395688 393844 397961 393877 392970 395170 398773 387076 399171 395794 396491 393393 401057 398001 398215 395699 404499 396789 398417 391458 393535 402345 400735 393150 379595 393495 386275 391540 386074 392361 394562 390002 393357 392440 388366 386828 389044 393951 389440 400476 388983 401799 388968 383310 397096 387678 395897 388413 391799 399819 391400 398837 389863 394970 394595 392120 404573 392716 395585 392454 397371 388579 390187 387855 394664 393032 390229 395516 393212 392384 391529 392343 385067 393118 397915 395528 390965 397983 392872 397550 394355 388488 389792 393181 393851 407078 400797 398469 390164 398749 394451 391044 390277 396219 398571 398445 392396 393693 388802 405368 394123 392473 392115 400491 393067 391656 392135 393510 393562 395052 392290 388507 392854 390253 388084 391938 388792 388718 393915 394213 388911 399037 386145 386395 390889 391595 397650 394967 401502 391036 396220 410550 401324 390356 396259 392566 397289 391791 402410 386894 397076 396112 392734 400853 394157 394194 390994 394781 395316 396817 395708 391601 387746 402284 396754 395441 401317 391664 400575 390299 396388 392209 393957 397367 400901 394911 394158 396252 391340 396941 392570 399837 394173 401587 403339 401040 402676 400033 405062 387288 402429 402979 401974 396944 398512 401722 404311 397662 394289 394415 389244 409277 396621 391353 395578 406321 402667 396251 411258 401530 408797 403442 395358 397630 406724 404643 403629 403851 397193 393430 390112 403672 390393 400034 394375 396426 407127 398910 572202 406254 407131
389639 404675 572020 387312 398367 407217 402211 390937 400957 402470 400498 400730 394118 396654 386395 392256 394987 389412 396145 390498 394345 396673 391002 399725 400711 388747 394964 397893 395289 393135 397861 398772 395124 409367 390433 394491 391533 397042 394577 394732 397694 404082 387202 405096 395532 387333 386182 396407 393644 405693 394597 390635 399749 389980 395764 397645 399560 403954 385690 395022 391252 396284 393401 400278 393851 393702 389351 391802 406971 388699 392122 394275 399428 392146 401901 393905 388800 394721 393771 393393 391351 398859 397539 393022 396490 394408 390201 400974 399345 396965 391877 401526 397663 395443 396029 406599 400752 395181 391193 396932 406309 400083 391361 380454 392553 386669 386508 387348 393448 398167 391729 403949 396366 390151 386620 389320 392694 385527 401591 391625 404101 392281 383401 396903 391012 393427 388550 391645 399991 388348 394962 390944 395696 393954 389758 405869 389927 395442 394017 398081 388874 393348 387645 389107 393414 388453 388692 390896 400882 392873 396569 388721 396171 398459 393760 390668 397338 393053 395295 387360 392021 395586 391260 390442 404350 399200 393365 390073 397393 398181 391326 388371 395938 398842 398042 395370 391957 387588 406081 397082 391105 391697 405140 389223 395541 393396 402812 398069 397809 394211 394598 392723 394455 388002 391779 386839 392560 388221 396396 390424 398254 387478 390667 388530 397921 402843 397401 402187 390607 398654 402547 394361 390398 394671 396856 393351 393829 403431 382383 396181 391800 391810 404302 396664 393720 388812 395554 396592 390040 397992 392701 390892 402592 397118 398098 393684 391355 406584 391462 393774 395556 395317 399734 397123 396414 395456 388943 389345 402213 396143 395423 394052 403781 399886 400893 405527 398172 408141 391365 399134 407143 402129 398477 396784 405816 402760 405688 391941 394194 391916 406387 397497 390624 395816 403367 401110 394013 408726 401719 405502 406185 397137 397650 407107 402577 404759 402406 393679 395334 388633 402169 389622 394237 394776 399980 402752 396918 568331 406405 405309
390620 401453 568006 385394 403839 405032 396042 390528 395895 399252 398073 403225 393518 396784 386009 388732 394760 389687 392634 390251 394682 400188 393738 398779 392320 389362 396876 403437 395948 390812 400235 399881 400085 407848 386501 395890 388694 399915 394907 398154 394140 398291 391486 401976 391916 389086 390582 390280 395324 405752 394498 394086 400078 389262 392116 395175 395281 401552 387610 396026 394471 402088 393417 397278 389595 391085 393024 394999 403730 390884 390753 392406 402190 391238 398276 394985 388394 396470 392191 390205 393628 400449 390538 394341 395049 390561 387034 404753 391794 398601 393720 397769 394959 393119 396659 404334 399330 396745 394784 393547 404453 398893 394152 377483 394839 386893 386900 390538 392747 396293 391657 394392 399099 385492 390672 389745 394437 391258 399136 393984 400014 391005 380585 400478 388063 394442 387264 390805 401090 399223 397269 387218 398600 390650 392233 405482 390332 393725 393959 397710 387707 393763 389985 396739 396547 389070 391508 390598 394256 392167 393340 392224 393925 394811 393452 386848 400114 394358 398164 389498 387203 392200 389384 393321 408236 404563 396227 394112 399691 400669 385996 389214 395694 399219 400887 393182 395096 392714 410281 394643 393473 390103 401318 390780 392394 391221 395971 395386 391584 393590 392453 393023 392106 387171 394834 383915 388822 391689 392429 395006 399552 387742 390374 392464 393208 400580 392261 398958 393910 397356 405801 395731 390103 395028 395808 393644 394250 404976 386880 396851 388830 394391 400821 394035 395028 393814 395325 396631 390412 394616 391363 391494 402756 396944 397358 397902 390419 402269 388974 396020 394932 396048 396538 396817 395240 393224 393038 390205 399671 394301 395139 396454 400440 404038 405669 402863 400954 405155 388187 398695 400722 403278 394072 397184 406057 402809 400067 393657 394311 394389 406006 392812 395709 395583 403712 402401 391992 411823 404831 409788 405276 399015 394153 406511 403610 408373 401449 390503 395514 393171 402096 389560 400046 388289 395652 406859 399917 572227 404757 406667
390558 404818 567534 386727 397483 405427 400434 386908 396468 400839 400813 399347 396119 395867 384833 393276 393842 390365 392102 390263 391762 396848 390128 403157 397034 389369 393312 396200 395161 393953 401339 397639 396644 409431 391259 401817 392339 394465 399529 403322 398033 399206 389451 403651 392890 390288 392111 394443 399374 403475 395935 393008 400275 390570 393014 403959 395774 398001 388169 394796 393119 401088 394417 396116 396472 392665 391780 393544 404897 387263 389944 395476 402203 392729 397739 392913 388444 395926 388598 396802 394775 397477 388555 393663 393315 399022 390581 396699 395287 398323 393264 400222 394657 397660 394980 406251 399547 396226 394115 395677 404663 399726 388677 384267 392420 383668 386679 388163 396149 395497 389813 394831 394213 387485 389204 387392 391123 388345 401295 393392 399390 392044 385543 401495 391079 394604 387287 397284 397995 390706 397503 387563 397486 392107 394445 402321 392180 389462 389984 395171 393809 392050 387889 394208 399205 387099 390535 390037 394487 391857 392602 392617 395314 395321 389871 393009 401652 392828 400947 390489 390208 391063 387966 395539 402727 400802 396606 389841 396876 400384 392240 390490 391216 396860 398027 391332 400465 390655 406896 395116 394156 388722 402351 389863 395892 394376 395802 394425 394894 390621 391298 392495 389364 390088 390695 385394 387508 392336 394029 393482 397779 390256 391172 395852 394741 399005 396361 400027 395131 397348 407909 395405 387299 393615 394723 393508 392657 407508 387154 395751 393299 396899 397271 397084 398509 393065 397459 390738 397332 400937 392822 386293 403921 395649 398654 400102 386586 404010 392146 396725 393805 399321 398765 398632 399257 392396 392219 389382 399316 394420 395932 393613 400956 402055 398295 400031 396187 404614 386733 401774 404292 401997 395095 396591 400311 400877 405213 388509 397879 390427 409661 394057 389963 394342 400346 401604 397295 409069 403324 407105 405674 393856 396689 405198 403056 408766 400689 391418 395446 390660 399129 389101 395437 391763 396605 406712 395199 573251 403292 410165
391491 404062 571374 385361 395849 404126 398065 394642 397797 402050 400603 400329 398028 399225 389050 391052 396523 388854 393044 390613 392471 397109 394274 397671 394782 388248 394417 401395 393507 398053 402938 398041 398850 403125 388048 395559 390363 397246 397901 402751 395139 398094 389603 401264 393749 394877 390530 393230 397874 402678 395451 392913 393236 390710 392394 399375 396062 400976 384594 396045 393235 398229 395260 393696 389383 392397 394521 397512 403540 389723 391778 395125 400477 391386 397668 391872 385423 401238 390790 389960 397090 395388 391014 390309 391947 391443 386243 401318 393731 397883 396359 395777 393776 391986 392190 407217 389312 393812 390681 392684 402439 401759 394268 381548 393854 385900 388308 388258 392946 398194 392049 398927 393839 392117 388661 390265 387971 390006 399740 393396 402611 392027 384364 397598 385926 396584 391539 393870 396206 390724 396558 387888 400082 394960 392197 400968 388780 391241 395681 399968 391280 392662 387216 395771 393001 385138 392471 393685 394645 388454 391166 389924 391483 397227 393993 387581 400660 394896 400503 391305 384097 390464 394006 389728 404497 399161 395629 389306 396423 398121 389754 392144 393250 394506 400296 392410 394577 392462 406942 395833 391237 393846 401740 391134 399177 396253 392496 393593 396931 391810 393744 394444 391788 391582 392697 387172 387183 393115 395647 392311 395698 389452 393238 394726 398516 406395 396890 403152 397624 395515 405344 397826 396523 395853 393502 394388 397435 403699 389889 394493 393149 393732 401506 395879 394779 389718 393288 395664 391112 397576 388757 390275 402213 393842 393936 399450 391447 404178 391954 394470 397370 396435 397932 393711 397292 392958 392458 392006 405358 395567 397957 397106 406124 400631 400109 398669 402157 404151 385089 401628 406666 400221 399821 394834 401442 400016 400755 392209 393983 391012 407345 390171 394734 395753 399535 402541 398474 412117 402480 412077 401787 399052 398023 401013 404244 408272 400887 397495 393524 392223 400344 387374 395060 394627 399187 405667 399188 573077 407594 409246
387427 400182 564560 385407 398272 404387 396226 389095 399078 400147 403326 399661 395719 402786 387657 389043 395226 386135 392189 388811 397989 402048 393136 399005 397064 389593 396960 397511 395329 397744 399350 396654 394800 406040 388009 397788 391531 399620 394305 401275 400617 401055 391064 401886 394308 391045 390615 395596 397052 398018 397670 392869 399342 389576 392947 398618 394592 397561 388028 398185 389457 399195 394176 394122 393529 394312 391096 392837 403441 392210 389016 394269 399205 391952 398862 396570 388488 398012 389267 396634 394947 399633 394070 393980 394132 394648 386291 401024 395493 397099 395498 398638 394233 397309 393528 405273 394931 399796 394153 393517 405449 396345 389418 379343 393173 382444 387179 385911 396982 399673 387607 397229 395170 385406 390669 389990 390715 392989 399828 396048 401845 389309 383092 399324 392156 396235 388230 390280 399128 395889 395856 392292 394974 391156 394862 404393 392796 391082 393112 393110 389512 389051 386558 390848 397712 389528 394102 390590 397372 393191 393533 391961 395086 396162 392705 390016 400640 391054 395817 393180 390156 389570 391185 397055 404250 401318 395491 391184 402241 397550 391466 388355 393191 401351 397326 392175 395723 390436 409194 395184 390765 392908 402065 389385 395360 389915 397606 395713 394818 391402 392031 392000 389082 388163 386939 388394 385880 393391 392168 392805 396592 388981 388165 390890 392463 402295 394391 406294 392007 400095 408231 399904 390970 394549 396480 395823 393761 401322 387383 396306 392883 397372 405352 392564 391319 392648 394794 395316 394759 396161 396935 391406 399843 394087 395268 394891 387615 400348 393640 395834 396867 396700 394167 398909 398303 390126 391841 394516 402521 393662 398110 393579 402360 401484 397828 401387 400149 408480 386859 400354 400990 402114 401221 397918 403969 407115 402614 391642 393459 392411 407621 392696 391546 394157 400649 403712 396835 409982 400514 409261 402644 393968 395825 402438 404099 410409 399653 396962 393885 390867 400874 396234 400003 393071 395897 402661 398043 571624 408120 404012
392391 404824 571698 384824 400876 403350 397220 388454 399390 397933 399290 401262 393099 402552 386406 393008 394513 387392 393130 391155 397144 399346 390847 399858 395414 390042 396569 400289 394530 401747 399017 397483 393149 406743 387271 400077 391234 396645 393326 399806 395195 393461 391318 401135 393405 393158 383294 393993 394094 404733 391724 394376 400851 389364 393679 397874 398432 399348 387394 398640 391616 400081 392163 397018 392061 397270 391360 394050 400973 390082 389731 393419 402372 390421 399497 391089 391522 392963 389916 389502 392178 397219 395628 389280 393363 399352 383913 400047 389607 398708 393583 399500 393386 393954 395279 402447 391736 391640 388558 392384 407563 403620 389869 378837 391517 386149 391155 386794 393813 397358 385330 396354 394634 388654 383702 389392 393062 391485 398984 393052 397737 392811 387077 399160 392057 395944 390854 391303 394531 393016 394706 388276 394070 393154 391101 404055 392217 388811 392426 396783 392062 393091 386519 391266 394700 390528 389923 391484 394450 389444 394043 386956 394328 398068 395369 394840 393295 391163 395585 392161 386557 390367 387406 390986 407934 403698 393857 392962 397818 399824 389492 385887 395926 398581 402231 395014 395222 388661 406266 396308 393899 392292 400238 391869 398465 394766 393460 397361 398415 390290 392417 391693 390542 385620 394890 389836 387340 386957 398088 392025 396869 386544 389116 394732 396596 403170 394076 398997 395048 398770 404398 401522 392119 394747 391465 394176 396678 403537 388763 397861 394552 393649 400533 391172 394891 393399 399024 395329 391489 394027 394538 390816 405253 392650 397590 399043 391770 403684 390772 395144 395339 397072 399792 399489 396336 391928 388942 391213 399688 393240 397302 394474 399206 402920 402039 400602 398336 405930 389365 401327 402695 401142 396481 401489 400304 399522 400290 392519 395315 389974 411714 397132 391399 394298 405873 404074 391530 409653 401293 410685 405976 391504 392762 406750 403118 405965 402633 391955 397775 394266 399054 394990 397090 392614 397427 407767 399138 572404 399344 403587
390169 405884 566845 386208 397392 404244 395801 389508 397594 395362 404509 402957 393282 399869 389174 391738 398474 394609 392182 388951 393439 399490 392551 400731 395249 386682 395617 400112 394010 399923 400036 398131 396503 409629 389452 395133 392212 400342 396340 394558 396205 397508 389135 399515 395924 391037 388846 391949 394957 404296 392217 392308 398800 387714 394182 399343 393236 396185 384484 395551 391675 397757 394517 392173 388454 392433 394621 393008 402742 386963 392620 391507 397623 387763 397365 388899 387482 397051 393322 393623 390876 396215 391174 387664 392589 397140 385681 398305 391915 392754 392132 396666 394792 392857 392801 403382 395300 392982 391563 393840 411628 399411 392114 379785 391295 383231 392262 388383 394297 397131 385376 396483 392123 387508 386501 388602 390377 386096 396607 391273 397109 391795 385295 396659 389546 391174 386526 389268 397774 392627 400015 391080 394131 391737 393122 401501 389632 389883 396351 397639 389184 388575 386593 395027 396546 385361 390944 391231 394413 383757 393149 388509 394127 398715 393716 391546 398087 386880 401218 389461 386462 392645 388443 394747 404668 401370 393347 392409 395879 397002 392536 390929 396365 400974 396679 391908 395455 389458 405267 394173 390845 390635 402483 390555 393598 392736 395734 393433 395596 391880 392329 392409 394183 388632 391114 391035 384984 384836 397703 389801 402809 389659 392739 394080 390891 401952 392650 403518 395993 398304 405563 400284 393583 399054 391051 396385 397891 404367 390150 393922 394585 395291 400336 395410 394509 392931 398385 398513 395965 394007 394038 386142 401550 393284 396923 399994 388852 403469 391281 392808 393047 399255 396422 402077 391539 391767 390132 392538 396062 396189 394263 392874 403017 401319 399512 404391 402335 405360 387503 398052 401454 398057 398175 397626 400128 404409 399489 392774 394900 390729 405834 397028 392663 397593 401223 399946 401645 408365 400746 404803 404444 396050 400161 406477 405145 406391 402826 393750 394618 385636 398209 387321 398883 393004 400009 407655 399207 576916 407276 404295
391251 406976 569752 385047 402182 404647 403435 389866 394933 397594 402016 397955 396459 395803 387227 390772 394115 387485 394897 390374 393270 399858 390525 398417 395691 386159 393765 404025 393046 398047 401133 400602 399470 403614 392177 400316 392794 399222 396679 398358 399839 405662 388132 402764 395315 393187 391713 396241 396152 406823 393406 393286 401704 390960 393811 402625 398799 395667 389090 400715 390352 396659 394209 397004 393751 389615 393959 392302 404248 392104 392801 396565 399070 391037 399084 393058 392066 395315 387407 393183 395700 394679 393971 393425 395231 395675 386358 397308 395934 401139 394906 400561 396969 396395 395094 408745 391213 395939 393647 393907 404945 399082 390238 378077 391780 383996 386177 388362 394365 397534 392007 397281 392755 385859 392079 388956 393363 387995 397951 391696 401324 388463 384762 398659 392460 392323 390998 392389 402567 392518 394417 392472 400998 393839 393142 408541 389407 393317 394883 397793 391793 390585 383309 391915 397135 392851 390970 394403 395666 388191 394122 390020 394009 396802 392649 390067 397331 394222 398278 391827 383745 387842 387653 389821 403792 398859 395223 393746 394833 397840 390130 387980 394364 400341 395996 393842 392131 392165 408321 395125 392198 390263 403119 383956 394235 388566 393871 396342 393918 390827 391972 395250 394192 388771 390998 388672 390808 392326 392730 393294 398839 385437 389384 399542 392197 398517 398084 400048 395113 395756 406685 396101 392444 400968 393712 398541 394163 403152 386611 394499 396780 397533 404780 398393 398672 393096 398824 396093 397065 394030 394968 391796 401958 399310 398148 403491 388039 403395 390129 397187 396292 394866 396693 395067 396019 394822 392871 391007 401143 395261 398777 398854 404318 399968 398647 403762 400680 403312 386326 401123 400502 398798 398286 398109 403557 401895 403213 393588 394849 392128 407879 392596 390361 397635 403019 403557 396076 408478 405270 411302 403396 396810 398634 405162 402891 403373 400028 392499 394732 392317 398103 388131 396799 395028 398665 408442 397432 579700 406137 409478
390690 406782 566656 387543 401787 400726 402520 389337 395349 401895 401290 403453 401971 400612 388732 394154 398644 390774 395173 393074 392133 400077 395631 403279 394684 387892 395533 401322 397390 397873 404925 402046 399416 407335 389538 395748 391540 398683 393066 396092 395347 401285 385771 402587 395557 394093 390988 398541 391282 407052 395047 390370 398391 389752 390592 393861 396911 399555 385827 395871 392136 400153 394488 391799 390857 390063 391284 393473 401476 391991 392984 395099 401847 395168 396784 394468 388796 394314 387439 394612 391012 397959 392876 389362 394218 390218 387524 400968 392667 393021 392601 401430 396937 398930 395402 406361 394040 399500 391831 397687 401720 396037 389573 381904 394417 383905 388277 389895 389177 395221 389184 398105 391769 386751 387611 390304 387010 384804 401257 393955 401269 392866 385269 399854 392951 394203 391649 393194 399493 393777 393227 390998 400630 392937 392959 404199 391516 392925 393072 396613 389395 390011 389372 394103 399730 385601 394475 392944 396132 398265 392217 391110 389709 396279 395890 391166 400420 394383 398354 389952 385486 390860 390464 396849 402959 400454 391842 391197 393219 396580 389199 388882 393261 396599 397521 392573 399677 386024 404701 394416 392655 390295 402641 393886 391618 395448 391962 401123 397450 397769 391586 393192 392679 388293 391348 390302 387074 394740 392514 395870 401218 389561 391543 393551 395204 405138 397310 400086 395234 396644 403201 401393 391206 394100 397147 397150 395909 404336 387347 400380 393784 391823 403514 393469 394842 395823 396713 392147 392435 392295 391521 389654 401161 392237 397119 397723 381739 400168 389330 392513 395352 397863 399711 398454 393608 391130 391432 390507 403172 390594 395768 395874 402750 402451 403364 402850 398852 402088 390247 398430 403276 402686 395013 395500 404373 402355 400235 394365 395184 391106 410636 391737 392042 399527 404592 401127 399787 408961 404368 407813 405828 396729 400113 405054 401257 404981 402355 394669 391488 388828 403587 387650 399380 391579 397385 410957 401738 579429 408038 402960
391980 405579 566763 389622 398623 405653 399432 388414 394925 403471 400868 403802 391357 399599 386567 395040 398503 392008 390345 388104 392292 402596 390246 398727 393350 395986 395929 403632 396541 400963 398451 401366 397938 408423 390823 395434 394532 400690 398873 400528 397030 397066 390122 403552 390716 395379 387446 394747 395596 400607 396145 392744 397181 389605 398377 398095 394956 401241 385915 400367 393344 401265 392748 395772 397338 392049 390225 393634 406223 388911 390663 392047 399233 389255 397852 390808 389061 396330 389425 395650 392758 399073 389929 390192 390863 393003 387532 402854 400030 396689 392082 400438 396827 395980 394980 405743 392435 394799 399165 393435 401962 398463 392841 379783 391925 385492 388023 386974 398866 399028 386367 397551 398494 389733 391895 387934 393877 389897 397501 391714 400954 389623 386086 398848 388840 390795 391207 392365 399784 391769 399635 393309 399008 393590 393245 402222 393504 391254 397484 398460 392329 389385 389298 390317 396444 385988 394441 391707 398397 389991 390390 391546 394020 397545 397216 389736 397563 388315 394971 389077 392516 387127 391618 392053 405021 400238 397340 391445 397146 397523 391891 391328 398424 398314 392018 391958 396802 389478 407308 391764 390975 394344 399717 388524 393153 388931 395461 393137 399241 390972 394307 390392 397021 390422 394319 385533 390770 391373 395480 391157 400412 387712 392629 397028 397270 398629 398788 407342 395274 394216 408308 400132 388188 395467 396855 400598 393364 406620 390669 398569 395718 395246 402384 391226 399793 397935 399735 396660 399661 396283 388544 388254 400758 396637 398131 398592 390750 403342 393698 398107 395664 398334 398490 397810 393046 391755 392377 393318 401421 397787 398133 392355 400028 408216 403322 399721 399222 406348 387254 403766 401624 401221 400899 395841 403199 401822 400193 392559 396823 396732 408269 393229 386688 394419 401544 401385 397020 405699 399093 404762 399849 396040 397272 402269 405530 404741 394610 389976 393215 387932 395411 390309 394495 394643 398875 403380 400092 575864 405643 406812
388531 406492 562892 382905 399351 406917 397593 387725 397864 396877 404234 401143 398111 398459 392164 398091 398095 395401 397756 395797 392929 403207 396079 396734 398822 390957 393440 402473 398766 396373 401349 398261 400985 415961 391324 397932 391081 395404 396624 399086 400678 397912 389608 403565 397343 391647 393390 392197 397297 401828 392325 389785 395859 387131 392994 398505 397120 393824 384103 398828 394577 400014 394069 394687 393300 392855 392358 395601 403419 388083 392669 394841 398711 386792 396874 392504 392714 395235 385912 393351 393367 397658 392675 389259 394234 395068 386547 400715 394613 397960 391851 398532 398020 395975 395226 405815 394459 391971 391968 394620 407110 402450 392398 379627 395393 387011 390541 386501 392287 395437 389950 397894 393115 385690 390417 389944 383026 390017 400442 392376 400354 389874 384712 398846 390071 393006 390867 386494 396830 393431 393353 390886 399349 394239 391378 400403 387862 389613 392270 397121 389392 392077 387286 390226 398175 388438 388914 391210 398965 392385 393923 388308 392545 396297 389583 391941 401186 395694 398413 392193 390752 393236 387512 392709 404774 398770 392343 395212 397623 394537 389435 393554 392774 395850 393490 393849 391137 394174 404107 393000 392338 393102 403671 387972 391741 393096 393899 395272 394942 392298 392664 390780 389744 390073 391247 389323 389357 390493 393155 390686 397309 386635 390687 397218 393359 403935 396710 404584 396973 399920 408055 403745 390789 397421 394501 393742 396949 409877 391664 395499 394675 392346 403196 397321 400047 390300 397594 399569 395594 395985 391992 389345 398787 396741 400625 401994 391483 403718 392402 393230 397385 394814 396461 400069 397600 395305 390158 393317 404129 395581 397997 398585 398594 401763 400044 402145 397918 402255 387196 399021 408803 400840 395559 398462 402889 399145 398763 391147 396626 392259 409022 395065 385505 394934 402806 399803 397340 404729 400762 408721 402840 394948 398161 407282 405728 406675 398463 394143 393483 390585 400968 388256 394997 399474 396387 410244 398552 573482 402219 405507
390581 406185 573217 388105 401751 404996 397422 389506 395798 403724 403376 404307 400385 403739 385985 394938 395869 390668 395560 390713 395014 398847 393903 401201 393902 392253 396007 402380 396816 392361 399650 398040 403219 411261 390266 401973 394504 401512 394900 396611 398347 400584 386292 402467 395115 394097 393862 392204 398380 403290 393072 396144 396558 390498 393334 399561 398135 393987 384921 396225 390897 396662 396079 397199 392870 392952 394319 394957 403517 389944 392819 392737 401077 386390 397646 391091 387211 392850 390421 392184 397003 394709 393957 387630 394651 394043 384845 403137 392961 395785 391611 403759 396076 399132 392191 407262 394159 389895 391814 393448 403432 402383 390573 381727 391327 387551 391871 387488 397830 400259 391802 395694 393702 386375 388821 389286 389119 388708 400616 396570 399177 392902 383050 400678 387660 390553 385618 389416 400965 391763 396258 390243 399356 396717 392625 400776 388771 391206 393891 394975 388340 387702 390509 399989 396613 388306 392357 391069 395742 392283 391319 392699 391718 398201 397016 391268 397636 389556 399068 392021 389694 392698 392791 389557 403576 400812 396581 385719 392827 395833 391210 390199 398220 396223 402748 394152 396495 394822 407191 395250 397929 392543 402392 387663 392983 390334 393290 394548 399442 390573 396114 391941 391236 387810 390281 386721 390208 389227 395938 391799 399823 393059 391517 390542 391740 403992 395165 403184 396006 400071 402109 404525 394117 395886 396512 397544 397410 403371 388502 399329 396266 394471 402570 393265 392861 396301 402825 394532 394104 395834 392874 391160 404251 396932 395078 402335 390068 403323 391998 397698 392419 392848 400657 399937 396191 393843 391856 392585 403449 396720 396540 397073 400489 403386 401888 403774 398109 404216 384036 400273 400518 402432 395259 396482 404501 402693 400261 392796 393737 392993 409381 396996 389443 397269 401166 401636 399320 406489 396634 405627 407098 392796 396457 403416 403684 405047 401167 396422 392899 388168 395742 388226 399841 391778 396487 405370 396156 571377 403542 405315
389855 403771 568070 388134 400599 405140 397095 390811 397380 401418 403597 404794 398922 401018 388395 390879 397681 392958 393025 389099 396207 403037 395796 400982 399120 387916 399252 401621 394622 396658 402451 402253 400144 406566 389446 396402 388926 402071 399059 397254 394295 402944 387395 404041 391730 392626 390354 392498 394372 406848 395724 394295 398412 388996 393965 399346 395443 404929 388152 398665 391327 399747 394748 398079 393979 391574 393161 391492 404760 387348 387890 394378 400566 389010 398014 390492 388015 398563 387151 395838 393970 396995 393615 392141 397583 395010 385352 398129 395661 400384 393989 397682 394995 398544 395340 406088 394640 397161 391432 394778 403002 399878 389128 379458 396500 385332 390718 385646 392085 398190 387567 398875 394807 391286 387672 389329 392568 386897 407636 390708 397337 391579 385267 397646 388049 395626 388876 392743 395133 396474 395635 391098 397236 394769 392587 402572 390612 392994 390820 396539 390144 387798 389886 392095 393756 386410 389859 391702 395654 388514 393684 392463 391854 399050 393472 390566 398444 392727 395476 393032 392939 393132 389698 395086 406069 397689 393008 394201 393445 396328 390376 390435 391410 396438 399206 399161 395139 389782 409629 394863 393742 391924 404546 389225 396115 393888 392998 392069 395837 389099 392882 392511 390347 388268 389600 387566 389673 394499 391774 396171 401517 391356 391173 387172 392458 398573 397836 400844 397307 397640 401920 398429 391177 398468 393050 399252 395898 406328 389954 398892 391747 396976 400286 396051 394670 399585 397835 398332 394090 399816 391484 391262 402293 395957 400384 404243 391853 401486 388957 392215 396907 397242 397681 399066 391293 393528 391403 392753 405030 393113 398834 395471 403705 400668 401123 402449 396910 406469 387014 399513 402517 403580 395967 396011 404153 404265 398623 389707 393869 392013 412008 392257 391867 398091 404763 398499 398033 403490 399580 407616 405482 395912 397437 404317 403845 406090 398906 395177 390876 390999 400712 386152 394838 392768 396876 405958 401757 571334 403897 406721
388931 407655 567799 387991 401973 403226 402047 391687 399012 401264 401271 402435 398641 400263 387115 396375 397389 389695 396324 395240 398007 402685 394261 398243 392524 391664 398071 401336 395688 395483 400366 396187 397478 409436 391457 402177 390526 399313 398875 400569 399414 403188 385704 405653 399429 395437 387450 392528 395236 405301 394344 394232 398440 395218 394842 399088 394996 397388 385953 395835 391987 402922 395618 395048 392762 390850 392308 393785 404344 388387 391099 391103 398048 389112 398156 393344 389462 396263 393971 393436 391720 395670 391931 393246 392216 397117 389514 403024 394423 394843 391294 399024 397606 397724 394875 405083 392518 397122 395272 390595 402687 398880 393222 379761 390565 386883 389715 387404 392007 393273 389638 399256 394129 387118 389658 386194 390540 391541 395743 390844 402163 390036 382680 395361 386296 395718 386835 390995 399001 390078 397744 391103 393745 391257 391006 399950 388156 393082 391049 395211 391371 388844 387800 393219 392548 386905 393321 388189 395491 393600 394015 389652 393965 399287 392083 390888 399153 392397 397012 392929 387863 392711 388566 396114 405392 401779 391202 389852 398584 400183 389278 388696 392802 398133 400447 394338 394535 387169 404806 395557 393359 389734 405364 389219 394137 390293 395321 395713 396952 389409 389573 390828 390801 394313 391712 387714 385332 392558 395962 389880 400646 388224 387667 393293 390853 399477 395136 400164 395017 394001 408169 398509 396440 400705 395790 398705 400092 406397 387412 397027 396378 392629 407703 396999 397073 393895 402242 398615 397168 397672 391696 388956 406291 394019 398853 402617 388045 400588 393663 398097 398658 397369 396480 400744 396487 393424 391761 392493 404519 393310 395352 393441 398909 400981 401183 403647 399275 406643 388403 401995 405150 398935 396709 398208 398836 402857 397784 393195 395415 389234 409859 393264 390293 397510 403485 402422 398324 405236 398994 407974 402775 390616 394458 404754 406011 405637 399671 393511 392057 389312 403069 387318 396334 396383 395823 403153 395162 570704 405227 401734
388070 403561 569067 386356 398332 403585 399129 389082 398106 398575 403068 399552 401141 398178 387764 396799 398915 391309 396475 390719 397936 404725 391896 400809 397935 391016 397745 402216 400236 396120 403394 401913 399306 408331 391624 398574 390186 399123 398127 399899 401105 404798 394759 402518 397244 393190 390416 396003 394775 403931 397550 397128 399296 387568 395924 396113 396811 398403 386308 397646 390952 400532 394620 395325 386701 391234 392219 393331 405883 386646 393418 396167 402747 393102 395599 389154 390005 399481 388687 394971 393910 394408 391534 387705 393005 392659 388606 401616 395078 391587 391739 398477 397975 394805 396193 404666 393454 396022 391374 395179 408909 400245 390866 373630 395131 382739 389423 390207 395071 394284 386924 394055 390799 389136 390763 388640 390165 387562 398255 390879 396131 390341 380890 396446 386510 394455 389323 392693 396125 393378 396539 391500 397136 393052 392171 403810 387574 390633 392287 394173 391310 388288 384979 392664 397316 388182 390952 390773 393765 389651 391570 389735 389749 399924 392350 390022 395553 388579 398120 390662 388884 392855 388919 395582 404288 398287 397955 390268 395718 395207 388677 388516 395610 395540 397124 392565 396889 390901 408511 393170 393940 389280 402812 388423 397647 387460 390461 394118 393687 389032 392060 391359 395183 390869 388406 390078 387745 388949 393714 393497 397974 383581 394792 397744 393549 399875 399496 406222 395289 396695 404720 397754 392843 397896 396456 398697 398926 408329 387743 398032 397265 396033 405849 396069 396345 394152 401784 402312 397139 395703 391831 387414 405233 397501 398647 402647 390994 407949 388283 397567 396472 398094 396661 398026 395996 395016 388853 391763 405211 400233 402745 395195 404770 406536 402719 403465 399342 404057 388744 401645 402610 405369 398618 397360 402481 401306 399727 393689 392004 396812 411626 393486 389031 397390 402905 402624 392925 409956 400499 408625 403896 396326 397530 402449 400754 408144 401743 395318 395454 391654 402892 389379 399465 390979 393222 406266 401091 570942 403786 405184
390554 402821 572360 388673 401917 404972 399438 393188 396999 403383 400127 400466 398001 397297 387610 393144 398133 391276 398090 393243 395055 402845 395430 400573 396113 389004 398491 399581 398964 400528 398471 395839 401907 408245 395585 403492 393322 399859 396084 398089 399794 398682 388431 407153 393857 396034 388667 391785 396152 405309 398863 394899 399593 391379 395043 399187 396598 400757 392051 398068 392212 402207 396189 398650 393199 390779 391089 395797 401442 395508 395097 394897 397680 392632 394406 393839 395593 396925 390428 392297 390765 399694 395294 388509 392358 392203 385720 401797 389555 401566 392095 402670 399177 396278 397171 403686 396137 396626 393131 397551 405756 403422 389184 377628 388733 385366 388034 380794 392579 390696 388475 397395 393777 389935 389492 382099 393238 387405 401915 392057 398780 389796 379318 395932 387948 398611 390375 392987 389592 393503 400257 391963 397470 393034 394554 404437 390460 395640 395044 397089 389710 391406 385666 394678 395021 389915 394628 391872 393218 390633 394549 386542 392634 398460 390864 389303 396246 392676 398911 390678 389229 390683 391600 393895 404531 399891 393580 388827 392920 394835 388422 388731 395255 399655 396670 391312 396936 391884 409287 396599 393785 394343 404307 388779 393249 392006 397296 389277 394393 392063 395797 394306 393083 388080 391006 390031 388917 392675 397975 392106 397580 388182 390337 393341 389649 403711 394851 401515 393595 396148 403233 396926 390415 395511 396773 398732 397085 405283 389544 397435 389997 398532 403579 396031 393998 395261 398277 398199 397199 396494 395089 385354 400924 396569 398433 403794 392858 399629 393539 396847 397515 399359 398893 398786 395555 395597 391970 394106 403050 393848 397170 397097 402742 404081 401540 402914 396881 402367 389380 395456 405002 402073 401729 392663 403747 404225 400081 394384 394613 391584 410666 396332 389548 397049 406210 405944 398532 405682 395971 404580 405636 394568 400602 407626 402974 408014 397298 390786 392140 392481 395427 386965 394832 394475 396953 406560 396671 570243 403524 404426
389818 408649 567048 388356 401550 406526 397295 391342 401710 405222 404797 402051 397530 402868 387845 394555 396905 392113 397603 391765 398197 404058 392156 399170 398172 390408 395743 403561 400234 400532 400163 399263 403236 405441 397052 400127 389095 400713 394317 400810 396642 400669 390062 406074 397608 397649 394040 395291 396509 404055 394800 393161 398373 393317 398507 400003 396787 401087 387827 394655 391969 402155 394657 402338 391477 393154 393693 397213 400936 393381 397844 395692 399094 392953 402514 388864 389753 397388 390842 398140 393151 400582 391379 393818 399871 394851 386508 399604 390847 396782 392600 403520 391736 399100 394789 408909 393746 393969 389607 395860 404099 402241 392759 381302 393534 387445 389614 384751 393256 397228 387424 397093 393838 387369 393005 390119 390953 393458 395777 393511 397287 391295 381318 401316 390454 392182 393287 392310 399456 394549 396695 390628 399170 396845 393177 403025 398355 391944 394778 389282 388031 388109 389006 390172 394136 390004 385917 394740 397589 391656 396669 390795 389152 398069 395131 391735 401119 389336 400058 397781 389370 386959 390164 393705 404620 398004 394745 389002 395737 395437 391029 389323 393405 398128 395620 392762 395828 392096 404782 394127 394771 392882 402138 389772 395791 388679 393732 392830 393907 390957 393780 395581 394443 390755 391197 386921 388326 393314 396522 386955 401080 386378 394903 393452 393591 406460 397257 396258 398249 399998 404026 398929 392942 397957 394779 399890 396797 407868 387169 397764 394134 389988 405518 396977 396084 398027 397203 396525 398651 397184 396152 390674 405010 393609 396077 401137 389632 402034 397173 396216 395874 399271 399674 397491 397970 393942 390521 392675 410537 397116 395917 397738 403484 400330 402546 399898 401253 405451 388866 400134 406565 399562 395781 397513 406889 400430 396297 393242 394974 391714 410770 394910 392123 396118 403106 399844 396998 407032 400751 407475 401059 389219 397855 402386 403938 400812 401607 392404 390819 385208 396973 392209 398290 396421 393483 404314 395959 573395 403364 404881
391026 407131 577744 386511 403149 403266 397382 390159 402123 404957 400393 403807 399289 404391 388962 399372 397350 390856 394342 393242 398686 400761 395084 398800 397410 393408 399448 399761 393532 400114 401227 395502 400592 410923 394996 399035 391444 394560 399309 401565 392853 402841 389664 406786 393413 394609 394511 391275 400100 406987 395109 391983 402378 391355 392779 399759 396748 399247 383111 395542 393191 399986 395296 394256 392861 390674 389565 395196 408017 389532 395226 393016 400632 392645 399551 392897 391086 393936 389090 397404 392762 401668 395587 390386 392136 395872 387713 403225 390447 396494 395476 400395 396305 395935 395455 407047 395601 396142 392533 398707 404939 402221 392269 380119 394083 384985 388209 388320 394654 394880 389438 392877 391694 388338 384888 389413 389426 392772 399882 391055 396623 394050 382986 399888 386072 393962 388006 387851 401731 391894 393724 391125 397784 395406 391449 397464 388424 390274 395076 394768 393278 386295 390625 392885 392834 390170 388202 389034 397746 392337 394030 390044 395896 397325 391402 392891 398041 391025 403066 391921 384020 388726 394064 392001 405081 401597 391565 390992 392707 395774 389525 391612 393918 395356 400622 391980 396624 388512 408669 397688 389793 395190 409568 391534 394813 393571 392162 391694 394245 389212 390845 398775 393737 385892 391878 386928 390382 389793 398213 394160 399161 392023 389509 393387 393414 402189 399233 399632 394937 397679 404645 396378 393254 395776 398595 396628 398737 404910 386149 396018 395681 394207 405113 396495 396000 396811 397548 399045 394828 396242 395698 389281 403808 400173 397597 403983 392057 403836 392679 394375 396870 403924 399374 400527 395038 394437 393057 393192 402396 394995 398821 395288 399196 404787 399158 401907 400535 409111 389215 402260 403642 400766 396006 400014 404180 403632 401033 391577 395648 390906 410109 395843 390021 400167 403003 402413 396002 404710 402611 406397 406780 395010 400238 404683 402353 404634 399240 397515 392714 388361 401519 386398 399375 393816 395635 408534 396924 567806 404380 407506
389210 401341 568304 387635 402869 408790 399877 391747 398495 403327 398869 405265 402920 396905 386688 393695 397411 388877 396003 392709 395079 400052 393527 400800 393001 390460 397628 402267 397401 401391 403484 397114 399813 411165 391475 398389 392633 398973 395902 399090 396416 399840 388691 402028 396430 391873 390847 396345 396678 407710 396632 395000 399783 392609 393513 395476 399840 396831 388630 401036 395978 399096 395789 396471 391423 388920 396560 397780 406562 393787 395175 391874 400427 386887 403052 390048 387571 395114 393773 390065 390912 400702 392261 391242 392496 397677 386363 403694 395087 392827 394511 402033 397140 395332 391733 403869 393328 394962 392835 394615 408748 397930 392486 378568 394219 385014 388796 384422 391950 397086 386169 401152 392309 388314 391575 387043 391947 385348 397069 389419 397416 384146 382809 397792 389104 392111 389077 389643 399303 392545 394387 391872 396748 395757 390430 402373 391820 390483 394692 396427 389607 391730 388937 390754 397429 386761 391024 391559 394991 390920 394631 389662 392048 396956 391391 391613 398495 391876 398635 392074 386792 388222 391474 394726 406258 403205 391727 392872 396282 398199 392978 391592 396349 398711 397059 393401 395176 391799 407085 393110 391951 390356 402543 391149 394303 393594 396326 398554 398240 393640 387782 391137 389307 390396 392050 384475 389016 391625 398806 392112 399363 388033 392208 395585 391296 405233 395608 403359 393047 397143 404922 401232 389565 398585 394318 396584 394089 407604 390612 401994 392256 394698 406787 395520 396377 397480 392231 398790 398489 398874 394379 394557 403880 396643 400274 405231 393470 403696 395474 395213 401208 401191 398693 398154 398488 392832 393649 388347 402461 398488 398710 394706 403631 402394 406281 402697 399690 404704 389712 400348 402497 403384 394934 394590 401165 398630 401410 387875 395279 392513 408009 395982 391402 395141 397967 399934 396356 409163 398673 408382 407953 389617 398074 403118 405251 404417 403016 397366 393372 387882 401127 391034 398362 393139 397883 403369 389553 569581 399741 402208
388677 409733 572802 391393 399724 406891 401977 392970 399252 402485 401870 399806 401692 402671 388886 397173 395749 391675 395772 393935 393895 404448 393224 401299 399618 392803 402829 405699 401990 397673 403244 404234 400566 407057 392337 402674 391749 395122 394418 396795 396160 400025 395053 407236 394895 394210 392578 395640 398120 402935 394199 393277 397542 390237 394758 396807 399205 399475 385957 399107 394776 403530 393529 397166 391145 392850 396086 392824 405981 394908 393091 393806 401298 395059 403137 395490 390820 396795 392341 395423 399163 397844 392687 392337 394236 393632 386774 397537 391929 394814 397187 400517 393362 399546 395717 405869 393699 399310 391055 394911 404605 398731 385799 378427 394361 386234 391086 387512 393971 396858 388288 399254 395347 388304 392166 387730 393070 391052 394935 394150 399342 389770 381544 402774 387559 397250 389416 389725 399649 394528 400076 392576 395732 390564 390372 400540 388763 388124 392757 396652 390307 391102 390520 392088 395216 388035 392307 390767 397872 393271 395872 387505 394134 395995 394161 391165 400981 391949 401945 392258 389086 393618 390253 394671 405558 398882 393454 391229 398540 395091 392446 387211 395347 401420 397260 397670 395002 390546 406605 392077 393540 390098 407638 390957 394150 391275 398904 395091 396407 391219 392932 392844 389544 389879 394321 384836 388305 392116 394370 390664 400590 390102 391485 396896 393139 402232 400400 401786 395026 398868 410501 404428 395634 397036 395740 402037 395253 406083 391467 401123 400012 395052 404268 401549 397203 394176 400737 397389 395509 401171 394294 392754 404200 396690 399366 405260 393262 406448 394477 393425 393705 399474 402127 401871 399380 395516 392868 397600 405263 395948 398361 393115 404247 402919 402745 401805 401751 405583 391483 405185 406439 401782 396973 397476 401384 403735 402160 394541 397402 391284 407655 394979 390012 397946 405538 401724 397447 405219 397557 411228 401652 395704 399560 405601 402281 401583 401808 392764 394457 390976 398852 388850 397603 392799 398429 405680 394850 572412 402449 405272
391921 404882 566729 387964 397522 406906 401067 390220 400113 404859 402947 396830 399472 401185 387535 396524 397727 391695 396798 391909 394499 397324 394132 400910 399206 391675 398147 401524 395915 401218 402793 400432 400638 407120 390344 400077 387809 401441 395450 401830 393505 401185 391070 401418 393517 394630 392435 397512 401601 409673 393778 395994 400859 391065 394394 398566 399670 398718 388446 396441 393447 398256 397404 398360 397024 392614 393293 397558 407019 390468 391004 393359 401209 391956 401281 391068 391415 400731 391909 396408 397869 400660 396019 392030 396818 398180 388873 402011 398124 396389 395039 402036 398185 401253 399203 409056 389655 398123 392920 393700 406781 404603 389757 379653 391429 383561 389912 384938 396243 398708 386149 397386 396889 387108 389633 388964 392108 389759 397100 391760 402115 391752 381316 397208 390172 395711 389929 390597 396351 391700 399028 387025 396212 391095 397066 404587 393105 391404 397293 394270 392969 387253 390038 393146 395457 386175 389441 388153 398402 388295 394688 390924 395985 396074 394044 393332 397762 393700 399401 386439 390839 391936 394188 397124 406837 400972 393244 390779 397841 397214 393395 390183 395867 400034 398142 398539 396023 388833 406160 393926 396061 391927 402602 393500 395966 389379 395556 398982 396233 391054 390330 390911 389427 386771 391106 384107 388201 391509 393668 393202 398212 388718 394306 396251 394769 403913 396263 406332 396922 395726 405031 396576 395564 400174 397642 398051 399215 409128 391071 402553 397621 395523 405094 394981 397886 393411 398175 398376 399498 397930 393678 390622 408616 400625 397649 401827 389626 404032 394187 398958 397058 399649 398247 401006 402043 392360 393875 389441 405369 401556 399503 395773 403569 404611 405429 405779 402575 408784 388538 401239 403337 405629 399818 398742 406389 404817 399066 393665 398995 392360 414492 393011 392264 398704 408207 401187 395335 406020 400719 406571 406381 394351 398338 406396 399882 407325 401585 393361 395466 389570 397621 385429 395311 395789 397350 405340 396748 570465 406992 404724
395020 404566 566790 387418 400226 403833 400054 389061 397068 398242 401755 408286 396703 399157 388303 394222 393363 391823 391876 394427 397644 401448 397081 400536 395376 391360 395409 404595 396637 396419 398473 399031 396117 410049 391521 400724 391244 400558 396844 400550 397005 402685 390382 404294 396579 396687 392325 395368 396139 406504 397139 394416 398269 394470 391818 399839 395783 396170 387264 400746 392330 397370 390469 395945 392513 392687 395987 393974 406736 391546 394895 396619 401175 387223 397543 392770 393062 395835 387941 391689 393350 400808 396332 393401 399543 393190 387313 402432 397009 397868 393373 405696 397056 396724 394218 405129 396145 394763 391811 392613 402046 401517 391101 379135 392375 385184 390058 391150 397234 396847 386907 398723 393808 389012 390281 391158 393265 395262 397396 396251 401064 388424 387412 400203 390174 401575 393160 391492 400455 392743 392826 387977 399467 392937 394152 404267 389687 391615 391828 396272 394857 391290 388237 393711 396096 388308 393017 389798 396199 393488 394671 391043 394162 398810 396418 388256 397448 395940 399521 392207 389155 390966 388769 393715 405122 400064 394575 388618 395097 397602 394794 386169 394009 403128 397719 391228 396962 388152 407713 394843 392308 387092 401584 392133 398527 392008 396039 395259 398609 394082 390418 390041 391557 389188 390398 384499 387156 391438 392982 393329 397038 388347 395472 396101 390600 402557 395638 403607 398346 398280 407369 403264 392920 396635 395661 397929 400645 407438 387944 397552 393713 399151 403445 398081 398412 396917 400691 400932 393439 400756 392345 390878 406963 393687 400413 405780 392681 405684 394208 396337 399336 398495 398568 401480 399722 393911 392638 393837 403339 396465 400284 394600 401195 403045 407794 407444 403421 405879 390229 399183 403691 400527 398697 398272 404352 402794 402883 393559 396206 390857 411706 398527 389658 396560 403841 403967 397367 403841 402604 410154 401060 400181 396077 405817 404224 405932 401094 393829 395829 389509 401383 384748 397483 392306 398125 403343 395885 574024 406291 402627
391699 406725 569978 388471 396528 406415 396437 391647 396456 402419 400263 399723 397832 400263 387367 396313 394409 387604 395589 389682 395537 398124 394797 400150 401314 393734 396846 399206 396843 392588 398601 398569 403486 412917 390649 399691 391838 399642 397906 400694 396835 402779 391201 407334 395268 392270 390920 392276 398997 408323 398091 394421 398654 395674 392132 399280 395557 399076 386979 401315 398132 400180 394854 397127 393510 393819 394933 395487 408277 395291 393797 398544 403212 395323 403766 393701 392985 396168 392366 397590 399292 399581 395500 393662 392643 390249 383747 405115 392995 397929 395313 400273 397802 399062 395526 403388 392666 396859 394351 396555 406906 400638 390203 379158 393816 387091 391975 390941 393056 392873 389504 401415 392979 384308 388581 385619 389438 391639 398103 393618 404652 395814 381912 399174 389444 396030 389738 393640 397859 392427 396870 387919 397317 392486 389357 399122 390986 390954 392534 395629 390207 388274 386795 389947 397930 386714 392186 390148 397481 394489 392445 390363 392547 395165 394723 389736 393673 389587 397505 394473 391589 392224 392669 392675 402764 396752 393508 391495 396213 396511 393693 388183 395898 397322 401429 393988 394294 386688 409319 400343 392225 391400 399968 393269 400266 392655 398553 393443 395749 396895 393255 391683 388976 391444 387216 388934 389187 392989 394552 392449 398000 389560 391884 394593 397267 400102 396153 404191 390927 402489 404545 398230 391391 393714 396717 397444 396886 408823 389687 397088 397665 393230 407027 396688 397126 397578 396043 401303 396952 402385 396898 386389 405471 403680 400420 408471 383208 401921 396504 394272 396791 398042 403679 399159 398515 392715 395469 397233 404536 396903 404755 396242 407825 404642 403547 406445 400542 404968 387999 402801 404005 402103 399451 399917 403292 403485 401335 392323 401645 394797 409146 394012 390931 395078 405957 402149 393219 408323 402165 410460 400194 394482 395694 405432 402301 406076 403846 392157 395185 391159 400505 393961 397804 395628 398078 402243 395581 570986 402137 404188
389640 407053 564809 386970 399636 407931 402887 390120 397878 401999 404424 403056 395578 401256 389456 393828 394372 392114 399137 388181 393746 398569 390820 400085 401238 389139 395220 406582 400148 398891 397613 397857 400334 407979 390617 396320 393577 399834 395834 405198 402486 404056 387541 406820 396445 394708 393553 392340 395309 407446 393938 393504 402502 393008 397377 400003 394006 399826 385609 397175 393203 403872 397352 395992 396747 392038 393005 390810 402809 391873 393041 393075 403707 393261 404151 391924 388130 393424 389876 395377 392532 402939 389705 393358 396607 395990 386090 403105 394752 397215 392940 401717 396760 398342 391046 404806 393148 397857 392780 393705 405185 403162 392445 381263 395205 387703 386492 389588 392997 397440 390347 397389 392892 385692 391235 383384 391868 393483 402818 392698 398679 388130 380134 399270 389774 395329 390884 389747 395244 396457 395202 389754 395341 394923 392410 403564 390072 391653 399926 399036 390400 390125 392990 392303 396129 387384 392905 395437 395525 390526 394809 389799 394157 398106 395938 389937 392888 390103 397470 389847 389043 393034 386491 394429 406363 401864 396973 388425 395431 397103 391501 388159 390169 398233 396713 394457 395419 393293 403375 398845 391095 392867 401346 390207 393756 391689 393716 394188 397294 397087 394582 393696 391603 388997 390243 385882 386743 388567 393795 393026 396348 389376 392207 398276 393362 401381 400376 401526 394514 398292 408495 398223 393393 394474 395250 394669 397985 413653 392213 402345 391293 396128 404176 395032 393692 393907 396329 405084 401834 400787 392595 389010 404101 397370 399214 402293 394729 406008 390806 396514 395742 401956 403907 396631 398559 399692 394682 395970 408088 396715 402285 396166 404206 405062 404142 407156 402847 409006 391199 403035 405908 406233 401160 399166 405133 406025 401934 397512 398742 391767 409423 394969 390811 397140 401643 400095 397200 408176 402437 407703 402137 399431 398878 403361 398184 401511 401516 395696 394061 389135 400345 386590 400652 392401 397466 402024 393804 572958 404811 403256
388594 407208 569020 389259 398144 405334 402198 391352 399675 394901 402073 402195 399227 403902 388331 395375 394818 390703 392908 396040 395458 399491 394337 398009 397706 392324 393926 399234 400436 402609 400112 399729 395856 407075 391390 398170 388998 396613 393065 401252 398136 398535 390516 404166 393466 392737 391687 393446 398132 406556 393373 394896 398851 390125 393141 402063 393269 399947 388081 397910 395914 403319 395674 399063 395400 394831 398195 400000 406813 393663 393133 394485 402372 391314 400041 396556 395310 398871 390493 393238 392414 399811 393455 391033 398384 395419 388480 399691 395144 396940 396979 401570 397434 402558 395470 407157 397155 394154 394772 396534 405134 400963 394551 379748 395981 384840 392583 387136 393401 395754 384564 399671 391784 384094 392306 391336 394235 387811 399314 394342 402311 390338 384306 399367 391174 392918 388214 391073 397994 385882 401544 389062 399270 394552 387548 406141 389373 391467 394815 396569 389695 389826 388547 394148 400010 388699 389891 390089 389311 391591 394203 391257 392573 397135 393414 390836 396501 390219 399254 389797 388990 389178 392632 392957 403469 401985 394307 387903 396212 393875 383787 391850 392294 398608 399413 394481 394080 392357 404984 397750 394536 392378 405327 392750 397857 391069 398637 396271 394941 391629 395700 391793 388873 391167 391861 389850 385136 392692 393042 393152 398783 390151 394817 391782 389308 405526 397211 403824 393919 399050 407421 401866 393399 396587 397006 399344 392567 409157 391344 398118 393833 396845 402680 395906 395633 391136 401741 402744 400108 399461 396318 390502 406370 402451 402006 404177 394478 408693 397177 397371 396797 399382 397065 399007 399320 391642 392811 397567 403055 400066 398900 398054 407333 404224 405456 407239 404566 409522 393270 401977 409117 401876 395877 400020 404440 401279 401603 395937 396281 388816 408435 397738 393871 402051 406249 399754 399860 406134 404327 408309 399118 396947 397178 408168 401332 407211 400364 394609 394576 392576 397270 387448 395318 390880 397674 405543 397917 573664 404980 402301
390798 405583 572497 385821 402909 409447 399107 395120 400379 404111 402619 399226 400050 395692 386838 394969 392043 391041 395505 390814 393584 402618 395184 402820 400101 388462 396330 397606 398802 399339 400836 395531 398027 410172 397124 402488 394071 397865 397259 398433 401255 399240 391644 407201 399167 393364 391624 399429 399767 406371 392991 393556 399722 392358 393455 400398 396017 403052 392681 397684 394665 405088 398997 398470 394369 394964 395213 399032 407532 394345 393582 394898 403524 396505 403084 397525 391782 397041 391716 394738 394547 398799 394572 395186 397772 395153 389048 406736 396283 394480 396804 406331 401431 396650 396557 407646 399083 400614 392979 395871 407002 405061 393045 382359 395923 388089 394832 390817 396654 397157 391724 397746 393386 391235 393135 389723 392789 391055 404854 391641 400693 394689 384888 401513 385466 397397 389079 395043 398171 393769 398181 394638 393536 395302 389997 405711 391796 390417 394089 394079 394704 389703 387960 390029 395114 388639 392322 393611 399152 389395 394099 390677 394540 397730 395716 387578 403439 388990 395074 391821 388650 393871 389557 397819 401784 399082 396478 386208 397148 398830 390348 389526 392262 396923 396588 392642 396324 390390 406293 394175 392150 389267 403345 390847 393709 392997 396970 394174 395739 388397 392283 393049 394556 393100 391768 388711 385232 391305 395364 391519 396423 395533 387853 394344 392534 400490 396723 403207 398192 397750 405351 403887 393896 396810 397810 398348 397807 407316 389009 398482 396541 393353 405933 398312 394099 395114 400318 398793 395721 401522 390545 391590 406601 397068 401046 402960 393383 408298 393852 396153 400218 399874 401989 398858 396507 395928 396895 397918 406160 399576 403124 396672 405413 407515 404044 406398 402005 400514 393011 404499 405723 408664 403885 402400 406250 401620 402170 397008 395017 395296 413383 400179 392110 395463 403456 405529 401135 409823 403808 407586 403402 403286 400563 405588 404502 401050 401732 392725 394366 388523 405311 390123 398741 392935 395406 405269 397428 574972 407817 404194
387088 407917 567710 388305 398918 404231 399826 387534 397111 403009 400595 407483 396844 396577 389449 393048 395306 390100 395842 390558 394921 400894 392396 400803 400426 388916 399632 401588 400514 395750 402619 399769 397381 407315 389126 396066 392224 398297 398139 401810 393895 401725 395711 408395 396712 390327 390347 396319 399597 406455 392411 395293 400181 389920 395009 402056 399829 398580 390591 400001 396022 403078 397199 400237 394418 395177 394730 397837 407171 393693 393837 393618 405665 396120 400201 396295 392174 397473 393289 391314 398796 404007 394072 395176 393204 392829 387634 402371 393133 394125 396743 399436 396522 398682 398507 409880 396513 395043 394817 399102 403792 401595 392386 380116 393276 389758 392503 388927 395633 400011 390983 395642 394617 388181 390157 386395 396960 392978 400934 392978 404543 392120 383379 402806 392183 395811 388224 392185 393856 385636 392247 392363 397952 393702 393890 403848 391158 395305 395100 395547 387796 387909 391141 389441 396232 390469 392220 394983 392241 394206 394334 389178 396171 397324 393036 386576 397005 389743 399937 392746 390182 395301 390823 389335 402744 401638 393493 388563 395963 395981 394054 388877 394241 397734 396103 394355 393984 387276 405801 396927 391408 389986 402159 390428 397784 389256 397597 392079 391067 391708 394398 394719 393715 390755 395367 388938 388475 391183 397657 387790 402203 393381 389122 392056 396257 400898 400830 401835 392412 400053 404335 399659 395528 397361 399070 399353 402337 407706 390138 397455 397104 397609 402941 395772 397219 395882 394992 400114 398003 401736 392957 387522 405779 394388 399829 401336 393958 408541 395000 395362 402141 397072 400551 400432 400852 397481 396291 396149 402503 396903 402237 401072 402224 400083 404667 401883 403956 411292 389717 405954 408926 402545 403662 400066 403996 404694 404255 394829 393037 391513 409570 396453 393490 400137 405894 402512 399937 408653 402360 407853 406727 396315 395503 408368 400811 408492 401784 395789 390148 391173 401788 392109 396039 394487 400459 404738 395851 575937 397486 405370
388640 404868 565603 387392 397165 404120 396654 391194 397835 401175 405375 402245 399876 404715 388931 393799 398093 391188 389693 389883 393822 402920 392219 395994 396397 386469 394801 403350 396000 398287 401495 397337 399582 407826 387487 400426 394748 397219 395517 400503 395795 398999 389890 402305 394669 394640 393945 395826 395945 406256 393088 397567 402475 390051 389691 403867 396573 398807 387357 397053 400458 400634 398042 398824 393313 389863 394772 393640 407215 395392 390855 396964 402228 393185 402072 391933 390939 398520 394150 394328 395518 396994 392806 391124 398246 392734 390824 401412 393977 398188 395651 399277 394535 398689 397558 408581 395484 396968 396524 397304 407382 401485 392770 382664 396958 387422 392413 388628 395275 393487 392472 399304 394340 386780 393131 389326 393068 391629 401005 392161 398565 391279 387385 395205 387462 392656 392337 387509 393429 390698 397708 386512 395587 392231 391883 402809 391076 392317 392151 392100 393331 388613 386161 388726 392641 386691 391625 400654 394463 390243 393598 388324 393435 397455 394415 387480 398331 388302 399024 389384 387383 391003 387729 392751 405165 397570 396429 388992 395799 397604 391519 388838 392241 401890 400864 393098 393105 391365 411894 395110 391869 389269 401188 385538 399177 390609 392834 392119 399353 393656 391874 395079 392575 387355 387343 388959 389262 387864 400033 394405 397992 389399 388368 397575 390335 402587 397547 401541 393225 397302 405883 398251 396031 395400 394593 399335 396496 403093 393346 395422 398821 396536 401586 398148 398460 393334 397625 400454 398779 400800 396508 391685 403768 399838 397895 401275 391140 401266 393688 397789 394983 397606 399263 399366 398399 392996 392886 396452 403113 397476 400633 395631 405559 402558 404396 405517 401392 407554 390613 401798 406467 404390 400999 395969 409202 402282 404797 391900 397620 396203 415187 399021 394035 399693 399473 404813 397413 407815 402168 412436 406401 393509 400219 407842 402995 409166 398153 393815 396065 394186 399787 385950 395573 389870 398574 406773 397289 575917 399938 403623
385984 408058 571679 389572 398642 403584 401500 388462 397556 399757 403866 400174 399331 400618 392757 391612 396904 389748 395167 394654 396549 397819 393852 402667 393138 391826 397431 402603 393738 398698 401074 400019 398801 405621 391898 395173 389522 401174 393806 404037 396701 400233 391690 404589 395496 394836 385776 392841 400903 403597 397864 390930 398299 393584 395225 397288 397396 398496 386964 400380 392342 400793 397159 396342 397306 393098 392981 401920 407514 393166 395317 396847 401361 392447 403505 395347 392108 396333 389939 397389 394211 397087 390702 390023 394126 394861 391365 402531 391635 399717 398085 401538 397557 397450 396826 408778 395971 398672 394817 392234 409897 402211 389781 381071 392457 387776 389670 389887 397011 396027 387944 397427 394574 386182 386779 390696 389372 396242 396961 392559 400961 393225 386594 399652 387108 399317 391058 391999 395099 394574 390788 392104 397676 395132 393416 407821 390816 390537 393599 391621 390931 389960 388515 390749 398607 389703 393302 392825 393786 393888 397713 391413 394718 399971 394864 392787 396560 394055 401781 393874 393490 389645 394882 392774 403021 398658 395450 391716 394963 393863 393326 388307 396278 400199 395146 396835 396951 391147 406915 396772 392739 389370 403421 389576 390358 390995 393362 394824 399246 392226 391937 390992 393125 388903 396033 390858 388480 389508 397107 393038 401028 387566 389807 396163 392829 403587 396436 404995 395218 401674 407419 402084 397228 396368 390622 399429 396365 406959 389778 397523 393832 397940 403615 398023 396747 391837 403370 400063 398062 397105 396050 386675 401451 397691 397799 403693 394105 405975 394470 395742 395196 395018 402818 401713 400122 395128 392250 395307 406089 404591 399643 398325 405076 403046 404176 407352 397975 412023 388779 405220 405130 401829 399769 397051 407275 406480 400823 395603 395790 391987 413752 399263 391851 400815 403914 400914 402106 408301 401313 408991 405433 397383 394969 403138 406132 406437 400181 400292 394358 391450 400327 390763 396647 393418 399786 405780 397774 572886 404612 405230
388333 402569 566790 387378 398423 401335 398125 393061 394863 397144 404571 401996 397808 401850 385268 399212 398552 388299 394395 389535 392189 402093 396480 397707 396533 394177 398186 398700 393107 395308 397183 399844 398421 407777 389418 402379 392158 397816 395664 399835 395404 402633 395667 403278 394181 392680 390336 396630 395037 408201 393530 394818 397113 390630 394719 399608 397826 401713 390403 399651 393854 400407 395518 397369 396382 394822 396684 390418 408173 392419 394037 393165 403567 393315 398541 393665 389226 396306 390098 394988 393711 395330 395874 395311 394224 395929 389431 401781 393559 399874 397491 399638 400642 400193 400419 408877 396490 394652 393487 395157 407862 402021 392144 381738 395790 384595 388527 389608 393746 396304 389313 398548 393712 386208 389132 390198 391384 389685 398916 396677 399018 394285 384340 402077 387073 390494 390324 396679 399098 392485 397240 393550 392823 389742 395743 402371 394042 393156 397273 397250 391027 384713 391817 394960 394347 387510 393484 392901 399320 389912 395278 389817 393823 397545 391249 389616 397113 394627 400246 389709 387535 391528 389381 392590 402549 398174 392212 390203 392979 394007 390053 384997 394744 397622 400130 392036 394722 385673 407520 397169 393308 393699 400946 389992 393564 393465 394661 395676 395840 393900 393035 390142 391906 388889 397472 389647 386126 392770 392770 395823 401006 389984 390137 393530 395629 398785 398883 403147 396242 399606 403076 398783 394836 393504 394357 397599 402466 408084 393766 401658 396578 396198 403126 397845 395645 395475 397961 397193 393526 398853 397767 389777 402118 400870 400421 405877 392698 402779 394457 402836 397874 399633 402300 402839 398031 393163 391064 393739 404993 394893 401978 394716 406470 402880 406211 406458 404771 405962 392236 402876 406716 404058 398008 403910 402507 402532 402479 394018 400375 394050 412171 397959 395450 397515 404999 404110 400734 404960 406731 406466 403264 399035 403732 405249 408270 404936 401164 395790 393978 392466 404318 389184 402390 389191 401038 405101 398629 571585 403369 404149
388985 406676 568892 387203 401000 404964 400705 397747 397469 398255 398877 406121 396233 399314 390506 394155 398447 385985 391683 390140 399956 397848 390712 399027 397653 391673 398773 403091 398960 396501 400079 398089 396638 407932 388834 398906 388107 399621 396184 399422 401379 402815 386680 405225 396697 394909 391571 395278 398499 408485 395494 396645 400957 390951 395691 397868 397603 400943 388054 400548 390190 405201 399549 396212 398467 393395 395828 395279 408586 394945 391026 398425 403990 394975 395799 393353 393594 396088 391057 393702 391577 399074 389752 390754 396069 396311 387785 404713 398073 397691 396290 403542 397096 397406 398942 411305 393928 396551 398557 394986 408224 403885 397756 380241 394451 390081 394414 387729 397044 398304 391915 399734 394371 390925 389049 392729 393477 392436 397726 396864 406186 390513 385912 401901 389571 395138 390831 392297 405008 392443 395919 391184 395176 392808 393549 403628 392402 394576 394794 398389 387693 388665 386176 389286 394278 388106 395116 395301 395471 391614 396589 388445 392010 398680 394639 390570 400492 390560 397288 393167 392821 387343 390659 390965 404086 395131 394160 389023 397405 392757 391732 390416 395249 399997 397739 391885 396322 388178 407775 393398 391223 396737 399064 391389 395304 392634 391297 393847 392436 387041 392169 395254 392241 386879 391609 385583 387699 390721 397153 394142 399430 385621 392467 395153 395582 404661 398036 402506 397512 397254 410737 402117 392553 397591 394333 399066 395747 411625 384764 399648 396817 396513 402838 397739 395173 393468 399748 400581 395243 400930 399029 392917 407468 396493 398662 405255 392021 406097 396701 397533 397273 400585 402562 397873 398492 396296 399122 395960 404556 397454 399391 394586 406053 403189 403954 405921 401041 406023 392793 401840 408612 406271 400598 399420 405832 402110 403609 395971 399163 396280 411907 400114 393746 399749 406850 406373 400920 411954 401586 407341 406683 397472 403571 404852 402025 402664 401159 394577 396167 391244 398758 391170 401127 393830 397093 401978 398088 572262 409038 404967
392167 405283 572300 387449 397060 403529 402122 387204 396549 399859 400653 403451 397292 400927 386809 400189 396822 391476 393704 391378 391065 401801 391099 398278 397736 390656 395813 398174 397837 397520 404199 400002 401679 407262 394563 396846 390945 399428 395878 403275 398997 400422 393050 404268 394876 395755 392270 395624 396005 405606 395319 391564 401953 394412 393775 403099 398121 399631 390522 399657 394168 401985 395766 402573 390709 393573 392996 396834 406738 392017 394784 400075 403019 392038 404136 394257 390662 397797 388465 395165 392325 399603 396036 393385 399276 389333 389871 406684 395449 399097 392914 401578 399000 396266 395576 408496 395451 396884 394476 393181 403237 404735 395638 381151 394342 390393 392313 388389 398236 397116 391534 395325 398832 388629 395970 386546 396065 393620 403717 394001 405172 389509 383514 401186 388610 393961 389831 391386 400772 396645 397818 395693 397947 395338 391353 403383 392257 393960 396180 392681 393658 390002 387561 389316 396664 387094 391613 392097 400766 389448 395046 389607 396025 394173 395490 390471 398598 391034 398771 389735 386347 391395 389728 393559 401823 398783 398828 389847 395215 399226 387291 388968 390340 397658 396404 388869 393118 392452 408001 396431 390636 395459 405209 390862 396038 390454 399357 389409 395037 397429 390414 392434 390467 390631 390416 385033 392665 391082 397384 394220 402879 389351 394009 395388 394779 402322 397959 400811 400896 396219 403515 400423 392435 396738 397980 403086 397620 405969 391615 400947 395583 397073 404826 398404 399228 395330 400599 400689 398207 396940 396613 388187 404235 400183 392907 399769 396454 407831 393460 393024 398431 397287 404741 397580 403477 392043 393288 390934 410369 398724 402814 398764 407537 404520 404920 405893 402434 407879 392207 407205 403184 406550 400635 402608 406351 406847 406081 392996 395964 394711 413041 398446 392392 402899 406983 407396 398349 412892 400492 411563 403213 396205 403051 410597 407334 405882 399008 397597 396364 392117 398959 395142 400456 394426 398538 406139 398956 571562 403582 404304
389835 405936 567410 385506 398393 404094 397617 395672 398417 399788 401552 403653 398820 401105 389031 395071 394601 390950 395827 393737 394852 402620 394494 400760 393193 391518 398406 399789 397906 396994 400202 395612 396768 408295 390426 396502 391838 400076 399008 399400 397455 402391 386875 404786 393167 394890 394627 394265 397913 402129 391229 399448 400231 393437 395887 394864 398302 399058 385684 400885 394526 401755 398666 400035 396769 393466 394689 396805 403648 394712 394943 395846 398399 391477 405230 393430 388083 398121 392351 392710 395084 401209 390431 392643 398242 394736 389991 402867 392058 400385 395867 397702 395849 401896 395904 406749 393975 401165 395130 396058 402926 401507 392725 379719 392257 389334 390317 392559 392986 396221 396512 400856 394154 387092 392675 387574 393548 390764 404594 396436 402281 392300 385738 404489 390379 394855 389252 392994 397994 390923 394193 389617 397845 389500 389609 403240 389507 393318 396569 397136 389829 393529 390296 392596 399577 389605 394423 391973 396260 393992 395651 393494 389843 392360 393296 392370 398097 391448 400144 392664 391222 390538 387789 398314 400161 396419 397044 392961 396884 394985 392113 392453 390734 398278 401023 395607 393204 393426 410805 396516 391969 391238 400207 393449 397952 393203 394181 394974 399232 393304 393166 395186 391767 390615 389256 390430 385955 393766 393890 395144 400732 388318 390659 395606 394747 403832 398090 404346 397864 397591 404662 399602 388858 397506 397281 398646 400384 408542 392110 400653 394981 394643 404408 403546 397133 392875 399280 392820 402421 394514 394546 390143 402320 399742 399926 403312 392370 404992 389671 399497 397426 401961 404685 399827 398807 394620 396840 393753 400318 395781 399785 398988 402971 407087 403556 404850 404267 410336 390655 402046 404829 404053 399978 398886 410253 402262 403154 395987 398619 397931 416910 398445 393861 399810 407711 406197 398451 410727 404395 410234 406474 394255 398060 402471 402552 407378 403355 395737 395387 390631 402931 389189 398950 394074 398978 410794 399254 573419 404993 407590
391055 404005 569955 387348 400553 405012 397468 392338 398072 401709 400106 402962 397051 400277 391514 394517 395370 391599 394016 395157 399808 393666 392152 401070 392685 392548 394070 398977 396764 393971 400524 397338 396991 411449 391915 398392 393766 399199 396621 405511 400471 401494 391210 404814 393444 391620 393579 397155 391449 407437 393011 391587 399207 392935 397060 395438 398751 401964 384382 395223 394986 398884 400146 397650 391007 391914 393997 394347 405064 394200 391932 396895 403409 394596 401380 394544 387069 400716 389396 396500 397723 395238 392096 393437 391280 401807 386971 403849 394049 397731 397070 402437 396382 401324 396992 404429 397175 397524 398510 394436 407223 401287 397063 380682 396013 386538 388968 392199 392669 393864 385483 396299 392949 387421 391378 390202 390689 388947 400740 394172 403824 394029 383364 401971 387941 396394 387667 392327 400757 395261 399922 391962 399304 392552 392582 406763 391471 392259 398515 397267 391295 387195 391030 393585 394649 388230 392956 394188 397699 397105 393625 393040 393769 399387 393791 390354 394248 396751 396334 393014 390499 393129 394043 389553 404738 399047 389294 389974 396991 398733 391568 391110 395199 398229 402849 387461 393132 390607 410235 396976 390704 390110 406722 389008 394001 391454 398776 398067 394126 391477 394263 391611 389410 391061 394618 389349 387284 388152 394558 393380 399730 393030 390228 397155 391545 403785 400821 400189 396449 401149 405693 403753 394126 402396 398285 397989 395578 406231 388732 402023 396237 395928 403566 401154 397244 390784 399082 397608 396615 400388 395423 390231 402858 396043 399611 404458 395058 406257 392849 397922 395045 400349 403597 397178 403759 395453 391545 390379 408294 393776 401375 395512 404075 405397 409055 405926 401518 407657 388344 403557 406248 402691 404332 398035 406448 403288 399058 394279 402520 392558 413433 400028 394785 401286 405326 403389 402050 412082 405972 411307 407794 399478 403247 408079 402976 406663 402893 395668 391993 393842 401597 393082 397442 391814 400640 408617 398207 573265 404090 407417
390581 401919 573917 389390 399572 404071 402099 391810 398871 401809 403557 399143 396018 396544 391750 396421 395716 390507 397643 396899 395808 402316 389003 398040 399192 392171 394283 400754 396408 396231 401421 398110 398955 409490 392042 399941 390452 394906 393660 395359 396750 401121 384547 405706 392377 393949 391609 393263 395391 402180 395579 393924 395145 392859 392809 402686 396194 396912 387764 400712 392317 402030 399620 397987 393013 391796 395788 395075 403890 389015 394442 397341 402349 393339 402346 398344 390948 398162 390060 398444 392473 400938 395845 391243 399790 394085 386336 404763 394931 401338 395730 400921 397384 396940 398904 409427 402688 396278 392457 394228 409751 404606 393674 380837 392474 388607 390768 389527 394947 401060 389621 397343 397268 388707 391112 388140 397587 394754 402073 393206 400920 393803 383118 403041 388679 394182 390406 393432 404285 391394 398570 388161 404422 395302 394079 406780 390853 397088 398607 396959 391250 391398 391429 395349 399379 390328 393918 391852 397385 398341 399549 391570 391136 397148 393106 391442 397058 392145 402343 389559 392633 390547 390094 394458 403494 400137 391086 391101 394665 398481 386857 389496 390940 396608 397747 395003 394454 389528 408367 396339 392665 393862 403034 390172 390236 393616 390435 393853 395537 387992 396271 389309 395157 392367 392954 386354 386546 390365 389845 393469 398494 388445 392322 396121 390332 405367 398569 403550 394685 395902 407276 404929 393736 397101 398989 397244 399511 412566 389560 399396 393654 400874 402114 399762 397216 396974 399988 400344 401313 399269 396575 390580 407074 400028 399695 404229 395099 404870 392180 398888 396531 402481 401230 403979 395737 398917 394129 396343 403356 399327 397307 393976 405851 406158 400781 405365 405577 406592 393029 404697 407507 405796 400782 396569 406995 404642 407732 393048 400515 393814 416433 396914 396868 398902 408140 402227 401625 410721 402468 415758 404826 396102 404105 406783 405920 408195 399802 401809 396080 396270 404413 393101 399290 392620 398147 405950 400635 576984 406287 404933
390934 408334 572929 389506 404170 407715 401824 390002 394381 398909 402288 402919 395778 400377 385278 395297 397088 390323 395966 389547 393319 397484 394638 401650 400375 390129 396156 399662 398869 395982 398986 395618 397195 411114 389662 397953 389287 402427 395371 396865 396097 395885 392456 406074 397667 391609 390054 389843 395858 407350 392910 393343 399554 386383 390657 400819 397917 396976 389062 398870 395752 404609 396000 399339 393745 394994 393615 392276 407136 390797 392794 395751 401600 393632 399172 395238 389680 399922 388929 390974 400095 394214 393032 393602 393610 396454 389235 403353 394501 398928 393038 403213 399398 401024 398134 410736 394866 397689 395710 395810 402774 402932 392508 382396 395171 386430 392166 387841 397239 396006 392497 399862 395123 389059 392698 395961 393093 391850 398523 392105 404908 393606 383263 400711 389294 397531 388537 396623 404138 391956 397791 390697 400042 397303 394864 406095 393286 395193 394419 401335 391515 389798 391427 391729 394648 391371 392720 394852 394162 394364 395095 392905 392593 400644 391694 389412 396154 395604 395581 391660 386892 390963 389657 395058 404270 399296 395150 391324 395395 398267 391139 387597 395389 396063 397225 395352 393251 394293 407777 394075 394341 391585 402687 391409 397560 390488 394159 395204 396113 393608 395085 390331 394069 387236 387591 385077 392347 391577 400353 392835 397345 386636 388466 395959 390838 403427 397513 401098 395857 400080 409530 399059 393224 397855 395552 397994 395431 406262 391293 395786 396420 398658 406884 392746 397670 395259 401128 400427 397285 399043 395887 389319 407158 398379 398999 401374 392943 405730 392759 392849 395641 400484 402056 402074 400229 399158 394592 394029 408081 400237 398971 396737 405568 402241 405542 404495 396552 412675 391861 405261 405762 406161 401804 398570 402909 407610 400928 396299 397495 391450 409886 399887 390358 400517 404898 405562 401526 407789 407762 407431 410220 395340 398454 407024 404298 407971 405921 392912 397086 393815 403941 393524 399589 393996 402487 405965 401500 575115 403488 409689
390961 404994 571058 389229 401721 404220 400439 388840 398898 400558 404378 402910 397014 401684 391040 397615 399378 392382 399096 391316 396695 402859 396515 402300 396927 387951 400014 396276 395350 393920 400551 396482 396414 407590 388539 398998 392487 398091 395480 399693 399067 400034 392615 406597 393727 395198 389520 394687 399092 405153 394185 398020 396381 390438 394779 396499 398203 400603 383967 392101 390766 400644 399159 395822 397372 392636 395344 396519 405433 394851 392272 396590 403020 393817 399766 392309 392311 393744 389588 393999 396250 401415 394267 394710 392892 395999 390682 401478 394233 394937 396115 403446 403259 396663 396258 408161 397252 397751 393532 394656 407329 403180 392754 380789 394615 388668 392468 391512 393269 393507 391442 398266 394056 393434 389736 391630 391420 393231 401433 395380 407592 392747 382537 400157 391454 400371 393378 399264 398035 393547 399514 394284 400516 395496 394298 400703 393015 397704 394100 397068 389390 390099 391265 394904 397920 387989 391664 393568 397327 394903 394581 390866 396442 399714 397808 391969 404236 389600 398302 392889 389978 394072 392925 398787 406845 400644 395053 392866 394510 398035 394141 386902 395692 392630 394913 396153 395785 391504 404493 397319 392486 390070 403245 390052 392443 391407 393958 393254 396018 392913 393309 396360 388838 387585 393277 386216 389380 390086 392321 393910 395851 390546 391391 393444 391580 405419 401340 401936 397508 399690 408100 402004 394867 397316 399125 398760 396494 410618 388224 402249 393688 394898 407143 400730 401026 399289 400776 398264 396028 399268 398690 395418 408258 398432 398050 405314 397813 409610 392011 398489 400580 397529 401009 399275 398563 395664 394973 397338 407723 397435 401002 398211 406176 404437 406177 408533 405524 408855 391218 402774 408618 406686 399858 402462 405908 405115 395424 391425 399446 398105 412050 400498 391800 401420 406160 406188 399880 412022 406112 411266 405411 396647 399807 411581 411381 411369 402483 398773 394083 391089 404100 390733 396621 395229 398029 401260 401850 575858 403263 408462
392959 406723 563576 393413 395950 401285 400286 390026 398791 399888 402383 404271 397006 400019 387276 393012 396694 389968 392362 390333 394706 401564 392433 397565 394138 394481 395405 398613 393319 394182 402007 398179 397129 409856 394428 394396 393376 396350 395547 399912 395420 401805 391383 409057 396224 392437 384420 395539 394521 404227 395738 394075 395717 389753 391468 399466 396210 400924 384824 398789 391455 406267 395198 396701 393413 394354 398808 395193 404219 389656 394971 394233 400518 393240 399536 394445 389649 399354 394179 393811 393633 397834 391705 393965 391887 394898 387306 405360 391474 395775 393822 403817 395972 400074 397969 407513 396859 397324 391766 394918 405871 406025 391401 381238 392427 385360 390319 391175 392721 398564 394352 402752 396534 390408 392624 387893 394528 389409 403068 394928 406931 391333 387902 406011 392886 392654 391195 391419 403308 394440 392993 394661 402851 395108 392472 408073 390816 393454 399824 400869 391826 387675 390731 395925 395200 387445 392275 397222 398917 391930 398752 397512 393700 399014 394563 391693 397310 394239 403693 390463 387090 392280 392000 394901 402162 403407 394573 390533 397560 395819 391316 389407 396476 400022 395807 392854 392807 386335 408096 396333 394165 392895 401651 386308 392676 387407 393553 396446 399785 392563 391864 395584 391603 387902 392089 390215 390246 394547 394709 391562 396664 389692 391225 397563 393710 405898 397900 403586 394728 396572 404855 399348 395132 394369 394271 398760 397644 409797 388514 397915 394910 396269 404932 395177 396424 396838 399961 399280 396246 402215 394263 394084 406674 396856 398662 402301 393792 406047 396477 397691 394462 401766 399414 402767 400258 397898 390734 396842 403415 400070 403423 395926 405545 406250 411623 404296 401909 405030 392576 404820 407994 407133 402055 398875 411265 407021 401097 394696 398275 395591 411218 397398 394495 396358 407252 402769 401513 410581 404943 407387 404955 390927 397278 406359 404610 407463 402223 397586 397252 393605 404808 391786 400828 399216 399506 409375 401342 577907 407082 402682
394557 406040 568469 388071 398908 405779 395914 390914 400091 399538 400999 401302 398887 396790 389266 395300 392565 383520 398350 389586 391810 399580 390043 399250 396638 383954 400390 402574 397471 400452 397553 403179 401012 408781 386309 398186 391860 402237 395429 402447 395635 398836 389275 403469 394177 392836 393590 392012 398327 402343 394417 391724 395262 390668 389989 398767 394917 402883 389574 396569 395396 398926 393289 399441 393506 393244 394469 394584 407559 391831 392654 387478 397340 392523 396437 392966 387074 392293 390535 393678 392746 402660 389357 391877 390466 394658 389006 401203 397153 396655 394994 403279 399114 396550 394886 406409 396668 396526 393253 393078 412304 401697 394345 381171 394162 387792 394327 391024 395046 398526 389306 398067 392184 389856 391102 390585 395097 392974 399390 393513 403853 394014 384348 401512 391781 396153 390293 393225 398770 396294 398704 392173 402821 393967 392673 405333 393145 393349 398752 397997 390996 392057 390088 393216 396259 389494 393589 390414 398722 394663 397260 393328 387569 396706 396937 391049 400919 391288 396854 390800 389727 391388 393646 394826 404248 404001 397135 392422 396746 397184 390413 389635 396170 400357 397888 394410 395691 389339 407454 396138 393783 391307 401791 387497 396602 389944 396113 392046 396523 390046 391282 392564 387541 392742 392084 386762 392189 391179 393732 395012 399070 391687 389851 393744 391503 402365 401384 399689 393434 396539 405005 399466 393749 394984 392435 401120 392589 407774 385295 401689 397582 393996 402366 396608 396381 392314 399549 401462 395160 398493 397950 390815 406223 401352 399391 399681 392738 407628 390673 399093 396553 399390 405593 404923 398114 392098 393763 395590 407637 394591 401085 404759 403592 401346 405287 409057 401319 411680 391990 407946 405485 408111 401181 397828 404386 409874 404082 396707 399814 397189 415136 401066 394275 399809 406224 402473 396167 409034 405823 405253 407196 399677 401870 405314 404017 407956 408184 393357 397392 389970 405630 391400 399428 391633 397658 411117 403228 573955 411051 405938
389687 403725 569435 385921 400155 404982 394858 388415 395039 399780 399014 400818 397323 400380 389775 395292 400171 385650 388829 391664 393838 403184 389728 398742 395138 392269 394900 395845 391982 397953 400890 397015 395939 407237 393320 401240 390186 398450 394972 398292 396996 399690 388135 404257 396258 387892 390568 391686 399921 404600 397419 395116 399101 392294 391959 400914 395622 400368 388508 395896 390928 400317 394040 394872 394768 392441 394605 393316 403810 391437 396130 400362 405340 391282 400052 391844 390608 397818 388710 399477 393965 398054 391285 390986 393806 393633 385764 400396 396780 397230 394383 400360 397293 399964 398749 405969 396011 393998 392295 393814 405028 400378 393013 382051 396094 388640 392013 391621 392573 398434 388631 397902 391523 387008 393706 397376 395220 391572 395165 398530 404777 391040 387908 401663 392198 397627 388218 394321 398448 391000 398868 392223 398960 392967 394382 404173 393751 394280 394685 401247 394397 395845 390690 397087 400696 391512 394545 394596 397321 394182 397027 393768 396357 398786 395791 392232 400143 389377 399718 393662 390698 392409 391360 396862 406288 400950 392542 388982 397233 394480 390148 389459 392175 399856 402305 396381 397058 393437 404790 396094 393186 391095 400314 391497 393896 388133 394836 398311 391248 390935 393449 395350 393460 388548 386702 388491 384617 397102 395229 390176 400084 387919 387850 392653 397054 399787 393671 401965 398341 398318 403547 402198 392987 398984 390854 391670 401317 408268 390617 400897 397085 399210 403793 395526 396986 391181 397201 395429 392389 400790 396170 389536 404001 397624 399951 402010 394052 406238 395795 401053 399463 402668 399168 401800 401113 397409 394069 398511 406333 397717 397548 400961 405649 403649 405911 407572 398307 409420 395271 401288 406913 404057 403275 397982 406650 405188 402285 395723 396109 393703 413109 398699 395017 399205 406081 409629 402431 410429 407103 414885 408404 396882 401779 411100 409105 409883 402860 398789 395533 393570 404291 391765 399779 396116 401249 409185 400474 572318 404739 409573
388062 408315 569733 389966 403398 403531 396568 388477 395446 401897 401509 395296 396267 402524 387833 392671 391920 387240 395473 391695 392563 401112 391861 397376 393047 390731 393442 400227 394792 396164 400863 398820 392212 408674 389719 394688 388754 400662 398540 397235 397387 398200 390199 402312 395206 395308 388191 392833 394137 402447 394985 394942 396799 390767 397841 402709 397719 395326 385779 397420 399754 406027 392156 396237 394605 393680 393650 395260 402943 392411 389614 391800 400567 391197 397843 392389 391627 398594 390552 396285 396118 397652 392514 391762 398193 396368 389700 400419 396269 397675 395202 399964 397873 398748 399791 402786 396393 396352 387354 393544 409534 402567 391790 377588 388771 389334 386953 385591 394337 395958 392084 395733 395417 390918 390759 386401 392691 391017 400194 391025 405013 392931 382306 401010 395478 391863 389597 391042 399731 397572 401880 393137 398104 392045 395629 406063 395068 393254 395738 398961 390856 389255 387900 393977 393759 392708 395881 392297 395821 393832 397292 392928 398979 403027 395394 391789 397769 394673 398705 393254 390887 391456 393765 394467 402796 403359 391578 392927 398415 397836 392297 391925 394367 399803 398887 395482 397235 390764 404320 394916 394180 395143 402236 397439 396797 397743 398580 391272 396026 391205 392915 393636 390987 386719 390836 390822 387485 389365 398188 397081 402683 392642 392607 395044 393746 402045 401007 406071 392485 403022 404280 401501 392950 398153 396231 398180 397508 405650 387843 397965 399010 397632 400746 397360 395389 392100 400323 403970 398133 395546 392499 387032 401788 398148 396771 401500 392696 411932 394867 400291 398241 403163 405916 399093 401982 395388 393779 396007 407023 399958 402898 401987 407969 400103 402403 407321 404204 410482 388158 403952 406546 408409 402341 402050 403784 403266 402951 399305 396803 390571 416329 398881 391559 402922 406208 403162 400814 409279 404776 406857 403529 397975 399814 407953 408522 409938 400934 400786 396215 398808 407452 396939 402693 397945 397238 408553 405229 574310 409523 407910
386925 404200 573996 386856 400157 403226 399592 387334 397818 400504 404989 399731 401185 401494 390507 394664 397623 389186 396032 391674 394559 397067 400452 397790 395307 392624 396694 397821 397091 400087 401805 396269 395837 407248 387429 396449 393256 400430 394470 396491 394358 398284 392435 401558 393773 397322 388472 398128 402439 404978 396008 393359 395932 392008 395383 398746 395018 398516 386529 397014 395241 397372 396043 396885 394295 392905 397126 394074 406909 391465 391464 394147 396906 391815 402296 392606 392240 393327 384659 394078 397301 395575 394337 390332 393083 392386 387902 403061 394476 395641 402311 406472 395880 397680 394000 406615 391092 396626 395788 393913 408625 398892 390956 382123 391484 389767 390379 389797 395763 394741 388654 401923 391280 387326 391084 390290 396614 390494 403167 394187 402669 395483 387746 404943 392317 401606 390488 392662 397895 395904 400267 393011 399431 393854 391796 405396 394104 396327 397851 403997 388251 394319 388400 392191 399384 391579 393873 395849 398553 393301 398559 391958 393233 396345 398368 392044 403326 393946 400772 394983 387225 392515 392126 393593 404602 396344 398140 393455 397983 395967 391137 391448 395015 397400 398057 393837 395612 387347 403814 398390 392137 389759 403062 391057 392119 389655 398707 391840 397522 393856 391921 393321 394019 388041 392015 387565 384022 392000 396075 391397 404522 390766 390501 396923 390448 403266 395769 403438 394951 404779 406368 393246 387333 397776 396350 398207 396794 408821 391612 395598 393887 396001 405597 394800 389104 398196 399466 399114 397732 397416 393927 391319 401094 396513 398931 405131 392041 402876 395996 402996 402076 399696 398836 398957 398413 393921 393515 397843 402875 393000 402166 396486 402708 406117 406791 405989 401117 406052 394867 406355 405308 408816 397097 399754 408398 410165 400944 393605 400467 396934 412981 397543 391149 397792 406450 405865 404634 415973 403780 412383 411357 399509 401220 405095 412159 411002 402951 398303 396467 396147 407096 400981 402961 393512 399757 407526 401749 573988 405647 408635
388274 411584 569231 390492 399013 406296 397049 391103 398426 399413 405962 399141 398086 397258 384161 394636 394167 390951 393617 390159 398016 398543 391360 399884 398827 390455 396566 399362 394527 396399 399143 393014 399201 406942 391972 393654 386573 399347 395072 397358 395204 398474 384592 402588 392960 394875 389794 392116 396967 403872 391912 395125 398427 389015 393884 395422 396772 398440 385709 396881 400375 401824 394182 396550 392607 394092 390954 393269 403632 388069 393914 396235 401148 390679 396594 393706 390040 396468 390811 394271 396791 397834 392507 393452 396347 393306 393771 399307 396138 399362 396804 402031 399632 397889 400152 405765 396013 396698 392673 394827 406108 405863 392977 380702 394847 391152 393655 388059 399475 396911 392099 401164 398142 387302 383965 392283 389017 389728 402718 393577 402515 393256 390786 398895 390780 395125 388665 392168 399855 395723 397919 393268 400355 390544 392859 403875 392737 392685 396253 395734 394501 388902 387823 391135 401397 388788 394775 394964 396123 393652 396235 395106 395699 400643 397537 392236 400135 395911 398020 392310 392223 390137 389633 395268 403811 403385 396379 393485 399304 395596 391633 388066 396585 399275 401260 391655 397462 393369 404695 392935 393475 388471 408461 389757 395131 394137 394696 394520 398062 392698 391939 393050 390594 388188 391082 389002 388262 395925 396491 391461 399283 388741 391125 392287 392198 401315 394354 403845 392000 400267 406646 402554 392464 400476 400627 398614 394799 407413 390179 396506 395164 396361 408786 392613 395703 394204 395398 401375 397378 400176 392465 392639 404265 395261 400714 404021 395157 406399 395644 400245 398540 402064 402894 401392 397723 395936 398087 396249 403500 398181 397093 394661 408454 405096 404857 408775 403531 404111 390237 402068 402824 404864 400582 395892 406696 404438 404301 392792 396919 399152 415520 394357 390415 398219 405878 405412 403538 413052 402667 410651 407372 398074 398487 409828 409406 408837 402657 398118 401087 394338 401787 393429 399933 397300 400630 407855 399686 579210 407350 408472
390985 404353 561787 385746 396636 399837 400132 392173 397816 399118 400820 397330 396517 397163 390434 394092 396271 390380 392781 387111 395243 402869 393666 397089 395411 392205 397160 402708 390976 397410 398369 396232 396859 405455 388532 405145 392102 397219 392362 397954 391104 405629 388225 404731 393272 395018 393031 391149 395788 407528 392162 396816 402169 390913 391624 397436 400855 400506 391254 399287 395917 401370 395804 401038 393310 395672 391971 398510 410370 392954 392312 393650 401362 393348 399161 391399 391185 397769 394082 399168 394693 399635 394679 390992 400677 397169 388441 402403 398376 397327 394354 405200 395720 398206 400108 406394 397209 394738 395660 398054 411045 400167 393015 382263 392063 386558 392567 386158 398196 399597 385862 398850 394905 391649 391319 391533 391945 394082 402639 394097 403687 390237 383506 401490 391041 398887 390034 396549 402062 394538 401669 392729 399315 397436 396940 405630 388572 393792 400665 396827 393484 389149 388576 401348 396401 390280 393484 396209 398904 397456 400160 393041 396470 399294 393069 391192 401343 390477 404057 392263 390876 395628 393356 394005 405651 401480 393973 392986 396908 398785 391675 392109 392502 405004 395956 396327 396197 393849 408380 396260 392944 391632 407092 390468 393521 392550 394734 393151 396435 393824 391114 390368 391168 391522 389784 389525 387155 393202 397349 393611 398089 386948 393205 389206 395169 403458 396995 398436 394887 398499 404877 399946 392002 398777 393053 400056 394164 407542 388777 397211 395720 391716 406410 394446 393899 397541 399311 399440 398639 395791 395170 392351 406630 400795 400678 404090 398811 402891 393057 398360 400768 401700 399864 402187 401272 396459 396531 398153 402758 400325 402476 402480 406171 405452 403850 408213 403531 409091 391817 402188 406018 406529 396068 403386 405308 402649 400296 396714 399475 395900 416574 397369 390793 400061 403806 410293 401534 408626 403223 410164 408644 401443 404984 406914 410201 408218 405199 395757 399515 396515 397637 397740 401889 392124 401462 410777 401113 573005 407182 408137
388521 406284 571360 380809 401128 401362 393932 389844 394439 395012 401281 404952 394070 397083 388072 395555 396034 387857 395267 388055 393372 398399 393826 398725 391954 388935 395090 400225 396092 400166 399616 396227 398081 408697 388338 400405 390832 395315 392702 397710 393929 399093 388304 408053 390343 393463 388056 393508 398778 406388 394853 389638 404442 388053 394103 397421 395174 399673 390180 398208 395197 397581 391049 398330 391636 393107 395073 395439 405800 392109 392777 395115 399958 389294 399862 392974 388722 396290 389332 391780 394145 399311 391902 395102 398574 391527 385477 403348 392795 396639 395177 401439 399019 398454 399366 404180 397171 400951 394750 395405 404874 403822 392566 384296 395479 388246 393366 389964 395296 396630 390841 397694 394474 390300 386400 389779 392552 389315 400747 392711 402838 388288 380448 400405 390202 397545 389624 394302 397586 394901 397023 392096 401509 392733 396849 404223 392824 391040 392779 400921 393608 392546 391459 391823 397340 389686 391423 391073 396935 393385 395947 392435 392306 396149 394034 395644 401993 394717 402566 395867 387607 393813 397243 397655 402749 401861 390164 392112 398115 400963 397174 387010 398311 398086 400993 392431 396102 395143 408702 396343 391014 392426 402421 391815 395189 392484 393528 391128 396477 393420 393762 391608 391116 385963 393321 386094 392276 392364 397576 393422 400242 392113 391945 393726 395899 401204 396504 400003 397189 394880 406715 399234 391991 392820 398450 398668 395920 405683 384879 397085 396416 396016 405097 393456 398851 394338 396549 401073 400832 398243 396449 388527 405819 396826 401982 405304 389320 406535 391597 397920 394780 401861 403159 399349 401379 394000 392621 394116 403047 395604 399065 399667 400773 403019 404076 406590 403701 406483 391244 400000 404645 406453 397954 399860 407738 404972 401962 394394 399752 399089 409979 397149 394498 398145 409134 404952 399912 407241 404479 408845 408876 396650 400215 409352 405427 411357 403608 400098 397603 390428 408291 391025 403990 400536 402265 407051 400107 576909 406380 407201
391827 405875 569857 386881 397795 401966 397545 390445 396830 399069 402065 403142 394566 398325 387403 393551 392804 391074 393665 389415 393441 397415 393810 397635 392403 384488 398059 398722 395647 395981 399024 397635 394734 408275 384815 394044 386992 394563 399006 396755 394397 400085 387924 404242 395550 391932 388564 389870 398614 402699 391981 394523 398993 391945 395179 398194 394807 398203 385264 397779 393402 397524 393189 395091 398153 390175 392709 391610 405080 392158 389825 394294 402232 389248 400246 394003 394672 395745 393608 396412 396903 397418 389772 392986 391673 395237 390488 400085 395460 396477 394535 400472 396976 398141 392597 404180 394497 398110 394650 396251 401961 404100 393347 382259 393737 389780 392379 389545 394952 400513 391174 398847 395055 391399 391992 389909 392810 392943 399659 391651 404278 393730 383836 402713 387467 396597 393531 391911 397759 393846 397741 392724 401627 397211 390811 407960 392097 395493 394504 395954 394807 392143 389830 393556 396558 390715 395576 393219 401909 394364 397452 394505 396145 399452 394628 394615 402557 395257 403039 390601 395091 395227 390458 395981 406466 403755 395373 391806 401022 399434 393073 391837 401842 403156 400199 389732 392631 391947 407850 396698 392873 392747 403908 390460 396133 387024 397062 391404 401158 394321 394996 392684 396923 384347 394024 387718 386889 392217 394723 393407 400142 385084 391961 395940 391904 403022 395439 406231 392888 400834 402708 396182 393297 400039 397361 398063 396703 409016 390404 399055 396275 395686 404226 396654 396999 390597 397900 397935 401381 400957 396874 389160 407584 401682 398846 403278 391932 406060 394903 394332 396564 399060 401837 399365 397545 397871 393798 397305 402774 401699 402629 397239 406941 402730 405196 404097 405994 404503 387097 404459 411217 405674 403095 397596 406595 405554 403370 396779 400054 395909 409957 395198 394940 401948 407482 404461 396362 411259 405884 411115 406328 394597 402427 407373 408881 406339 402702 395248 399550 394069 404436 393413 401961 396986 400318 410808 399549 571476 405715 409784
386919 407387 570257 387906 398757 407029 397273 389512 397541 399189 400091 406667 398910 400447 390350 394632 395688 387749 399585 390836 401083 401877 393082 397525 395055 384280 398763 400722 392444 400341 399983 398571 397745 407189 388216 399189 393488 392589 393182 396955 393773 397955 387055 402057 393334 390157 392618 392151 396175 406603 394885 396188 398829 391295 394592 396791 398033 399802 385474 398545 396522 400880 395491 393652 394102 395858 394851 395433 405263 387496 394837 395784 398632 395909 401984 396410 391766 395557 393406 392198 399530 399115 393542 393502 393867 396590 391219 402279 396865 399719 395132 403838 398081 398019 396329 400872 393858 394711 396995 401976 405147 405895 392669 382057 395113 389541 392230 391806 393333 396897 390311 400595 397042 391677 388816 390540 393667 391042 403467 396555 403643 395123 387384 401857 390438 404614 391740 391224 402179 394609 398467 397458 401873 394534 393669 407618 391987 393352 392171 398944 392354 390039 389862 395988 396630 388456 392106 395671 401140 392594 400571 393783 394475 399659 394657 393173 396533 394048 395164 392109 390684 393112 389948 398006 404858 402055 398569 394847 397907 400847 394598 389761 399854 397446 398113 393792 398037 396231 406277 399552 393879 392624 405970 391195 394224 393673 395241 395078 398416 392827 390694 391544 389025 391942 392478 386453 390185 392518 398140 394084 403539 389584 390999 394807 396720 398393 397649 400342 395363 396059 402618 399742 393063 397069 396938 398732 398104 410926 383415 397899 395005 396664 403752 394168 396858 393301 397339 397464 399107 400310 394715 386922 404581 397217 406933 403226 391801 407662 393414 396936 395708 397893 398840 402947 395048 392128 394752 395788 404823 394397 400467 394042 404024 407982 404856 405005 399178 411812 390381 403365 405521 403662 400169 402906 404820 404216 403995 397836 397549 396241 410136 399986 392370 400217 404997 405613 397149 411053 405152 410545 407555 400423 400903 408173 406311 409154 403677 399314 398008 394733 402993 392147 402160 398395 400471 406333 403279 575759 408242 406804
386927 404860 573179 388614 396570 402508 396518 391408 396422 398852 398787 399422 396722 397772 387873 394087 393509 385663 392627 389895 392500 398169 394106 396748 394144 387920 394716 397718 396394 395831 399148 394429 394199 408291 389475 402033 385549 393087 400018 398603 395668 397593 389889 402388 393443 393084 389279 392631 393646 403752 394197 388352 395776 390654 393068 396599 395637 397838 385835 394375 392034 404084 395682 400228 393895 390937 396268 393923 405068 391992 388256 392530 402516 389162 400386 387946 394718 398147 390367 395231 392212 400156 391464 392663 394092 394895 386141 400138 393559 401031 392306 399028 397873 400615 396225 404532 396033 394240 392328 394027 403812 402864 395848 381277 393562 388439 389683 390323 394871 393323 389036 404561 394765 390584 386616 393026 397041 389168 401831 393322 403308 392511 380726 400523 394211 394213 394951 395379 403415 391942 399564 391757 397128 393294 392857 402179 390749 395453 396137 395196 391237 386115 389576 393546 400024 388149 394710 390638 398287 393703 400271 394970 394300 395588 393945 393221 400510 394802 403198 397322 392959 393471 393185 396010 405206 402208 399297 390560 398872 399492 393998 394486 397611 402056 400881 395304 400378 389233 408247 402129 396651 391641 407142 392769 398217 395046 396665 392275 394425 394600 391831 392272 391620 389602 391583 388096 389355 392492 393616 395468 403400 392727 389148 393936 391477 400600 397773 404030 396067 402755 404097 397499 391425 398024 399011 400195 401456 405494 392442 398308 396420 392797 401263 395096 393873 393668 396883 398417 397708 400358 395274 393415 407645 394313 402311 402294 392120 406571 394029 398690 395297 402081 401219 402129 394718 394004 394016 395144 406224 396762 402005 400726 404145 404278 399574 402435 405593 411169 392866 402682 408778 407585 401702 403086 405725 408647 401698 395500 391383 394672 414157 396379 392152 403316 404383 406510 401394 413768 402351 409072 405114 394786 399527 409014 405002 409861 404360 399374 397435 398969 402792 392695 401690 392580 399636 409843 401152 581516 404209 406138
387385 405929 569639 383649 400085 397682 395115 389515 395785 398665 403411 402390 398519 397070 385149 393601 393809 389094 393452 388513 393544 400097 390577 396811 393925 389537 393935 396188 393682 394449 398159 394346 393692 405830 388343 395496 390106 397805 392313 398233 394795 399703 391743 403236 392890 393634 390648 391718 394698 404523 392060 394292 399086 389654 392861 400084 397404 397824 385398 396936 395725 396647 392928 394785 392198 395233 392461 392816 402141 390351 393357 393323 400630 391253 398780 392880 390088 397575 389538 395980 395550 398246 392601 395505 393791 395720 385181 400783 396644 396343 393797 399209 399723 396383 399945 406972 393784 395344 391936 399115 405291 400964 386896 380676 392716 384605 383304 393507 396095 396077 387404 400577 399236 389979 388049 389243 392091 388656 402974 393286 403846 396462 386696 402432 391410 396574 387640 399047 401513 393396 396982 397487 401706 398480 392466 402249 392793 394379 398072 397021 391786 395665 389754 389533 398403 386852 394972 393834 400155 394761 393848 393823 396439 397106 398449 392786 396905 392484 402358 395870 389117 395127 393326 398689 406980 404383 398758 394208 402248 395330 396247 391884 392897 397964 400979 396994 399034 396556 410304 396006 396095 395415 405836 389666 396949 392104 396993 395389 398312 397710 392543 396300 397629 389974 392780 389848 389547 391387 395702 395958 402715 389505 391248 392937 394734 405185 399334 401912 398241 395718 408864 403321 393521 400549 395104 400285 398484 409316 387444 396131 395424 394930 404385 398892 402002 391156 400983 398815 396373 399148 398275 392835 402979 397357 401535 403245 391247 409392 394869 396827 396189 398457 401468 399594 397915 395264 393543 393243 404758 401711 396209 400146 406893 400955 401931 404638 402788 405754 385750 404379 402128 399494 402706 397075 404138 408470 407851 396189 395665 393123 415390 401452 398148 396934 406781 405553 395001 409219 407003 411686 405922 395589 398730 405913 406012 409002 402202 398215 401332 393989 399504 393996 402622 397354 398544 406513 397649 569746 403087 409698
390023 405623 569676 382340 399367 403043 398367 386448 394549 397267 401201 397424 392186 399187 387183 394439 394736 387481 391679 389254 391805 396979 392934 398223 393658 388281 396403 394832 397616 393946 395738 392777 396740 406463 389586 396855 387080 395845 399522 399432 395532 402084 388353 404359 385366 390881 390166 395237 395472 406644 391131 393214 394984 392527 394621 397910 392996 397063 387155 393570 391017 403720 400306 395596 391432 390507 391393 389211 404740 386276 393877 392173 397321 385407 399862 392439 385795 395351 387991 393314 394009 401250 391583 390848 396585 391820 386700 398730 391258 402082 389779 401400 397684 399233 399441 405371 396854 398215 395785 396027 408140 400600 393383 385269 393012 387570 392494 388912 395046 397922 390002 398909 392565 387869 387049 385257 396239 386680 398382 394139 402674 391480 383023 401343 388699 397699 389775 397265 401308 392274 398185 390982 398698 395959 396395 401827 391560 394579 396634 395685 390686 393496 385290 394712 394647 389020 396264 393013 397601 395270 402681 391596 393111 402443 392883 389233 401620 396178 400011 392679 387191 397112 396099 394354 407207 400818 396975 388723 402725 399651 395719 395036 397461 398639 398541 395341 400306 392516 409606 397586 391726 394465 406873 390306 399342 391374 394905 397835 398249 393196 398431 393678 392622 391251 393002 387115 392813 389280 396961 392578 402120 389985 395185 395008 393319 399397 399442 401495 396212 397733 407359 397305 389841 398785 393105 401180 398044 404760 386898 398350 392771 397853 399563 397448 395289 394190 396035 403055 394977 400328 390115 394695 406235 399358 399117 402594 391683 404854 396752 395895 399250 400436 400450 402502 401833 393841 394628 393285 403073 395894 402347 401862 405674 407778 402956 403562 403370 406621 391599 403447 407175 401463 399173 399729 407873 406417 399384 396010 396657 391531 416036 398322 392123 394574 404429 401782 401098 405875 404483 408948 406752 398406 398673 409517 404887 405701 403030 395989 399317 393635 399888 393345 399355 400614 401902 406824 401382 579040 409441 408970
390223 402416 566856 390459 397981 402582 396312 386499 395374 400330 405165 402621 397566 397952 385556 393503 397893 390330 397712 389456 390976 402747 389772 401035 393441 390973 395073 402964 395590 399525 395995 395935 396339 407463 389922 399337 389913 400268 395634 399802 396573 398882 388700 401381 392199 393055 391342 392112 393269 401476 395252 392737 396899 397405 392147 396951 396626 394499 388181 395015 389475 400166 394891 392203 391852 390645 393591 389747 405337 390639 392150 392488 405783 389320 397356 391167 389588 398804 388874 390908 397714 399708 389326 392681 395264 392560 385646 401863 394713 397308 396652 397606 397620 398957 396260 407607 393734 394336 391788 401215 408882 407041 392859 379511 392576 388215 394066 387761 394436 398379 387051 401236 392786 386684 389314 391147 388433 395074 404078 392612 401046 391786 384330 403081 393571 391167 391607 391431 398171 393936 396671 396881 400685 395097 397135 405307 392516 391223 395347 395726 390442 388582 394251 393410 394470 390728 396045 395479 395764 393647 400110 389302 395783 400687 395940 394933 399846 393840 401221 392753 392509 393030 393868 399595 404541 399537 393297 392708 398393 400319 398864 393981 396230 398704 399815 396189 395978 390185 407607 401546 394962 391285 405891 392685 400995 392961 399945 395623 397877 393162 393973 393646 391166 395159 391161 390399 391140 389197 398009 396255 400445 392193 393456 395270 397019 401021 402674 403567 397136 401294 408277 399614 393657 397763 395898 400985 398554 410928 388390 398774 396849 395545 404368 394727 397869 390358 397100 398668 400597 398241 395693 392081 404110 399091 396345 401627 394123 405902 393547 396371 395270 401622 402988 400059 398759 394972 396566 396796 404268 398350 395497 398390 404627 405819 406447 406430 404145 407307 392066 401296 406808 405528 400273 399976 406066 402928 404885 395415 398259 396116 409104 399803 394865 398086 404953 405496 399475 410428 405983 412421 404793 398262 399717 406087 410915 409774 402189 395172 397790 391343 405711 392110 398582 399122 400728 410568 403418 572371 406623 403903
389284 406258 569288 385893 400970 406538 394577 388609 398310 399280 405754 399366 398980 404472 386341 392413 394859 389575 396676 387105 391429 398875 387507 397633 394832 387965 396484 398136 395148 395079 399182 394505 398508 407896 384056 396279 387961 399651 394280 399985 392232 397450 379484 404863 392558 393591 389502 391163 395972 401892 389349 394242 394723 386430 394373 396481 400291 400262 385955 399902 394740 402470 395252 398648 393888 389144 392616 393562 403432 390188 394706 393762 397532 393490 399140 386939 393762 393797 391307 397483 392385 394197 393571 389945 395080 394804 387176 404887 393617 395906 394981 401792 396641 399654 393217 407931 396949 397756 396146 396200 404188 403758 394608 384120 392571 388190 388308 388198 391955 397491 388693 393266 396729 390155 389071 389147 390145 391670 402411 391780 403383 394801 385160 402511 387721 400246 390664 393181 397941 392736 397353 395200 396066 390545 390584 407431 393644 392208 397222 396048 393086 394685 390539 394216 396163 387820 394650 394290 396856 392338 395536 395562 394738 399334 396988 394797 403041 393585 400744 394207 391115 395163 394345 394389 407013 407429 392803 392591 403386 399090 388843 393541 396590 405964 399825 398126 397868 391477 407567 399744 392403 394209 403424 391110 397393 391157 398644 396867 398640 394045 390448 397536 397558 391750 392713 387724 390003 392813 392912 391952 400013 392508 393795 391598 394365 402339 395992 399417 395774 401042 405419 400113 395527 399628 393943 395403 400439 407720 392809 396809 394153 395451 401677 396179 398634 396999 397945 403219 402390 401513 393013 393950 403771 400414 397605 404479 390917 401692 392740 397868 393947 396314 401055 401848 393986 394569 394793 396910 401785 401406 401652 395522 406856 404401 408300 406646 403826 409572 389532 403319 406127 406047 399175 397951 407528 403422 404441 397297 398583 392683 411425 394820 394722 401672 409212 406174 403827 407286 404886 408555 407388 398572 398588 405289 403912 407589 402412 393704 400169 393424 400351 389965 400520 397222 400055 407616 402143 574837 409181 405504
389680 406313 573303 385767 399092 402382 396551 388188 392927 399961 398996 407947 398360 399524 385700 394101 395584 393720 392492 386561 393728 396797 393458 400800 394423 389056 392992 397922 391641 392816 399369 396017 396646 405399 388529 400343 389444 395859 393261 393660 395238 396217 386981 399673 391453 390397 388441 395083 397710 404502 388546 393246 399947 387096 389881 396286 394312 398829 387486 397621 394899 398658 395448 393532 393862 390056 395451 395541 401222 391329 392126 390575 406329 390773 402092 394649 385593 392679 389111 395198 397009 396274 392281 391510 392425 394316 391041 400632 397174 396871 392987 402034 395452 400839 400438 403100 392896 395579 393833 394094 404423 400876 390553 381138 395936 386902 387722 389872 394191 395874 389587 402672 394494 392992 391207 388905 394392 388419 399690 393977 404933 389977 382253 403786 391822 397450 386285 392183 398393 389658 400908 394991 400006 394548 395543 404904 387299 396171 399158 397927 391802 394908 393034 393908 399466 389167 390088 394630 399511 395678 397896 392621 393817 396881 396357 393728 402172 394260 404074 393323 390907 396670 395302 392964 407655 406518 398591 390459 402125 397734 396609 389448 401139 398181 399808 392380 394915 390778 409139 395616 395332 396849 404388 395909 396394 394762 395173 399956 404227 395365 395037 394151 393893 389475 391615 391749 387000 394689 395377 393065 403166 389743 393074 401585 396438 402605 398592 407666 398736 397434 406296 401755 396714 398960 399167 398293 398558 408620 389188 397543 397632 394064 403195 400145 393755 393647 402706 401037 392176 402001 392554 395053 400512 400186 401906 405090 394450 405203 395841 394357 400225 402358 399906 398826 398399 399035 395513 393396 404403 400716 402165 397361 404207 404762 402992 402427 401129 409313 393517 400043 407741 406333 400393 400836 404935 404966 404904 394721 399136 396214 414448 398346 393098 398734 404805 405900 402135 408456 405698 411002 405888 396620 401905 408779 405964 407606 405419 400215 400496 390126 409100 392273 404972 394378 400554 408270 399421 581822 408326 413208
390333 402439 572818 388877 397375 405967 397652 389356 399501 398462 403438 404690 396921 398509 390995 391489 394735 390449 391036 389482 389275 399885 388956 396944 395694 391061 393930 401793 397569 394352 397407 400357 397968 405851 390484 396792 393505 396522 394799 399261 397374 399457 388556 407036 391488 394915 393049 395207 391544 400796 393709 395979 395028 388140 392636 398743 394456 400392 383184 397332 392462 402252 394414 396677 392233 391148 394319 393291 404088 390179 395702 393766 401557 392482 398210 396544 390198 395734 387161 397878 394167 397500 390637 391215 395869 396034 383799 400172 396560 399003 392353 398926 398300 397613 397495 402343 397072 396779 393477 395520 408020 400534 386461 381321 396090 387028 393106 389671 391542 395305 390186 394095 392094 389325 390702 393330 391031 391708 399401 397115 399724 396002 380738 401672 390854 397959 389106 392820 395897 385617 395369 392027 398568 396094 393386 406322 389278 390954 392610 399179 391878 393757 386263 390952 399994 393802 393202 390696 396620 392548 399704 392467 397504 396863 399693 392662 400849 393695 395745 394371 390697 392545 388919 396845 408885 402721 396654 391718 398554 399995 394998 390841 395262 403170 406297 399678 402389 390522 410249 398479 396940 394788 406490 390974 399447 393981 398125 395247 393653 398502 394481 396380 394292 390029 394518 388934 389389 393166 395595 390499 402197 394007 389615 393917 395575 404386 399576 399989 393478 402227 407714 399604 392607 400154 395057 402257 399208 405711 388205 399796 397390 393698 402268 396665 397359 394830 400229 396429 395868 402022 394056 388499 402793 396883 398533 405600 393699 409154 395773 399450 391006 404313 398789 397070 397259 393722 394556 398495 407287 397958 397397 398311 401113 402521 405020 404641 402910 408739 390283 401236 404255 405789 400066 403612 405287 403060 407211 399838 401164 397705 412027 394165 393794 398328 408959 401135 397306 413387 401091 409004 402531 401644 401679 404401 408398 406798 400558 396665 396747 391480 402002 392260 402920 396708 404031 407577 397676 574462 403163 404663
575793 406297 569168 387769 405237 406187 400546 395946 396877 400149 403130 402693 396737 400965 388056 396650 392590 392996 393485 390817 392575 396872 391736 401577 392751 394805 392654 395996 394687 396715 401687 398110 397435 408281 388218 396527 392459 398921 394199 400182 398509 394786 388132 401383 392158 392056 386545 393163 395762 406416 393495 395890 394267 387527 396366 397599 392469 398327 387298 394469 389354 399938 392807 394165 390984 386862 394500 391647 402466 389807 392599 389305 400023 390377 393080 388743 386337 392051 393902 391870 391430 397159 389288 390120 393820 395030 390629 402848 392428 395747 395044 395479 399254 399665 397400 404402 392599 402845 392533 393960 405898 403968 392594 384510 392838 386583 391439 390165 394935 399303 391761 398544 400775 389021 393648 390723 396856 387410 397145 395796 401586 395678 387374 401522 390560 396981 390244 394222 398749 392163 397832 391394 400600 395077 393056 409086 392859 391562 398310 399032 391758 387322 386142 394555 397772 390275 393778 393552 398590 394078 396969 392159 396343 400924 393951 391399 401732 392986 399069 390513 395428 394360 392692 398733 407184 405093 395617 394301 400547 402541 391618 391870 394642 404404 398826 392221 398890 399281 412394 395342 394207 390363 402521 390215 394041 396955 398078 398299 396915 392571 394410 399958 395349 389133 389104 390360 393184 392035 395561 393296 400730 395081 394256 395471 397168 404737 396532 407104 396439 400427 403343 398733 395976 395752 399249 404473 401762 406960 387984 393093 397783 395407 405756 397722 396596 398679 400068 400957 394687 398692 393828 391706 407751 394076 396907 399648 394247 401849 394946 396865 399416 399000 398392 402683 401430 399859 395554 393216 403874 399081 400408 397181 404480 402352 402354 405500 401687 409488 393207 405394 406048 405095 397935 397346 403580 406452 398305 396950 394186 397844 414817 397011 390988 400714 406444 406438 401947 412449 405384 412844 407574 398496 400463 408465 402648 407713 408299 399828 399965 392042 407092 390060 403041 393622 405112 408025 400795 576559 404044 581095
582490 407313 568012 382372 396395 403528 398619 391469 399362 401147 400780 401408 396644 399189 387856 394854 395530 389994 393882 389577 396075 396780 392533 399208 397321 390844 396205 399461 395274 394029 403718 398070 397359 408166 386569 404174 393630 398175 399206 397915 396400 399069 393164 400527 394450 388711 388786 395187 395729 405951 391218 394703 391840 386742 393784 398657 400067 396129 382881 395502 394179 401409 393553 396155 394352 392743 388727 395997 402616 393488 391342 391449 401720 390149 400046 394795 385920 395631 386424 399123 395368 398759 390280 391944 393291 393536 386999 400551 391761 397087 395467 399754 396523 397307 391969 406973 396096 398900 392864 397079 406533 399835 395518 380738 394968 384045 388550 392111 394920 392184 389313 401936 392005 389752 386689 390968 391062 393375 401177 396066 402132 390644 388396 394870 391022 394326 387806 393031 401686 392082 399193 393561 400062 393730 391850 405807 395836 394516 394122 398207 394467 391880 390431 394914 400297 387477 396230 394223 394057 391432 396614 392247 398375 397030 395575 393333 401476 389794 398647 392947 393144 396081 395563 398851 406214 399996 395945 395450 396611 394565 390583 394805 396513 401133 401450 393750 393408 393772 413048 397711 394147 391540 403588 393184 399675 395476 397478 394827 399131 394914 397196 394356 392609 391550 394301 386846 388190 398053 395881 393191 400371 393842 391145 397338 395602 404109 403823 403808 397124 404269 407689 394910 395635 397617 397383 400948 394552 409031 389210 396265 396939 393633 406771 393877 396741 394312 396416 398256 397122 402298 389757 389752 403083 393083 400807 400186 392769 404738 395995 396013 398247 404574 398598 404221 400232 394351 397398 391270 405359 401115 394391 394130 402134 404538 405050 406931 403436 404340 390738 400592 405449 405980 399670 398597 401981 404628 399702 395110 400166 393893 411491 398046 393604 398433 401907 405098 400638 408419 403257 409286 404688 394489 403174 404690 410897 410239 404753 401942 399014 391875 399344 392137 403843 395146 399480 408604 399767 576419 405509 579489
577489 406323 569309 391170 398167 403188 399643 385022 395162 400350 397669 403610 398931 398456 388749 395232 397099 387045 396473 390539 395090 401529 384631 398227 396640 390185 393427 398119 393725 397429 395707 396394 399547 404765 388525 400266 391843 398005 391477 393325 395124 398760 391125 401754 390238 389919 387313 391265 393549 400711 393644 392023 392570 385492 388804 396350 397043 397690 383808 393852 388735 400685 394950 394986 394010 389520 393238 397882 407012 390392 392033 394182 402768 388490 398200 391036 388244 395780 391516 397249 394569 394071 390134 387807 395734 395898 384784 397495 393157 395267 390944 398080 400867 394300 397366 403540 393541 395110 394454 399205 403565 396107 388501 377676 392807 386692 391708 390809 394521 397949 388797 397729 394902 383398 389172 392215 390800 389466 402740 394215 403910 393337 382353 401091 390603 397827 392267 395823 396933 393405 395877 393720 400815 391083 394861 403914 392764 392360 391471 396708 391619 393025 388952 396288 397512 384805 395271 391025 396009 398886 393504 393866 394421 396932 393515 394389 398993 394931 396117 389721 395078 391935 393111 396639 403916 406650 398905 394999 398504 401058 394210 391879 397113 398297 403664 399054 398239 394869 411494 399081 394749 394420 408683 393980 396974 392434 396490 393466 404397 398813 396641 391876 394059 398214 393939 391682 393984 393636 402010 393583 399077 393315 393383 394990 391538 403004 400369 403591 396391 401858 411012 397604 393067 395127 399564 398557 397030 408110 385225 399366 395191 394105 402904 399637 395227 391976 399488 397789 399633 401076 396338 393380 401365 396250 399402 399706 391416 408964 396446 397063 396002 398013 400477 397421 402465 393166 393099 394456 397969 393146 401339 396636 405622 403488 403879 403811 400166 406950 389380 406527 404001 406090 398440 401710 408128 403716 399346 395582 397705 394716 411757 396138 395389 404487 406174 404935 403988 407290 398828 410797 410656 399853 397240 401547 404989 405225 402302 392172 396062 389417 399957 392029 399157 399868 398675 405162 396032 576101 404188 582565
578672 409170 567160 388811 400480 409327 401850 390581 394939 401731 401166 400606 399651 402757 389745 398178 397652 387525 397866 394952 391826 402403 387587 397290 395594 387225 397348 402196 394511 395308 399872 397895 396587 405129 388247 396661 392216 395741 397803 396956 398710 397153 387945 405479 397328 389722 392313 388556 395541 403375 393028 392970 399160 388783 393947 394997 393301 393872 386669 395579 391671 399035 392497 396631 390858 394161 391246 387791 401368 390817 392407 392232 402502 391633 396818 390987 389181 393959 391419 392643 390809 400921 395469 392669 394950 394022 385723 401307 396650 390864 395418 399307 399470 400330 395751 404516 392834 397318 393857 391239 408905 403114 390068 382797 393264 386878 387278 387840 394062 399056 393622 399213 396812 393503 393203 390837 390372 389124 402102 390505 397143 389160 385561 403984 389870 394817 390684 393999 397231 390768 398828 394117 399582 397713 395379 405148 393146 391387 395230 394105 392872 392510 389332 395116 395764 390339 397794 395915 398985 391422 396007 392466 398348 402580 395640 393519 401868 394826 405343 390443 392861 397503 394542 395780 405769 404313 400977 393361 400457 399497 393927 390187 397104 401996 396836 396101 396076 393828 411170 396993 398969 391530 407005 394312 396405 391888 398596 398367 398925 395155 396577 398912 397601 389767 398115 389973 392337 393555 399397 391394 398537 392405 393133 397345 395086 405739 397520 404411 395687 400074 413379 401912 394512 399034 397422 401293 396979 408683 391136 398617 395929 396663 402318 394661 397426 399411 399442 398477 401121 400122 393304 389548 406738 399063 398022 403224 389353 399975 393631 393830 397045 397084 402082 402408 397713 395460 391878 393613 409401 394809 400479 399903 405401 403741 407605 404547 404677 411283 389192 402023 407255 404392 401017 399161 405759 406062 400545 394867 398009 393684 412400 399644 392219 398185 404521 400073 395647 407593 403847 409684 404452 398931 398202 409745 405859 410005 403838 395218 396968 391479 403532 390230 403169 393126 402269 408924 399430 572654 408054 580366
580000 403644 574747 391702 397075 405754 396580 393018 396958 400232 399019 406657 398922 396048 388167 394017 397927 390053 395737 392311 392294 402845 393782 400873 395377 390544 395707 399680 394164 398592 400512 396393 396999 409250 384519 396401 389826 398896 396333 397796 394478 396347 381199 404754 393029 391965 394179 393089 394622 404834 396305 395590 394542 390572 391190 399097 395370 396453 386868 398692 390479 399669 392292 396226 389474 392023 393039 392936 402370 390352 391816 396873 400524 389681 399112 386910 391968 393023 387664 396202 388738 398067 388932 389609 392775 396907 386143 401954 394284 397370 395671 398516 395906 399597 396793 408842 394433 394442 391305 394591 407280 402842 393455 378792 393084 389674 387676 386923 393447 398752 387947 399474 395627 387840 392918 387802 395924 391114 401474 396320 400748 391365 385507 398542 389289 398476 392019 396385 401422 394142 398465 391748 399281 398825 392154 405088 394329 392791 394432 396103 392156 392923 389372 393975 394693 389905 396813 391950 397573 393368 394409 395429 395841 397640 395521 393820 403326 392700 401596 395047 385461 396595 387085 395358 403168 404000 395896 388890 397938 402197 397342 390032 396112 400629 405453 399915 395241 394894 406516 398897 396396 395736 405763 394235 395124 395113 401584 394284 397496 396801 396025 394516 393087 395475 393792 390384 391439 396857 394145 395509 401077 389750 395955 399706 399102 401475 402699 401669 395895 397724 408090 402350 398367 396990 400573 397404 396876 408958 390138 397875 398547 397800 407465 398488 396670 398115 397438 400261 397687 403473 399213 391754 404222 396638 403992 399588 393753 403703 397820 396989 398755 398321 398383 400277 398702 395422 393665 392863 404769 392989 401329 400296 406504 403659 408565 406098 399184 405029 390001 400576 404690 402534 398563 400729 401646 408653 401164 395459 402719 395463 411789 398346 392799 396902 404864 408310 400403 406523 402760 410887 406809 396572 398003 407418 408532 413427 400368 393141 396814 389977 401892 395278 399507 399027 398682 403148 399879 575064 405998 585216
579004 410221 570416 387787 402889 405101 400179 394447 397577 396240 399608 399378 398692 400861 390538 391846 393949 390474 396676 391787 399578 400892 390579 389147 394379 391249 396179 401614 395609 396754 403586 397526 399163 406121 389920 398642 390624 396255 396643 397581 395325 402804 390112 403861 394019 387976 387339 393951 391093 404045 392603 390069 395855 391270 394465 395369 395957 397515 387606 397251 387176 398520 396251 397369 390130 396169 389909 394801 406393 388793 389117 395083 399844 387741 397874 389232 389972 396886 391232 395520 394418 399836 391962 392562 393465 396848 383729 401046 395915 393350 393987 399787 397503 400435 390627 405694 392336 396660 394384 395270 406830 404579 388104 379530 391650 386026 388085 387907 392103 396673 382821 400789 393356 388590 390944 392425 391874 389301 403289 393330 399624 392599 385685 399258 390921 392821 392312 392659 401134 389426 396002 392739 396657 391294 391846 404531 390131 391170 390874 397473 390003 391015 393359 393231 396779 384736 391248 393312 392009 390799 397273 390863 391688 397516 393993 395032 400275 393609 403892 397923 390153 392807 390604 396134 407173 402281 400467 391809 397397 402055 394351 390374 395376 400702 403611 394301 395612 394698 413152 397456 397745 390970 406047 393628 397808 393966 398360 396434 401461 395199 391717 397532 393310 392303 394432 390610 391427 391408 399353 393985 402090 391264 389678 397544 394306 403640 399634 404689 400693 400446 408993 401039 392639 395871 399838 399707 398774 405234 389289 401721 398386 393991 407284 400462 394117 397121 398551 400423 397711 403011 394064 388471 407872 397953 395569 404504 391857 410291 391670 399132 397906 398275 403743 400085 398131 398937 390725 394929 406929 402720 396523 396333 405535 404452 402868 405829 401393 403275 394120 406518 401712 403444 398540 399127 402554 401237 403631 399256 396616 393348 409210 395712 396119 397890 406493 404598 400554 408442 404083 414826 404700 398924 395434 406232 400806 410304 400303 398680 394485 393586 407686 392630 402512 394992 400500 408580 402337 575251 408742 575968
582229 407888 570688 385197 398670 407055 400855 392791 398362 402087 402054 404532 401118 401489 387587 394593 396333 391821 395201 390441 396085 401382 393470 397830 395590 391482 397886 403031 398386 394665 400032 398006 398431 408428 388162 402927 390673 394542 396736 398711 398989 398455 389537 405204 394479 391902 392240 393222 391773 404609 390079 393128 399787 391979 388793 396525 392826 399641 385745 393936 391904 401370 395722 395164 395569 393979 393763 393225 400241 388583 389999 395893 398776 392212 399388 395024 395231 394453 393303 393511 393817 398032 391387 389244 395066 392355 389221 404059 392094 398676 393472 400545 395638 395464 395915 401318 394500 395114 390759 394640 403977 402990 390820 378625 391928 387102 390584 385524 389397 395011 388512 401303 392329 391165 388795 391990 391013 391588 401208 394391 398344 390132 388759 399889 391114 396242 390622 395638 400421 390983 397148 391434 402285 391879 390978 407222 394279 393759 398239 396673 391398 389400 391923 391941 398485 386652 393733 394123 396140 389846 400103 394626 391212 398639 396370 392431 400053 389296 400138 393279 393575 394038 395234 393840 404006 403701 397442 390808 398734 404034 390939 395362 394647 401019 403130 396156 398527 393432 410686 402849 392921 397056 403732 393718 399099 391352 397353 398869 402498 394091 393389 395316 394846 393070 398258 391774 390877 395155 399200 393079 403434 396532 391600 394830 391814 404291 402270 403141 398335 401402 406039 405077 393915 399859 397700 402883 398942 408278 392104 401542 393334 397862 407023 399904 398638 395794 399138 401532 395489 398288 393916 393247 400756 397603 395276 400358 390486 406523 395347 396803 399118 396955 400996 398198 397798 397172 395194 394358 404226 396768 400194 397460 406952 404817 404513 406468 400471 408306 388244 403853 406474 405101 397868 399745 406877 403348 401106 395898 397219 391922 413659 398075 391495 393766 404949 404780 400883 410561 403758 409410 407223 400690 402457 409228 405715 407978 403703 396291 396624 392377 401211 393668 402427 394963 401625 405379 395339 575882 403761 581384
580969 410510 569070 390467 401433 404804 396599 391987 399400 400055 401249 404734 397270 397304 390611 395347 392337 387551 394441 392061 397729 399626 391600 401144 394811 388582 396616 402696 397166 397239 399076 399436 400448 405335 388993 399061 391254 396036 397579 398406 393608 400820 390538 401801 394394 392396 392599 392757 396820 403618 396103 391755 396751 387006 389675 399898 397810 397021 383274 397451 394137 399091 394300 400269 398131 394995 389071 400335 399957 390013 393429 391277 400479 391060 397718 392940 392282 393311 392463 393324 393901 398396 388662 391224 392828 394042 383039 400953 395032 397968 393370 400555 393724 397454 393345 408176 392304 395709 389789 392992 405230 395575 392169 379168 395448 387891 386905 388862 395260 394692 383659 399375 392780 385952 391754 388142 390590 386614 397629 392885 403849 388131 386436 403433 384319 397986 391126 392387 402240 393818 400299 393907 402576 396036 395891 405830 393693 395617 395484 394626 391444 391262 393247 394358 396682 390471 391548 390670 397837 395683 397624 391751 394752 402089 396049 389962 401103 391830 405515 392669 390728 392596 393765 396950 407189 406959 394758 392025 399979 398068 392828 395641 394617 398851 400104 394462 401076 394107 408746 401971 396563 393610 406863 396820 394528 398396 394976 398180 397156 396122 393986 398655 395926 394546 391921 388899 395998 394142 401790 398242 402121 389619 397171 390645 393788 402530 396829 405259 397813 401257 411603 402244 394144 401086 395207 403584 398332 409555 388453 400277 400530 397928 404807 397827 400468 395464 394528 401198 399098 401115 400204 390216 406111 400255 402203 406427 395117 406439 397115 399730 398382 399832 401071 402002 398707 396921 397345 395199 405149 401825 400129 394924 400823 405429 407239 403111 403955 403352 388691 402604 405880 402894 400757 396089 405574 404122 401787 397567 396878 395782 415723 399150 395685 399957 411623 403287 402982 407457 405951 409707 407143 396882 398492 408846 405250 409969 401456 394592 394363 396294 399788 391803 401351 396889 402689 408243 396806 573867 405460 578370
580914 401623 576918 389753 399022 407310 400043 391004 399324 400206 404296 398740 399084 398295 387619 394744 396962 389583 395668 392185 395905 402386 390207 404459 394479 393824 400271 400362 396475 394583 398223 395615 398861 410621 388136 394952 391071 398709 394935 404272 395423 398753 390436 403827 394770 392001 388894 394053 393484 406068 394852 396373 397867 386985 391197 398768 398179 403712 387640 396039 392747 404239 394944 394709 393380 393562 392602 393540 399933 391533 395957 393686 397555 391472 400638 389559 389134 394743 389238 397487 393853 397081 393323 391763 393993 393926 385183 399965 392424 394727 391436 402900 396461 394364 398268 405056 392209 393396 395500 394127 401533 400255 391725 380410 393440 383521 390896 388472 393225 399818 390079 402459 396895 389272 389388 387904 391522 394436 402507 395508 401972 392074 383117 403176 389819 397023 389263 392747 396735 395803 397082 393566 396685 393834 394190 401742 392829 393915 397694 393741 394781 395070 390011 397585 397359 389428 394110 391289 399720 389074 396737 393084 393490 397592 397502 391237 400961 390161 400464 392837 389150 395532 391019 398320 406099 403147 393401 391557 400839 397994 394582 388746 396396 401863 397475 397086 396423 392635 406739 399928 394974 395690 409257 391696 399871 394315 394117 396547 402486 395360 398571 400279 396647 389328 395457 388402 391928 391487 398550 393019 402643 392543 392651 396495 395313 402975 396528 408940 401876 403869 405930 402797 398920 401732 400514 400424 402428 409763 391752 402837 398524 396015 404496 401565 393054 398714 399304 402144 399557 401755 398134 388883 401882 400091 395553 401415 392339 410016 394788 393813 396978 400906 399328 398676 396892 393180 392527 398703 403817 397563 401993 397381 407348 402259 408302 404554 401095 406462 389792 401851 407512 403708 401463 398607 403141 404691 407504 392516 402670 397811 416140 394650 394219 398916 401820 407163 398142 410816 402090 412863 404706 401199 402600 407503 405797 414091 402702 395194 395527 387993 402034 389586 399430 398913 396005 402129 399811 573701 405979 582530
582313 408793 574735 391751 404027 403812 402078 390281 400218 403614 402775 403247 396323 402241 389867 394689 397868 390944 397159 389398 398028 404323 397443 400020 397896 388123 396798 401246 397205 398953 404571 397998 399284 410122 389911 398775 387900 403851 397049 400640 395841 401712 392269 402945 392427 392530 391017 394563 395427 403058 391949 393211 401495 389610 395319 396936 399529 400946 385628 399077 394882 402337 397083 395591 395405 397167 395289 393757 401937 392717 394567 393784 403069 390238 396777 393051 389803 391640 395004 393059 390777 397833 394989 393429 391432 393533 385762 403593 393789 395667 393769 398425 396226 398422 395474 404100 394959 397155 392619 394859 403874 398074 392329 380664 392598 387049 391066 388812 394646 400379 391225 398645 396323 388856 383581 390374 389648 393254 401402 389308 404473 394517 385486 398553 391252 394345 393106 392058 396855 393527 399161 395971 398090 389574 391728 407112 388555 392892 393285 396868 393064 391034 388825 394839 398055 389506 390173 394961 399388 396518 396830 394416 393051 398116 397400 396496 397558 393128 399502 390354 391718 397520 394691 396900 408357 402452 396864 393358 400916 399082 395903 392912 400434 403269 399631 393872 398760 394276 411573 398073 395965 395280 404735 393599 397549 390778 397233 395519 398602 395567 395773 392625 394422 394309 394419 385567 391604 395509 399272 395113 401413 391763 395121 398169 396424 402233 399088 402986 397546 402086 409149 404713 389893 402295 397615 400604 398705 410927 392047 400241 398359 398527 407503 397998 402137 397070 399258 401383 400730 403340 394563 394822 404455 399114 402914 404280 391591 413205 395422 401572 397630 401321 398289 400712 398946 396052 393239 394805 407131 396602 399334 400951 401200 403822 403020 410133 402432 405072 391015 401590 406985 404005 400797 396462 403607 404721 404901 394433 399250 392511 414199 396647 395354 403508 407947 400249 395048 411480 407999 408685 405141 395554 401264 410283 407000 405287 401201 397348 398795 391757 401180 387741 397569 395728 393863 407073 399955 573186 404661 583311
583539 408684 569222 389777 400075 403433 400333 395928 398822 402187 401716 401435 398558 400727 390758 397168 396184 392192 397617 392020 397305 397234 388455 401078 393032 392203 400018 401956 399638 394868 398181 394669 393032 410122 391786 396462 391921 399327 399067 400372 396042 401642 386682 401201 393744 393694 392031 392505 397216 404126 396202 391192 395416 390938 392722 400071 397176 403926 382901 397878 394779 402725 396437 400100 392449 393283 392339 394700 402316 393306 388857 394711 400911 392493 399508 390369 384124 399625 390818 396606 393507 400541 389220 392307 392150 394412 389212 402287 393844 398623 392765 399214 399827 398793 396512 405668 397432 394527 391476 396495 403241 400371 390444 378363 395673 384896 386383 388011 396421 397342 388886 401434 389094 388536 390014 388479 391004 388948 402212 394602 404989 390165 387620 402102 390698 397106 388302 394425 396633 395013 398196 392299 397245 394736 392873 404848 390266 390653 394652 395160 390258 389465 388738 392367 395490 391317 392514 397578 399597 395924 399877 389963 397626 401601 394433 394228 402388 395848 398188 395981 392153 394897 390321 398539 401530 408955 400224 393975 398122 400526 392609 391190 393921 398172 398152 395924 398982 391669 410683 395862 394511 394277 407224 395609 399948 390903 400143 397891 403786 392793 392782 395010 395076 396326 397660 387280 392230 391581 399639 396952 402242 390098 394155 396967 394327 402969 400177 407147 400608 403097 410047 402385 397154 399843 398324 398739 401898 407632 389432 405449 400066 397621 402327 397078 400598 396226 405322 398231 397082 404744 395295 395342 407462 404735 398025 405293 393456 406256 395952 395794 400221 400391 400724 401080 395933 391395 396049 399834 405946 398842 400618 400130 406381 402682 403425 405048 402283 403757 391751 406371 403901 405490 397356 396771 405181 404611 398478 391544 399811 393321 415789 395254 397722 397973 408685 404121 401061 410398 405410 406954 407250 394461 398578 406043 404120 408824 400753 395594 395859 393777 400678 391933 402251 400023 397727 406063 398623 575486 405624 579879
576796 406342 574734 388301 401814 405400 397589 389208 399808 400348 402621 404845 399300 400599 389023 391628 397967 388894 395609 390749 397295 401015 390232 398058 394698 391060 395628 400444 399222 396820 393468 401343 397790 412036 392773 401292 387795 397667 395825 397699 397236 399215 388970 410767 394850 390887 390714 394843 398221 408441 397783 393775 397556 392656 395581 398024 396758 399862 384619 396825 391485 404692 396062 395803 390899 391377 395765 394520 407114 391914 391974 395354 399738 391545 398748 392849 387958 393442 390677 390516 397593 395956 392018 393637 394375 395014 387045 398937 393778 397566 390435 399888 397768 399370 397256 407273 391526 398840 394391 392469 403931 399576 390392 382576 392539 384692 389869 388885 393397 398332 384879 399505 394937 388706 391995 388880 386829 391107 401725 395661 405926 391023 387386 399912 392125 398657 389785 393216 397957 390218 398798 384845 399289 397082 400579 400000 387981 395649 398023 401554 392288 387111 391570 393898 399256 389988 394262 396167 397196 392875 398846 397233 392820 399903 397411 395998 401657 392357 400163 393233 388121 395158 393105 393941 408850 403696 396039 393556 403330 400290 390158 396514 395083 403929 402734 397455 398453 392234 411997 399442 393095 395883 410645 394283 398364 394237 405811 397370 401080 394878 398534 392856 397144 388661 393920 391592 393908 393918 399573 397248 404395 391704 394088 397015 400119 406264 399625 402484 398969 400994 406802 402512 396120 402645 399677 402725 399147 409208 391212 403382 399824 398770 407818 399152 399911 401109 402273 399403 401083 408211 394115 392960 404405 397037 398365 406300 396292 406440 399516 400171 398788 399452 404016 401538 400434 396288 394459 395773 404507 394666 400736 393823 403440 403506 400461 401386 400122 408396 390352 400259 403415 401791 401913 394593 404802 404056 400919 394432 396744 390266 412487 394520 394802 400162 406508 402008 401882 406166 405191 410589 405898 398515 403473 406427 401442 410004 404646 396245 396241 388772 403125 391762 400801 398194 402845 406802 399777 574250 402748 578680
579395 404913 577454 389834 399776 400807 397476 392873 398824 399264 405652 402030 397172 402745 395115 393909 396785 395056 398109 390885 396837 402860 399305 399576 396896 391538 398166 395858 396235 393504 401474 398443 399133 405957 388918 400302 391302 401757 395806 400879 398716 396371 391418 408753 396435 394783 391165 389666 398156 407057 393848 392707 403205 393121 397163 398801 396811 397889 387259 399042 395645 399662 392804 398394 392097 393121 393508 392554 401695 391946 391799 395656 399793 391405 397172 390410 391851 394224 385476 394996 392929 397742 395128 391371 394219 395006 387723 402560 396258 396059 387424 404172 398536 396146 397813 403181 395108 400781 395641 392239 403032 400237 392480 383146 393409 390065 387738 391963 394128 396664 386799 400449 391735 389336 388995 389650 393929 390667 397829 395243 401757 389904 381450 399544 383639 394441 391953 392011 400676 397475 397722 391141 397082 399527 395003 400851 388908 392450 392695 397713 393473 389755 390498 393265 399648 390931 393191 391287 398721 399978 395007 392620 397445 399005 396856 391857 401112 390674 403775 396390 385920 392567 393768 397069 408445 401626 396000 391593 397799 397710 393144 391647 398786 402216 399580 392896 394540 395226 411500 400657 391316 391526 404867 391013 396075 396781 398749 398143 402690 395024 393872 392329 392997 394984 397013 387783 388740 398959 397250 394225 405994 389988 392208 401480 394319 406008 400801 401925 395242 401449 405169 402250 394778 401521 401205 397566 402772 408737 391609 398070 401957 399274 407891 402761 399655 395834 402773 403436 398812 399202 399349 386437 404391 404274 403314 405374 394156 408341 397867 399688 398857 397775 403974 397846 401013 393029 390410 393773 408758 397599 399649 398265 405618 404752 405659 403665 404306 406261 388266 401158 406793 402216 401310 402246 404117 402907 401804 392508 398395 394490 412274 395562 396437 396558 404849 405471 397857 406779 401148 410974 404252 398212 400658 404496 406046 411504 400364 393883 396430 390428 402939 390225 396715 394548 403134 405096 396554 574369 402531 578120
583743 407418 570371 394165 399444 406565 397626 388142 401746 401729 407932 408106 396409 399171 389764 394055 395118 389749 396792 388451 395998 403050 398300 400722 392392 392512 397600 406027 400104 398742 401719 399339 401381 409405 392797 403264 393111 401170 395741 401003 402369 396187 394736 409678 392565 394111 396232 394356 397084 402097 396992 393398 400824 390158 394087 400882 393122 400031 386187 394478 393186 398018 394621 395044 392534 395500 395681 396324 406367 387736 392579 392393 396770 391084 396351 387239 391195 393192 390727 397276 393641 403189 393561 392030 394515 394904 389968 402150 395205 398699 393749 403154 396656 400299 397825 406980 394778 394020 395689 394577 407037 403528 390928 380989 400119 387276 387939 389616 396714 394423 391326 398047 394641 389530 388311 390384 394735 390067 400744 392738 404292 391804 382302 397154 385947 393911 387081 393846 401638 393273 393799 390991 402131 392652 390716 403833 391120 394863 395707 400799 392481 387556 390765 393590 398887 386914 391224 395410 394287 395784 397320 392441 394493 401431 399500 392318 399209 394397 400893 391129 391161 389029 391458 395635 406586 400391 397411 393715 400778 401570 393651 392546 393436 402113 402562 393370 393797 394990 409942 400042 396846 391023 399292 391488 399420 391969 399063 398914 397763 392807 395575 396551 395561 397262 394682 391487 393360 392110 399163 394932 400632 394920 394729 396090 396519 403327 405057 407126 399646 399753 411331 402879 395791 401087 399894 399195 401491 410192 393714 403300 398529 395753 404490 400541 396209 397556 401750 403550 398599 403103 399930 392239 407410 405029 401174 402599 392699 403849 394749 398832 397928 399384 402303 402640 401720 397899 395452 394383 406039 400675 401983 397018 404637 404687 405896 404343 399321 403480 392157 407098 406028 403690 400139 400564 409317 402081 405327 396193 399821 392686 413143 397398 393264 395123 403598 402925 401019 412385 405453 410192 406930 397591 400761 406366 399939 406675 404332 392931 399438 392852 402083 391902 395285 391635 398687 410385 398899 575261 407086 581628
583618 409806 571491 392217 399985 405016 399468 392306 399745 400222 402309 402476 401968 402974 392198 398508 394514 393718 397647 392931 399053 403902 398644 403723 400552 395001 398693 401676 400660 398562 403862 400020 398646 410081 393214 403736 394170 402962 394843 400544 396446 398647 390345 403479 397023 394204 389073 395703 395827 403763 395196 393589 399235 388136 397598 400410 397776 401774 388474 400492 394327 400442 397711 398974 392685 391242 394203 395247 405435 393084 393988 392512 403003 394728 400696 389905 388635 402503 391097 398911 395508 397314 389924 393727 398121 396250 388098 404118 395537 393611 395296 397986 399192 396974 402276 407746 394110 395740 395877 397301 408742 403246 393598 382883 398789 388414 387177 390073 395286 396645 391259 397785 395518 388062 388748 390944 394864 390809 400824 394301 405156 395348 387634 399700 393833 395492 390552 397196 399448 393652 398456 391633 398995 393602 391780 403945 393112 391319 400457 397953 392959 392057 388424 398030 396926 391139 396078 392598 395522 395049 396831 392018 390944 402818 399592 391281 400817 395069 405767 389602 394553 395201 394322 400285 408449 404295 397482 394943 401490 402384 392880 389133 399503 400508 400371 394976 395378 391890 407676 399105 397193 391663 404131 391003 399103 397173 398360 397479 404341 395817 394704 393422 396470 394121 393378 392070 389638 394252 396834 393045 404271 388805 390331 396535 393470 404299 401071 408114 402400 401841 412631 404558 395279 398374 405011 399063 406202 411232 390500 406681 400133 402092 407077 397969 401237 397393 402981 403973 400535 399642 397655 396067 406675 399452 399043 404654 395421 404022 395548 403075 399462 402568 402541 397741 402868 397616 398028 396637 407644 398454 403780 399495 407241 404997 404521 406893 404390 405533 387278 400827 401322 403694 397572 398815 403433 404408 401746 391951 396305 393298 413923 394678 391698 397272 406205 404005 395938 412245 405339 407513 405200 397735 393750 407454 404641 409325 397095 393829 395047 394106 399659 388054 396553 393644 398457 408729 398157 573734 406210 580572
582282 407673 573700 387723 402629 405516 399653 391936 397889 401129 401664 400567 401666 401778 388624 396252 397899 387571 394773 391899 397716 400994 392674 401253 400277 390163 396061 402014 401844 401166 404773 397714 398574 412260 392158 397854 392069 398988 398990 397345 396495 396900 392752 404161 396302 394220 392956 394772 398566 404808 389876 393729 397437 391719 391765 402655 397701 401814 388807 400161 395844 401536 400121 399073 397475 400711 394496 398717 406055 392693 393045 394372 402800 388846 403788 395821 389102 393257 390145 395907 394125 401338 394575 391857 397906 392861 388488 397917 395600 400403 394444 400926 397944 400542 398528 404263 394896 399560 393384 400770 406429 400424 390820 378898 394118 386558 388377 389838 393367 396510 386579 402864 396261 388978 387753 391295 390500 390759 398868 395780 400204 395307 385438 396749 390206 396517 389097 395372 398762 395905 399249 391735 397844 395959 394536 406663 392982 395744 400045 398715 392180 390968 390207 392925 397611 391982 399073 394307 397161 396241 394763 391543 391852 398951 393837 392740 399222 394019 404525 393712 389869 394883 392280 398233 405518 400950 399267 393718 399743 397388 391001 393026 401707 408276 401201 394565 402253 391030 411970 396316 391295 392808 409494 393934 400732 398126 393183 398070 401122 395794 397945 398138 396968 392441 398130 391630 391570 394758 395712 393376 400228 386941 394372 394425 393639 403426 400189 406492 401823 400950 411114 400957 395979 401221 392456 402513 406229 411610 391253 402928 405197 400170 407737 400050 400649 393146 401639 399568 399931 401326 396328 391010 413073 404136 402629 402105 395841 406991 392661 399377 398099 397709 399459 401972 403578 399670 391485 392350 407857 401638 403911 398539 407796 403331 401565 406836 407466 406441 393576 404284 406849 404250 398531 396059 402723 402151 401240 393746 398372 391963 412854 394476 394046 394705 403322 403671 399413 409051 402514 411422 403770 394522 401808 406032 403162 410186 402458 394479 393426 395539 401124 389807 398850 390982 396969 402791 401900 572546 405652 579616
580262 406075 572767 388278 397996 408709 399453 392931 399568 400121 404066 404965 397117 399472 389704 397234 399295 390667 395997 392118 394868 400534 393657 401088 398966 390922 397467 400592 395253 396028 400787 399321 397624 409056 390917 398788 394874 397073 394107 399582 402788 401673 386463 405961 396397 393980 389759 396788 397815 402330 393150 392515 402423 392263 394365 398201 398457 402662 388284 395502 396063 400726 399921 401190 392413 393526 391802 394936 404301 389246 394826 397684 402638 390090 401152 394328 389913 395521 387788 396325 395375 396726 395592 395456 396194 397615 385868 403333 393809 396347 394554 400050 395223 398990 395556 404696 396293 401881 392570 395719 408498 402711 393671 380621 393763 388648 392052 389840 393415 400532 389435 398444 396028 385276 388839 388141 393025 390152 396814 393228 403272 391864 381862 398128 391828 395069 390302 395690 398176 394521 399167 394510 401551 394059 395781 403202 392481 393477 393166 395744 392211 389691 381761 391220 396769 389968 391658 390729 398973 394448 400387 392697 395943 394211 396059 392077 398461 395030 402880 393951 391590 394175 394218 395713 409500 401827 394339 390389 400254 397919 396423 392035 397648 405156 399135 400323 396106 394491 408002 397754 396390 395864 400627 392789 394444 394943 400647 395789 396399 397491 395625 393498 391177 390898 393535 387624 389766 393871 399170 394964 401958 390057 392601 392308 400422 402926 399180 406836 395039 402951 408995 405198 397047 398017 399518 400183 403013 410628 392160 402171 398161 400010 407971 398459 393654 397746 399606 400083 398871 403207 398419 396298 408757 400244 402770 404536 394764 403555 397504 399532 395013 400399 401821 404164 401146 394919 394024 391524 408116 401206 401430 396844 405212 407258 399384 407921 404227 407305 390202 408568 405793 403141 400267 400508 402573 405790 400696 392260 397839 394014 414172 397655 394322 402734 404777 406862 398985 412320 400194 410608 404948 398536 398840 404808 402861 406094 401173 394239 397255 391609 405941 392597 398296 395646 396871 405139 400240 572557 405285 576860
583811 406865 574911 389588 401618 404626 399706 393509 396741 399882 401620 403430 398122 401303 384476 394419 396656 390111 396509 392639 398885 402428 396900 403234 394582 388594 397079 401234 399389 393192 401969 401256 398754 409075 389179 397104 392252 401789 397668 400018 398325 402153 390175 407360 392743 392131 392155 393432 401375 401929 396114 395261 397759 391824 394000 399659 397967 397344 388075 398086 393838 399386 394440 395023 394940 396069 397409 398082 409379 394517 392631 394424 400231 390523 396101 393049 392233 394940 392452 394406 392132 396787 395007 392691 395082 397420 389699 400356 393564 397442 394882 396870 393283 396605 393741 411620 394192 396021 395824 395613 407704 402793 393139 380308 395459 383217 391081 390943 393190 397195 389090 399495 391195 388632 386116 391393 391769 391361 399514 396747 400298 394199 387856 400995 388557 392919 389046 395607 398857 390351 396447 391883 398436 391796 393747 405538 390090 395602 397098 395799 391326 388534 387404 394878 394440 387899 390836 392075 395419 394576 394433 391067 394227 398184 398655 390869 398404 392075 395641 393817 395227 396045 395859 395730 405205 405603 399389 393644 396539 399100 393532 392383 399274 401044 401439 396067 398775 391993 412647 399949 392919 396105 406099 391301 395149 395371 400101 393482 401330 392235 397413 388102 393865 393152 394785 390768 390402 393125 397734 394536 401495 391898 394353 397560 393800 406117 399457 404370 398262 398513 405203 401147 400385 400020 400939 397060 400748 410348 392577 404956 402302 400626 405369 397093 400223 397486 404438 399892 399750 401356 396054 394951 409162 401695 403117 401399 391216 409173 392626 399591 402269 406217 402561 400713 399375 397918 393360 397111 408250 399097 398676 398736 406091 405470 402856 403088 404033 410404 390313 401824 406846 407312 399087 398076 408387 404981 402915 395047 399068 396041 411460 395012 394973 398102 408244 403111 398241 409629 399340 407375 403783 396450 399667 407591 403227 406595 402377 391699 393907 390805 404118 392123 397812 394968 398547 409150 394970 573851 403137 580215
580949 406497 570104 388146 399584 405534 400583 387563 400331 399100 401217 400671 399735 403980 390829 402213 398016 392916 393039 392661 394206 400468 393253 400829 399982 392293 396792 402960 394392 398959 403424 400078 402007 411080 391267 400313 393137 399244 394410 396976 397670 402526 395802 405593 394829 397339 396098 394113 395981 405143 397173 390949 397258 393664 395299 400348 396615 403555 386026 395578 393564 402603 392365 396603 395065 391596 397215 389628 405903 389532 395135 390993 402893 393064 399260 392890 392601 394229 390407 397418 391934 399033 392211 392658 397677 395905 385053 404145 394939 395084 397014 401047 398222 398074 399532 411153 399058 395362 394115 393791 409426 400317 395228 383747 393286 386055 391659 386355 394089 393502 389542 399271 394072 390021 390511 389152 391126 391849 398308 388543 401560 392147 384106 397486 392590 395864 389331 393382 396367 393793 398258 390037 395442 392064 397001 402873 391897 394430 395189 397138 396226 389829 389303 393721 398583 388088 393127 391074 397488 392242 396355 392186 393820 401917 393257 397114 404770 393642 399495 392860 391034 393379 393299 397063 406322 404170 396073 392678 396450 398839 396056 393583 403279 400218 400422 397846 396047 391771 410643 399835 397028 394113 408661 390109 393911 394009 396739 397100 397493 396910 394953 395871 394109 388592 397005 387613 391674 397566 398215 395028 398160 392399 397297 394601 392816 402917 400404 404305 402182 399945 414141 396822 398323 401470 399674 401197 400115 410212 392721 397213 400773 401958 408394 396992 396837 395577 398777 403026 398429 401823 395891 387171 405958 398303 397903 404273 392820 411321 392945 393271 395996 402956 405436 402534 403049 397617 401271 397316 409068 400458 400617 393917 409049 404475 404088 405943 402384 405996 390622 403458 404685 406285 397968 402065 407757 402561 402344 395058 399210 394787 412361 397819 394695 394714 404637 404399 398856 411926 398600 407579 405661 397697 395067 405838 402213 404867 400964 392507 394683 390020 405838 390457 399717 392847 394864 406994 397694 574700 401080 581485
580916 409968 564061 387408 399696 405003 400417 392109 396656 403925 398850 405218 396320 401935 393049 397460 396602 388956 393580 391527 395645 399818 393855 399016 395643 388049 399261 402206 398007 395632 404749 400527 396684 413124 393856 397931 393869 398777 396627 401533 398764 400960 388284 409257 397875 396618 389631 393491 399704 407900 397033 393291 395477 390637 394419 399064 395671 399429 389982 405824 391732 402545 396689 399857 393203 393321 394034 398658 407156 393508 394052 398195 399232 388764 403114 397838 392939 395047 391120 396392 393585 401264 395363 392914 393312 397097 392566 407255 391977 396078 395392 401200 398118 400646 399645 407879 395234 398612 393921 398074 403211 401438 396173 380368 400514 389102 389094 395704 395304 394018 388081 401278 393575 386229 387818 391580 395137 394641 396733 394381 398543 392127 382186 397795 387765 397117 391529 392156 398176 392753 396168 390742 400764 394904 396549 405939 391519 392207 401081 393460 389582 387959 387252 393446 398047 389798 390780 391494 396926 392270 393225 392733 394648 394653 399588 393594 401005 394557 399473 393344 394180 393782 391408 397077 402542 404748 397251 392128 397550 398431 395114 394939 390800 402456 400136 396985 397589 392535 411992 398791 395656 395138 403904 389891 399733 395128 396726 397075 398326 396788 396727 395962 395810 387050 394254 392022 391215 398654 394648 397135 398931 393783 392320 397161 398726 402653 399342 404010 395389 399478 409778 402867 395846 400511 399995 398705 402637 410969 392255 405333 398144 396944 408618 400324 402260 398453 399764 403163 397379 402787 399942 394839 407296 401392 399650 404615 396346 406673 394910 399532 397489 405955 405982 403023 397971 397827 394297 394376 405887 399508 398296 402972 403030 406908 406131 407264 413053 406715 389338 401357 404844 406171 400860 402616 406586 404294 403925 394567 399569 390079 409612 398563 393846 402716 404978 402586 400390 412504 401678 404665 404493 398621 395437 405533 404447 410170 401383 393502 397270 390753 399947 389487 398660 395888 398076 404548 397009 572491 407933 579072
580205 405529 574331 391841 404052 406315 400172 392706 395398 400063 401922 399047 399944 397757 389409 396150 395578 390194 391658 390588 395605 397100 392920 401159 401217 389937 394215 404957 395416 398676 401158 399409 398579 409576 393588 396825 392416 399087 399036 399286 396614 404281 392709 403955 401065 395696 389263 392924 399384 405669 395003 392890 400899 393866 397373 400766 397712 398132 386267 399860 391998 398831 399819 398091 394668 394985 396114 394421 400149 396447 397378 393092 398721 393434 402005 394645 393407 398905 391339 397788 395958 400529 396830 394400 394004 394375 387867 400741 396585 395244 393908 402680 397995 398401 400930 407285 392136 396121 393172 396212 410582 402779 394245 383818 392281 390588 389055 389531 395545 398038 386469 399610 392539 386596 390521 391620 386794 388521 400124 390382 400911 394839 384219 399549 391738 395033 385050 393421 398538 394167 395377 392678 400957 392764 392348 405857 393977 392862 399956 392473 392388 392975 387834 394191 395754 386248 393550 393138 396128 393335 399152 392506 390430 397541 393344 392578 401259 392096 406227 392631 391374 392281 391875 396230 406315 406315 399351 393612 400407 398791 393030 391135 394854 400854 397739 393746 394843 389802 409949 399383 391185 393152 405515 391756 399167 393552 396856 398909 401180 394603 397475 392452 392818 390606 393351 390288 387480 392611 394537 398533 399720 394673 392807 393287 392547 405885 400389 406720 398663 402708 408426 403855 394823 400991 396924 403607 401457 411127 392919 402989 397330 398326 407452 399715 400896 397736 402424 404539 396844 401781 397028 393182 409818 397355 402089 407638 395405 408083 393194 396408 399904 400427 400322 401360 402318 395561 398002 395687 406649 401973 403086 400691 404273 404192 405559 411099 402402 408241 390343 403106 407993 403223 401470 398279 406633 403372 398575 395268 398899 393586 414242 396811 393486 400190 404692 403409 400944 414610 401269 408642 402542 399430 399361 407416 403972 409815 401764 398233 394420 390062 399661 390574 397402 392654 398581 405092 396148 575050 406190 581690
583529 404238 568535 392395 400543 405480 395283 390043 396769 399108 401439 402038 395317 398735 390914 395053 398565 384268 397835 396419 397488 399382 396321 398049 396125 392043 395766 403843 398901 395395 403005 393532 398955 409273 391676 398386 391516 400231 397151 402611 399215 405208 392575 407343 396673 394849 389400 393480 399884 407820 394933 388112 400062 390525 393294 396515 395888 399152 385221 402651 394308 403875 398367 397982 393064 397041 395644 392917 406466 395724 394468 394919 401163 392356 402093 395095 390505 394930 389053 395553 396291 399333 392720 390188 398377 396900 388360 399426 396134 397845 397886 401877 399274 399328 394363 408417 397510 395268 395078 397261 407521 401713 393570 382177 394379 384512 393330 389914 394650 400062 392600 398653 394645 392203 386744 389182 387593 389963 404116 394454 401831 392343 383595 399621 392503 393081 389529 395316 405594 392886 397257 390952 399033 391966 393803 407305 391699 391611 395030 394627 390763 390797 387792 392635 396041 387375 392767 392591 398972 397187 395008 393922 396221 399116 393241 393726 402413 392793 398791 397171 389203 391438 392145 394782 404203 400859 396753 390853 398411 399850 391357 391853 396710 402073 396248 396008 396590 392837 410966 398615 395952 391957 405751 393142 395886 396572 400008 395455 403161 392156 391679 392999 394457 391197 394020 390087 390675 393921 395436 395728 401870 394951 390257 396393 395803 403764 397996 403182 396272 401083 412394 403178 395989 401540 397910 399563 402479 411875 392116 402598 395717 399480 403319 397414 399409 397518 401554 403033 400540 403229 395977 394301 405315 402815 402220 399387 393897 409175 397334 395895 403540 400464 401972 404421 402716 397926 397325 397626 406519 400012 403032 401132 407816 402927 403114 411301 400445 410726 391053 403900 408326 406974 398691 401055 405207 404766 401402 397025 401314 393001 414688 404298 394386 394483 408302 407533 398759 407433 403876 404420 403810 394417 396769 404501 402736 404636 397597 395340 395139 390012 398644 391205 397125 391604 397484 405078 395863 576825 406829 581087
579135 405194 570450 387574 400310 400753 398124 392142 398220 400394 404790 402595 399675 402368 385203 393985 395505 391199 394710 391284 400031 400874 394103 396501 391272 391187 398647 400688 401240 394694 396723 399382 396451 411624 388466 395830 389850 400476 397591 401727 402683 401781 390702 402015 397601 393044 389759 398410 395435 404127 392262 395050 400205 391228 395293 398866 399568 398101 390557 398081 395619 404028 396242 397848 395193 394303 394012 395444 406679 392494 394198 395445 403473 390331 401294 392514 395159 401347 394721 398514 396086 401664 396099 390020 397681 399242 389298 404065 395666 399726 397487 401695 394080 401509 395900 406629 394245 397842 393741 395892 408402 398598 391177 381137 393946 384432 392102 387611 393452 401212 388929 398309 393874 387895 390693 389434 390714 391632 401378 391537 402074 391029 384578 401299 390689 391183 391704 394581 397920 396447 396744 390159 399239 397312 393012 400040 390144 392523 389307 393377 391785 394143 390524 393714 400628 387220 391998 391038 397504 394639 395432 392996 393806 396488 398300 389673 398781 392166 404310 388256 389587 392794 388708 393196 406057 403605 391964 395224 399877 403145 389194 391721 396759 401245 396147 397268 394586 395932 406480 399028 395362 400247 401751 396188 397289 391534 392113 396747 401286 396975 397251 397715 396310 387865 394213 386186 391655 393038 395976 389654 403646 390011 394615 393523 397759 402972 402031 407415 397566 402155 408825 404652 394012 401540 398036 400037 401235 406503 393449 400165 394571 400758 404331 403363 399412 398911 402226 403159 398382 405760 395003 393276 403921 396302 401864 408492 394239 407884 394567 402622 400997 402969 400129 402614 402472 394466 394727 398119 412960 396664 399842 398362 404800 403571 404042 405696 405136 406253 393256 404141 407700 406211 400090 398203 411144 406888 401717 395915 396244 395169 416917 396387 397327 396328 407132 400610 400402 409577 402582 411510 404108 398591 400757 404658 404829 407683 402722 394942 393341 393340 401237 388108 394553 395385 395108 401588 398111 572892 405881 576858
580288 403502 569957 388960 401815 407026 401404 394483 401625 400476 399693 402803 396945 399510 385744 395512 396052 388153 393927 394464 398051 402973 392249 397280 394799 391868 397011 400784 399138 400329 398311 398418 400117 408424 391355 401422 395977 400086 393306 402124 393790 401941 391164 401567 398342 397402 390426 395292 400296 409340 396783 396813 398472 389922 400011 398768 397432 401548 389917 396503 393929 400424 397270 397905 391757 394120 398401 394834 408402 392695 392949 395556 397534 395808 400472 395965 394989 398015 392377 397550 394770 400625 391799 394283 395470 394109 389323 401684 395093 396888 395279 400059 392626 401367 399416 408459 395943 395163 397051 395571 407894 405609 396887 379365 395074 385696 390778 389856 397881 398966 392849 400641 396549 390914 391819 392653 392742 393803 400192 394259 402280 391759 386459 397820 386745 399007 385772 389079 404217 391771 396018 393700 398923 392589 391806 403649 391312 389781 396690 403471 393143 391206 384114 394345 395093 385953 394527 393716 396251 390818 396838 391083 396254 395686 397345 392938 401343 391645 404126 392345 392483 392362 391951 395542 405392 404248 399163 392428 400280 397445 394983 397964 398502 398374 402738 395694 395456 394298 406291 398532 395161 394399 409203 394997 395371 395080 395332 396736 403031 389807 392079 394232 395767 393594 396042 391620 393188 393983 400073 394591 398161 392037 393322 398334 392406 404607 404893 404189 401381 403714 413445 405008 396922 401748 400330 400163 399367 405533 389402 398920 400690 396536 408391 396803 399899 395685 403920 401170 396590 399582 396388 391632 406863 400745 400305 404404 394609 405527 398664 400413 399829 399429 404977 406677 401184 396928 390717 397323 406209 402659 401812 400088 406585 403832 404500 400651 402195 410788 387410 400625 405538 405635 401204 401763 404014 404991 402476 400712 398710 400374 415665 395630 392479 401643 402615 403402 403394 412087 399439 409671 404563 399666 399714 409542 402759 408858 401683 397188 397390 389714 399140 389085 396943 392886 399226 404895 393934 568010 403654 580424
577864 404453 570077 385531 395005 403222 401067 389651 399308 402271 407087 401136 394715 404962 383378 393829 399414 391691 396240 392679 397306 401819 393999 400950 397252 390401 395479 405300 394180 396760 401013 399605 400163 412408 391159 400453 394573 403172 398273 402800 399294 400274 390461 404525 398168 393536 394710 396065 396741 404148 395470 394647 401009 394443 396922 404379 395837 399367 387016 398444 396648 400623 391798 400014 394136 392438 396396 397634 404360 392831 396104 393964 401751 393464 400997 396613 392834 394149 395796 394147 393448 403710 399300 392102 396550 399911 389919 402648 394433 396832 392352 400224 401025 398990 398276 403991 396442 396071 395572 397864 404942 405893 393602 380781 395059 387070 386961 386228 397583 396312 393761 401966 396640 389837 387281 391575 390588 396367 398891 394974 397990 391873 385375 397414 385166 399927 386493 397968 400994 393766 397250 389179 396613 397267 394102 404739 391838 390036 395695 398873 389261 390970 391653 394546 395499 387507 391128 391971 393821 393260 398885 395159 397264 398792 394643 395554 398351 393483 407058 395318 392058 391295 393837 396495 405391 404747 398172 393929 403114 394979 392104 393331 398810 401003 399590 398246 398235 393843 409498 395037 393574 394042 405915 393189 400384 396946 399593 396097 398862 391660 397766 397109 393781 391628 394522 384342 391810 394854 402316 396366 403034 390831 394934 395791 397296 407599 403112 404916 399274 405795 407895 406082 394240 405061 395955 399318 398699 412465 385022 399669 399247 400618 405912 400735 402124 398737 400435 403530 403862 402635 400527 392830 409648 401496 404271 406037 394180 408069 394556 395442 399391 402563 405207 406629 400160 396274 395472 396961 411062 397964 403931 396478 408701 407139 403667 411906 409147 407507 394602 404762 407362 407306 402582 401147 407901 406903 404897 398470 400364 392452 413970 398938 391716 399673 405939 402619 402138 410389 403016 409843 406538 397672 404615 403580 400773 410013 403153 392485 395437 393451 400505 391615 396156 397029 398491 408565 404231 576689 403337 581511
579885 405326 569199 386430 401041 409853 401241 390838 398578 397570 404073 401228 400596 399877 391395 396291 397610 393197 392125 392408 396943 402692 393766 400829 397379 391940 398381 400461 396642 398205 403127 398593 397381 410637 392342 399951 390451 395710 394251 397423 397272 404872 387722 403286 398069 394037 391533 394688 395213 409503 392576 394062 404195 392494 397766 404441 393628 404008 384398 399089 398071 406080 398299 396355 391407 392241 395638 399257 405290 391459 393537 399149 400739 390238 404546 396054 393519 398103 388546 396548 396804 402744 400543 389661 398346 398860 389912 403868 395151 397009 392213 400578 401536 400141 395812 409257 400053 399786 400000 396086 406357 403514 390289 381711 393058 386271 393617 391640 395510 400970 391952 399432 401795 392443 390778 390751 392623 387509 400695 394564 403667 392076 386455 405442 388221 393051 391587 399211 400500 394662 397468 395193 400324 396677 391907 407111 396805 395409 392932 398223 392449 393908 392911 396915 396347 388125 390815 394465 397840 388995 396955 393680 394729 402489 395884 391167 404695 392725 400885 393603 392368 393524 390790 396935 403068 402246 397299 391314 403797 398145 393166 393501 394580 398731 399534 393102 397584 388425 411079 399231 392114 392001 405751 391257 397026 389313 399681 396264 398618 393535 397535 395920 394677 390605 395560 391074 392151 386039 394901 392209 403692 394347 395524 396374 397136 406625 399463 407950 399408 403865 410562 404416 397443 400287 400490 401948 400598 412237 392365 394625 400397 398517 410421 400677 401007 395016 397250 401623 400855 402172 401002 390664 405056 403129 399564 410927 395726 410537 398215 398709 399694 402126 402382 401840 402916 396579 395645 401996 407920 401036 401667 400649 405732 407799 405560 407888 404779 409809 389403 405006 407711 403019 400971 400376 405609 404532 398850 395667 395736 395560 410450 396440 400344 401957 408396 403786 401601 406654 407323 413148 406100 396621 400881 402624 408166 411131 401333 396830 400125 392018 401282 388342 397281 394008 399013 406366 399037 576032 404654 581578
582714 404218 570578 388295 403291 403831 399846 390903 401788 404514 398701 404671 398033 398843 390068 396869 395949 390603 392684 394111 395953 402453 395324 400631 399978 389067 398296 399933 396107 395718 401159 401717 401751 412534 393981 398993 392344 398907 394871 400620 398755 401153 391050 404862 395427 394032 395099 392020 399193 406159 400580 391809 401245 392786 395327 401521 397027 399153 390471 397885 394303 401502 397637 400188 396234 396491 394198 396457 408095 391981 392122 394503 402225 390126 403016 399706 400599 403247 397386 397529 395606 400026 393608 395208 397954 400052 390715 403617 396024 396421 399405 400496 400347 404412 399362 412371 396218 399622 393494 395123 407678 403817 396053 386247 397903 388989 393130 388883 400450 403392 394194 400690 397537 392580 394482 395902 398091 392646 401916 395519 404662 392615 387350 406731 393194 397220 394153 394974 403770 397226 398487 392038 398299 395417 393101 403741 392105 390979 391499 397414 391426 390460 392216 392422 398430 389241 393165 394470 399493 392180 395292 393585 389110 399083 395963 388798 400181 390163 400045 396472 391364 395277 390734 394301 403514 407248 396777 388739 398725 397816 392989 394995 394967 402115 403339 396612 389025 391527 407374 390740 397182 395751 404242 393782 397869 395668 398954 397273 395994 390191 396663 396490 393982 393248 398827 388305 391532 394103 395697 393834 402024 393123 394564 402436 400306 403681 399115 404872 393135 404745 411574 400603 399908 396583 399682 401560 400031 408689 393455 396395 402077 398163 404188 394016 396220 398203 400739 404975 401340 400869 395482 387661 411466 401753 405616 405911 394474 403651 399030 399758 399952 398439 405490 403274 402827 394299 394267 395120 409632 402580 403360 397200 406891 406520 407829 408870 406415 408659 391690 404346 404620 404155 400946 400458 405015 404313 407460 396491 395504 396051 409574 399883 394099 400515 402645 406592 400152 410510 400934 409602 402148 397193 399661 406967 401912 409046 400858 395609 392398 387369 402300 387287 396930 397021 401969 406421 398893 581744 403923 580536
580059 407335 568522 385549 400204 405133 399718 391156 395751 402511 403007 408557 404384 396500 391389 396231 398356 389698 395397 389267 395577 397986 393074 399446 396498 389279 396543 404404 397413 397337 397728 400047 395854 408819 388724 402190 390343 402470 398322 395921 403180 395188 385819 403536 398824 394549 389860 395446 394833 404885 390953 389809 398850 391432 393601 403899 394982 400046 391379 397800 396383 405613 396455 397424 396360 396830 397020 403952 406468 392816 398252 398758 407628 393325 404445 388637 391151 396069 394054 396051 394849 402056 396037 393999 395842 393878 388091 400646 393894 399069 393576 400838 401114 401463 401971 410066 396428 400161 398382 399124 409176 399816 393628 387326 396788 391218 390999 392561 397475 398269 389894 401263 395731 392155 396207 390836 393205 394658 404248 394029 399563 392865 384183 403482 393509 396898 391385 391011 403671 396073 398557 396497 399708 394401 391434 402097 392581 394346 400427 396207 389953 387418 389637 391900 393767 390481 392066 396052 400030 396383 392993 390523 392004 399136 395859 392359 406085 391811 402582 394372 393242 394099 391410 395101 407204 407124 398184 392721 398890 401069 395603 392107 394522 400160 400407 396354 399234 390778 410597 400750 393803 392322 406257 389603 395113 397217 398640 400417 396631 394229 393950 395165 393902 394726 393089 389797 393725 394662 395359 393422 401916 389815 393201 397292 397789 402402 403438 405981 393759 399090 408740 404579 391913 398541 397977 397251 400368 408547 393772 402054 400170 398905 406090 399682 397049 396507 401032 399157 402245 401448 397940 392833 403464 402223 401727 404997 393730 408464 397284 401287 402515 405733 401279 400522 397852 394769 397290 399494 407322 396896 405259 398352 408896 402953 402930 409081 407827 408096 395118 400269 410227 408848 401660 402108 411981 403983 406859 399487 405538 397917 416457 402795 398270 400818 406113 404256 398054 412626 398251 411056 408023 401279 402929 409125 402126 409940 402604 391927 392854 389055 404142 392008 398859 396623 401399 410368 401498 572593 402926 579726
581908 408746 567404 387781 401626 403020 401802 392622 397064 397584 403002 401679 396395 394422 389045 399555 394439 390897 393660 393855 399246 400302 394885 401419 392990 388719 399958 403872 393367 398666 400623 399729 393505 413622 393775 399944 391274 398822 398712 399336 396031 400660 391840 409839 398641 395388 393087 397061 398294 408334 394133 401181 401403 392008 394091 402912 397732 397095 386899 400197 390472 401938 400738 399498 399468 394986 395068 390765 402517 388478 394560 392580 402555 390874 404067 397884 392812 395447 396388 398755 394693 398445 396227 389712 396214 394930 385811 403362 399357 401190 395683 397450 400932 395026 398023 409262 396968 396576 393653 395614 406106 403745 395474 383750 396256 389365 392463 391021 397373 401572 394239 400427 397704 394903 392992 394327 393700 394561 401798 397340 406507 395795 383047 401908 391310 398058 391444 398835 400863 394799 396957 396736 400931 396631 395528 406884 391425 390705 396599 396082 392484 392456 388807 393381 394238 391589 396223 394708 396392 394664 398249 392906 393916 400159 393764 394018 403450 393376 398402 394968 387452 395142 389889 399441 401427 401675 400024 393237 400144 398462 390734 392277 402901 404598 400369 393866 400346 388592 409413 397868 397344 391984 402593 392267 398891 394503 396177 399554 396888 397055 392745 397789 392600 392274 392771 394490 396724 392382 400524 394999 404917 387666 392543 398130 390513 402482 403535 411452 399847 401936 409983 403518 394780 400184 398562 401134 400061 410559 393456 402686 397074 397903 407461 399430 400272 394480 400309 402242 398776 402327 399857 393628 405616 401753 404026 402036 394353 404571 397518 398025 402409 401017 407407 399852 404161 395137 393798 398290 406810 402909 400332 398926 408274 409768 408542 404146 403115 409488 391019 405292 410479 406614 402962 401839 405737 407690 400622 398539 400108 397229 409971 401262 396942 401325 405491 405785 403396 412267 404232 409777 407238 400869 392823 408434 408607 410281 401035 392792 393056 389603 398293 393179 399081 395938 403116 405551 399355 570741 405217 582137
583255 403450 569004 394427 400071 403766 399626 391128 398398 398071 401466 404969 396448 399429 391846 397714 398102 390970 396192 395985 400066 399207 395227 398835 397471 389228 395592 402652 398480 396994 402125 401234 395178 411327 391845 395850 391367 400389 399056 398771 395325 399671 391743 404514 398967 393151 390430 394791 398448 403715 393768 393664 402296 392564 392116 395929 398742 399979 385539 394623 392032 398815 402552 397110 392872 393816 394903 396993 405624 395667 394869 395221 402472 398219 397897 393008 391172 396162 391966 398573 394316 398704 396554 398588 397712 393192 390672 404905 397955 402672 395976 401385 399703 402046 400807 406830 397655 397969 396336 398192 404782 404478 393816 382111 393452 385361 392325 393227 396814 399172 392528 401755 396276 393094 391495 394076 394389 391634 405569 395067 403454 395662 388303 401386 391472 398708 392399 393031 403480 394919 394288 393973 396577 395203 394279 407131 393016 394236 393882 398982 393046 390455 390706 395140 398664 385367 396526 395348 397462 389863 398594 392031 394998 399775 398772 393618 399575 393650 398616 393731 390378 396008 393160 394953 410313 397386 400692 392897 402055 396762 392564 392576 399731 400187 405152 395984 398438 391404 409128 397477 400139 393466 404096 394187 400275 393660 396844 397238 399989 397498 395817 395720 392468 387246 392808 388748 391202 392352 399639 399802 401131 392101 396755 399266 396028 406697 403134 407789 397719 399727 411091 406375 399955 400431 399045 401830 398813 410885 393553 402458 398213 398337 408544 399713 401964 402226 402939 403444 396321 399074 395862 397674 408573 399241 401990 402896 394422 406393 395416 396666 400804 401003 410571 403853 403677 398822 395762 393325 408795 393703 401373 403916 408019 411124 410610 407238 403083 408924 394268 406987 412431 408158 400027 402863 409413 404781 405072 394708 397699 396700 413736 396577 398657 397597 409930 406201 404282 411431 408124 412504 404121 397205 401991 404792 407198 405810 405215 397486 398572 390623 397420 390347 398755 395183 396594 406503 398690 568758 405479 578949
580154 406080 569411 385381 402771 406998 400880 391398 398617 399685 402831 404303 399889 399016 390136 391706 397351 390137 395264 394011 394349 404461 393715 400133 399130 389498 398709 405576 398252 398219 403067 398006 397339 409824 392853 401108 393707 398439 394011 402679 398904 400995 385557 406422 397583 392555 392873 393231 399324 409593 394782 395700 401481 391977 396488 398626 399120 404976 386077 400531 393347 404971 396101 397893 394259 393443 391858 395405 406314 390548 398974 394259 400051 392619 399566 396935 392025 399218 395407 396080 395684 401333 398059 394424 400985 401041 389579 405418 400163 399355 395166 401858 399549 399819 397248 410176 394944 398457 394501 400157 407843 402576 385996 380297 400813 388981 393065 391470 395255 402579 391013 400854 398651 394026 393823 394122 396609 391472 410156 397360 404824 392797 392864 401087 391267 400573 394301 393291 398310 397451 398637 388665 399127 398518 395173 408139 393742 393290 393206 393309 392676 389949 388589 392241 396533 386856 394808 391774 396615 394966 399664 394934 395964 398160 396276 389849 401524 389276 401982 391028 394788 395279 399569 393429 407398 404603 402680 392390 399894 393648 390525 388160 389244 401986 404472 394495 397017 394580 410464 402493 392650 400611 406413 391548 396986 390271 399695 396460 401768 392175 398260 391443 394631 394657 396291 389264 386750 394216 396129 393005 404426 389583 390328 394700 396665 403327 404003 405527 394955 404228 406100 402729 395862 404067 398820 398493 404324 411731 391212 403111 399749 394736 405899 399509 399883 396809 400941 400465 399919 399816 395536 391664 407606 399650 402792 403796 394280 407793 398034 395238 400597 400005 406557 404546 399929 397816 395901 394162 407032 397205 402370 401861 405050 407787 410865 408761 400849 408610 390621 400314 406991 404620 403108 398055 404662 407720 407678 394962 402357 395252 415856 397693 397915 399703 409866 407262 401404 409538 405265 410145 408469 399030 399135 407308 408393 409199 400848 398419 396010 389745 400561 392927 394988 394004 396710 405507 400543 576042 404593 581480
583489 406188 573935 386913 401722 406362 400356 393565 398945 401756 402592 399170 403204 399137 387777 398012 396697 386874 390776 392034 391922 397248 389427 401207 396416 389635 399658 400427 393111 394531 397343 395854 396682 411947 390602 397279 392648 398036 394645 401294 397696 398565 390842 405721 393508 391159 392415 395761 399773 405405 390460 393793 399957 392995 395547 398800 393476 399545 387595 400168 392589 403058 395492 398554 395463 395104 398299 395091 404007 394760 392826 393050 404133 391577 398204 397855 396770 395422 393930 396788 392973 400558 396177 398666 395145 397785 389956 406230 396708 398091 395662 411670 397245 402050 397310 405854 397645 400194 391945 399186 409287 403074 396686 384856 398647 390271 395421 390210 398259 399133 394493 404050 397329 394241 394778 393150 392360 393622 401972 399788 404565 392704 383977 405035 395548 397948 391892 393928 400654 393482 402228 391093 401570 394903 394752 406105 391480 397281 398421 397862 392809 389799 394774 392396 400553 391981 392983 394316 396465 396937 392508 393690 395963 401766 390154 393850 400592 393448 400615 396324 389484 392044 392928 396435 406529 405981 395863 391666 398359 402889 391467 392535 393984 400572 400262 393832 397649 392552 409668 396825 394367 393109 401449 394169 400757 393293 398852 394496 403645 396557 394188 397736 398247 393613 393059 388422 391102 395465 396812 396405 402868 392695 393039 400151 397796 408309 403356 400577 400326 400170 412548 400490 393824 397832 400166 401355 399831 410821 390653 403255 400692 396463 404251 399866 399618 397571 400714 405244 400610 403340 395313 400141 402265 402377 398655 408560 393126 408125 398959 406097 400452 401558 400599 403564 399179 395521 394391 396887 405537 397916 397992 398962 407277 405169 403841 405662 402237 412383 391216 407355 407013 409365 404399 404023 408018 408069 403159 398517 400267 397037 413219 399543 396768 401028 403837 406397 402602 411920 401622 414347 407682 399463 404756 407028 410666 409203 404056 395243 393225 391710 398994 390783 395819 394912 401026 409211 401508 575326 406219 578268
583466 410194 569149 389748 400357 405423 400219 388998 399886 399785 399013 407553 400377 402176 386929 395975 393636 389321 397401 395480 398017 402714 395674 398192 393208 392105 394758 401871 393045 398375 399273 398880 400352 405714 391561 402604 393543 396023 398767 397212 396463 401276 391886 407430 391246 396746 391131 393355 398565 405256 392976 394361 397926 391369 393018 400139 404320 402043 385501 397204 392259 401593 399132 401294 392691 392002 391597 394813 409709 392049 394723 397526 405408 391096 400521 393999 394126 397823 388736 398405 397122 396702 400570 396981 398177 397600 389030 405276 396225 402644 397950 398159 399339 403075 400311 405760 397531 399167 400619 401889 410083 406231 394789 385079 398137 391253 392636 394518 400086 402380 393308 400014 397464 389575 392656 392836 395481 394881 401679 391985 404468 393647 388998 404860 393366 395539 389475 394515 401169 394663 401561 394297 402442 393957 392015 406047 394190 395951 395389 398797 391902 389866 391883 392039 400493 389142 393347 397385 396151 394993 396469 389101 397009 397320 391031 392205 398304 391853 403180 391058 393828 389614 389264 393837 402679 400800 401063 393064 396296 398090 396616 393930 395166 402369 397594 393236 396827 391591 407770 399774 395336 391453 407504 395035 397069 393966 399054 396243 393755 392331 395184 396313 396172 395355 394105 391874 390480 392238 397577 393924 404257 392356 388233 401358 396166 401816 400598 406516 401513 402819 409190 405235 397829 400038 398891 399935 399031 409611 389952 399563 399941 397509 407438 404914 397827 397131 401496 398814 403910 406314 395869 393590 407508 398465 400108 397719 390450 408876 396820 400136 399843 400478 405223 400220 398215 397998 395198 396012 410788 400581 401995 399356 405874 404086 405319 408012 402911 410685 391757 407962 401748 408922 401483 402667 405829 404686 402555 399233 398430 395967 414277 401837 397673 402524 404120 404863 401098 412302 405006 409662 407238 399277 398763 406696 406912 412207 406288 397531 396140 393638 399629 394564 400798 397530 400136 403393 401377 570034 402004 582539
579451 404826 571976 388276 402126 405246 399175 394157 396655 398548 401502 397888 394012 401916 385744 392082 398667 390896 399000 393687 397628 394523 396174 399338 396809 387211 398484 401737 400563 396254 398344 398954 398613 410749 393537 402758 392222 399324 395977 402793 396674 399877 389233 405193 399495 396863 398209 394633 397186 401729 398165 394530 401933 390979 397900 399297 397753 401978 390985 398376 392411 397338 396612 400641 394169 396058 391748 395552 407367 389086 395506 396394 400291 393703 399992 396855 392424 398977 392249 397177 396574 403164 391844 394023 396913 395877 389464 401246 391954 402587 395797 402111 398932 402349 401764 410272 396463 402256 399311 397188 409238 402883 393180 377738 396003 391812 388573 390985 396394 402241 391219 404666 400165 391032 392114 394160 398407 397166 404312 393800 405735 392111 390114 404885 392175 394371 392534 396445 402320 390940 392517 392089 399778 394349 396834 408658 391840 394110 398403 399560 389924 393433 392866 393353 396502 388786 396689 394976 397480 391290 394297 394295 397509 399360 397650 390681 401529 394042 403062 392239 390769 394181 391137 394357 406110 403304 395426 392936 397713 398140 393789 390963 390984 400734 400418 394126 395890 391184 409163 399970 393021 392414 406748 389166 397707 396883 394781 398024 398611 392266 392832 394144 396291 393831 395736 386898 385416 397126 402458 395136 400912 393984 391055 396077 396286 403372 404326 404394 400462 397690 410419 405824 395700 398567 399447 398326 398223 412830 397233 404602 397360 400051 404459 402895 402084 396839 400112 400968 394977 398576 395949 394457 407202 399811 399906 401770 391952 408394 398525 399498 400062 399666 403857 401073 401080 395700 393810 393041 406293 400937 405344 400029 405333 408608 406369 411418 407357 406746 390859 405319 405855 405716 402573 398167 407810 404911 403224 398280 398748 398461 414659 398019 395725 402967 405911 406662 400785 410050 405712 411594 410574 398949 403260 405389 405707 413928 404941 395425 401958 390395 400551 393140 403901 392658 401321 409723 397511 573525 408736 578423
580957 405180 567104 384993 403425 403785 397976 388121 393001 401030 400568 402999 400456 401441 389701 393911 398171 396309 394292 392561 397046 402987 392504 400216 393436 383075 394544 400112 397414 396765 402274 401094 401425 411175 392015 405564 393125 397286 398505 398311 398245 399732 385932 403604 398040 392849 389931 396046 397196 406374 396353 392723 400610 390237 396213 398092 398776 397459 387600 400170 394587 406231 395186 400396 394858 397049 397901 396533 403478 388452 392992 394001 402133 392555 403054 394065 389327 399614 395116 396162 397821 399229 392863 394467 398736 398495 389647 404731 395122 401831 401374 403713 402507 401053 402467 407907 399197 398487 399982 399124 409575 406414 397495 384890 397297 393641 391595 392077 396889 399799 394461 402461 397975 391139 392644 390375 395430 392350 401727 397069 405086 394896 386947 400628 390505 401396 393551 395141 401346 394485 400007 395294 403135 396038 395114 407845 392360 395585 397172 400917 393258 394033 393367 395754 400430 393606 392816 393255 404236 398812 397670 392320 395003 396411 397064 394372 399851 393796 402781 396147 390553 393544 391062 397914 401271 405661 398152 394476 398793 401997 392774 391972 397499 400508 396180 395770 396580 393551 408724 396654 396245 395235 408235 395342 401481 394279 397622 398628 396905 393755 396548 397429 392384 390796 395948 388288 390929 394045 398594 391482 398028 392465 393537 393159 396671 400028 402934 406400 400609 399874 409102 400539 396406 399761 400045 401377 400173 410668 398365 403033 402059 401279 404633 400944 397206 395766 402665 399836 396379 402613 394764 395548 410075 399142 403794 401663 394138 409265 393330 399672 401559 404031 406234 401095 404997 394953 393801 397491 407432 400123 400555 405876 407580 410376 406256 406073 401439 412298 393110 408071 412957 405853 404133 401679 407440 407558 405777 400064 402599 394336 415159 401660 394508 398982 410470 408846 404416 408057 404509 406258 406483 397414 399198 409909 408324 410816 402681 394133 397237 394152 403750 392806 396684 393329 402771 406645 396544 579425 406886 579145
579460 400059 567282 390606 401860 405512 398956 389228 394552 402980 399989 398706 396204 402392 388541 395542 397617 389581 392989 392352 394512 404555 393155 397970 396794 387265 396687 400981 389879 394714 402635 398618 398637 408602 394419 399585 389492 399613 398257 397842 399330 408451 393961 409816 392025 392422 390863 393277 395844 406690 394660 392775 402836 391711 395134 404210 397575 398621 390492 398078 393718 402802 394829 400309 394699 397481 394262 399327 406761 394566 393512 392902 403886 392317 403580 392681 389417 398362 388331 397247 396503 405431 395902 393911 395005 399341 388431 402786 396215 396160 395824 405060 401586 399343 401211 409745 399421 399674 398440 400325 409931 406122 390307 383883 399729 389693 390617 391673 391801 398145 392619 403221 394084 390926 389556 394512 394409 389863 401091 394794 405948 393554 391304 404661 397862 399425 395013 400270 397551 393544 405986 396464 402898 395289 393280 403923 393873 393427 394768 398014 390434 391737 393122 398981 397873 393355 396674 395523 397485 393898 400882 392166 400280 399339 399492 390382 400237 396041 400779 394078 391223 393817 392794 395617 405857 401282 397821 389365 399771 397235 394735 389919 402586 403921 405419 396090 397381 394275 412497 399769 395092 394026 408443 392619 400989 395413 398847 402941 400350 395327 395468 390940 397515 394196 393778 391677 391305 394946 401069 391633 403997 391620 392193 398364 392731 402469 408925 405267 393748 401277 408865 403230 395058 397072 400261 406393 401091 406765 391689 403089 403097 396263 404618 399011 396994 394542 402656 402400 398667 404712 396738 392478 408374 397785 404673 405630 395054 409569 399725 396189 400703 402298 404571 403586 403650 397663 397012 395514 408644 402223 405158 398850 408606 404861 409783 406446 404174 409412 390464 405787 406536 405982 402296 398379 407575 408217 407546 398985 401303 398920 413340 401704 395616 399687 406260 407987 399864 409097 406212 413123 409973 399552 400829 410958 407096 407455 402087 401464 397771 392590 405378 396213 403001 398284 401325 412708 399726 573830 409194 579503
578993 406111 569247 389359 399117 400999 400644 385122 399596 398983 402401 401560 394847 398186 390109 393336 396971 390448 397711 395082 393753 401878 397552 397682 395090 392048 400209 403872 397600 398565 403804 397547 399825 409771 390616 399420 395415 399189 402944 401786 396784 405565 391715 409045 396307 398600 387719 399783 399870 406919 398243 395097 400549 390895 393927 403386 397477 399977 387878 396475 396024 399568 394665 400944 394343 400098 393661 396672 406722 393355 393498 398296 406542 394256 401318 395314 394611 397929 391931 399081 394663 399873 392668 398483 393842 394997 392350 404390 400230 396991 396235 406293 403351 400034 396704 402313 392067 397248 400432 402670 410314 402949 394249 385475 395967 389283 394300 393834 399588 400794 391142 400337 397508 392402 395233 391043 394686 397032 406112 397902 403986 394317 389371 401756 395284 397371 394995 395933 401598 399592 399220 397203 404375 394236 395678 408905 393279 394950 398157 398324 394697 393345 393774 393220 402073 391719 394843 395237 396112 395682 397211 387839 397799 403057 397107 391732 399515 399664 406383 391126 387989 388924 388578 395895 407276 403408 398253 394279 400313 401181 392938 394730 397976 399403 401698 397122 399030 392210 413010 394966 396389 395137 401598 394964 395574 395358 397820 399452 399136 395139 397619 394689 394386 393524 394287 390086 391767 393203 398934 390735 402587 392351 392447 395275 395911 400428 403683 402826 401224 404359 413055 402965 394020 400094 397839 396727 395194 409400 390343 404526 397033 401660 404178 400220 401862 395863 403389 403980 401379 406591 396989 390571 405869 402891 403188 403621 394702 407894 398504 400341 398537 402009 404396 400601 403493 399437 395282 392821 408521 399287 399503 401763 410025 408793 406714 407809 406842 407131 386741 403988 407791 404524 405108 402447 408085 404560 409170 396594 403433 401566 414771 402288 396106 402738 407088 408170 400646 411171 408828 411161 407647 396264 403494 407798 407819 407125 407077 399732 397986 391346 402436 395969 400521 394047 403769 404389 399346 579637 405993 581090
579377 409867 575066 392827 398173 403872 400078 389851 398304 402103 399610 400152 398026 401648 387870 395335 396018 391603 392758 393374 396600 400211 394701 402552 396198 389891 396531 402210 397625 394142 406327 400344 399842 411110 391199 401399 392703 401065 396651 401267 398608 399701 390190 405556 393962 398569 395039 396254 396843 403690 394902 395941 401305 386841 393716 402889 394144 396734 388909 394934 393959 399953 398589 397957 395013 393010 393198 399743 407424 394132 389877 395156 397823 397053 401848 393335 393028 400881 392628 399067 395654 400207 391742 393437 398159 397888 389657 402035 394907 399215 398525 407119 400155 401327 398136 407827 394648 397231 396123 399502 405051 405664 394921 382809 397619 389674 393037 390448 399589 401832 392874 404428 400711 392880 394610 396893 392091 394281 403779 396406 407727 395536 388441 401357 398092 400148 393001 399158 397720 399666 400425 392764 403019 397755 394977 414214 391979 398707 398661 398449 393884 395138 393978 395670 400830 393649 397079 393327 404603 397200 399449 393510 394327 396948 397073 395093 401431 391986 404110 396640 392301 396201 395908 398348 410457 401951 397376 393837 402915 400129 392087 395306 395076 397989 405708 392542 397033 396213 405329 399296 394177 391717 402799 389602 396725 397595 397765 392956 398407 395754 396199 398707 398344 394650 396257 389925 391579 394498 396157 393652 401111 391452 397460 394813 393764 403385 402344 407744 394355 398536 410422 404570 395757 399838 398714 403374 397629 411412 391099 400248 394846 400594 405997 400948 397812 396453 402145 404133 400189 401712 398661 394012 407793 401003 404413 405026 394652 409099 395784 397040 397407 402206 402414 402935 399341 398967 399100 396495 411735 401948 401915 399035 407440 402134 409145 407461 404359 409921 391129 402137 411367 406985 405335 401602 408703 406659 406099 400369 401953 399157 416938 402688 395683 401517 405009 407796 406379 414687 404872 414691 407012 398416 402152 411436 405954 413528 407959 401446 398337 394629 402008 392401 403467 399185 397722 405167 404723 572151 408897 579703
577434 405771 568119 387243 403671 406928 397338 390454 396439 400711 401285 405064 394632 400181 390669 395469 396325 389836 395547 394401 398904 400465 392900 399530 401507 389463 397689 402877 397968 395220 402525 402140 399538 404945 394592 400109 391672 400803 395845 401037 397666 403155 390390 407035 395044 392042 387665 399618 394868 407414 396826 398738 402863 392669 394987 399448 395214 401834 392863 398561 393874 405034 395846 398036 396687 394555 394841 394916 410510 392380 394369 397717 400442 392017 404269 393099 388237 397967 390456 398044 398244 402081 393134 395712 400305 393798 390405 405704 395608 402177 398924 401784 402319 401167 399267 412682 397249 402131 398214 400679 404593 403129 399730 386805 401024 390739 393263 390020 396114 401265 394887 407763 398876 395954 395317 395727 396231 392291 403845 397964 403549 396147 390423 405657 396229 400684 393265 399132 405248 400450 403149 395237 397759 396655 396726 409740 394907 393860 402223 401949 392902 392698 392230 400077 402458 393839 391831 394993 398022 399357 403279 395965 398019 402835 402506 396452 399665 399140 401901 394778 389867 394383 394873 399258 406150 406161 399012 394134 395284 397766 395879 389401 398421 402385 397067 392975 396730 397127 411024 399209 396525 392330 402984 398836 398463 395395 401277 397748 400052 395068 398105 395513 399108 395233 397983 391750 392398 396443 395357 395636 403809 390997 393548 394530 397955 402550 402255 401897 399269 404531 413458 402314 397347 399474 398289 400244 399523 413709 389973 400429 394093 398027 407058 398591 402418 397294 401051 398760 397321 405014 396490 392475 411116 401794 402674 401896 391424 407530 394642 402906 398794 401796 406178 403826 400378 397953 396114 395651 406187 400468 400883 397255 409095 406848 407199 406511 404255 413481 393124 408823 409692 405528 401532 407084 407413 411508 405164 400465 400943 394957 414328 398809 397258 403197 406890 408417 403295 411081 408897 412731 409600 400102 402706 409230 408272 411689 403936 401112 399652 395501 404777 393322 402313 398938 399950 409499 404192 576154 412101 584359
581892 406574 572497 388833 399055 403092 399094 391424 399841 403970 404168 406197 402677 398064 386969 392228 399066 392913 395184 390712 391656 400446 392216 400822 394022 387380 397523 402902 396961 396775 398139 398265 399987 410558 394836 403867 392684 400459 394799 401131 398516 401617 395225 408126 395259 395685 390793 390599 400643 407585 397881 392789 395008 388566 393195 403194 397924 401649 387958 399818 392856 403864 397075 399181 395212 393656 398144 394183 406144 393788 392364 394606 402025 392554 400600 396024 391032 401001 390814 398155 397216 400248 395430 390748 397070 398047 391629 404352 396838 399761 395984 404783 399713 400868 399914 410956 395542 397753 395733 395651 411340 402960 395448 381562 395457 390810 393388 393518 396210 402403 393220 401576 400206 394142 392407 394281 392265 395285 403631 394849 404915 396236 389080 400634 395888 396735 393142 401750 404161 398786 402952 392336 400160 392764 396694 409629 396540 398023 399283 398933 394994 394265 387302 395030 395157 392852 396050 394487 401236 398033 396254 396402 402461 402340 397843 394479 400486 394609 403563 397007 392174 394407 389003 397274 408195 407962 397514 395190 399300 400579 396419 391151 395458 401158 400490 393551 395355 392461 410385 402032 393451 398256 408181 392678 396951 393784 394723 399725 399823 396453 396333 395762 392240 391652 394905 391090 391322 393703 396659 397401 400843 389367 395669 392408 396005 401548 403913 402675 396668 399632 412662 402723 394275 399064 398852 403954 399849 408341 389418 401734 400590 395238 404029 399171 398346 397530 403813 401762 400760 405311 398783 393259 407690 400921 401011 405948 394139 407966 396785 401203 395333 408537 407797 402509 406152 397061 400519 397566 407410 399902 400509 398947 408471 405339 405893 406183 408467 403684 393290 404313 405725 406250 402328 404001 407178 413611 403288 401203 405441 401717 416730 399916 398827 402879 404869 407681 402609 414082 408501 409395 409331 398609 400425 413963 405266 412533 404608 403684 397702 395997 405362 392847 403500 396449 400126 412600 400835 577912 408491 582597
578626 405465 570450 386617 399974 402598 397930 391319 396243 400021 404918 399099 399820 400885 387578 392713 395048 392966 396862 389707 396228 392817 392046 401997 397033 385913 396032 399359 394090 396486 400392 398650 397143 409183 390898 394442 396328 399000 400035 400980 396349 402178 392970 409962 393359 389874 393519 391791 397505 408608 398077 397633 399372 391117 394193 400268 396431 400981 387761 395808 393548 401387 395835 398576 396512 391873 396033 398489 407060 393748 395775 400403 402439 397611 403227 397244 395001 401255 392767 395615 395562 400803 397206 395131 395485 398169 387361 402969 397381 399013 401352 404683 403255 400156 397610 409908 398044 401435 395530 397002 408745 407103 392944 382519 394791 389267 390275 396927 394757 397923 393155 401474 399004 392765 394574 393414 395235 392252 401417 397041 405073 394841 389318 399909 393287 397634 393551 397314 401944 397609 395865 392941 406237 394187 394717 404594 395304 395671 395551 400941 397134 394495 393666 397193 402252 387700 394730 394334 401802 394647 398890 395542 398975 400466 398278 394331 403922 397885 403790 400711 390226 400713 393470 402313 406067 403526 398283 395439 399953 401563 393702 389557 398576 404816 401484 394696 396851 391575 412424 397614 395771 395769 402855 389889 402198 396681 395562 396761 399852 398461 394694 398656 398820 392116 396733 388936 393275 392790 398553 397144 402175 391232 393878 396527 397005 405293 403480 406028 400322 399888 412703 404519 395299 397545 401294 404670 398808 412469 390549 401793 402009 395659 409466 398756 401149 394308 403322 403699 399478 399434 398940 394796 405834 405426 399101 407066 398716 408859 396444 402291 397287 401870 406050 400797 401132 394299 396323 400807 409746 395620 405751 399672 405706 407112 405559 411518 400681 407123 392874 403781 408409 409501 401618 399984 412220 406590 407299 393551 402171 397849 412094 403196 397179 402017 408444 409252 400640 413896 404939 413789 409287 400676 401873 411541 408318 407754 404263 399793 398935 395920 403200 396762 401141 400143 403731 410647 405091 575744 408261 582671
578937 404351 567990 386090 402220 405723 397510 389316 401887 400352 405285 401725 400323 398449 391987 392264 399326 390437 393826 390595 396983 402721 390735 397778 396036 389351 396026 400726 403517 401007 400421 398093 393645 408333 390411 399380 392434 399133 398372 396855 400758 399380 390857 401997 396444 392458 392660 395406 397222 404832 398749 393326 396681 389322 396103 397087 402428 401546 386855 396266 394855 404919 400578 400225 392883 396735 395379 395364 407720 391600 395886 397742 402370 392617 404062 395445 388576 399167 394574 399282 392731 398654 397005 389201 397706 396034 389690 401643 401411 396240 395707 400788 397366 398748 396150 410425 402137 396255 400054 397435 411846 404187 392049 383903 400601 385128 393348 393223 398329 398903 391353 402178 395650 391443 393307 391059 397149 394274 401958 401804 405544 393192 389090 407815 392854 394745 393236 396262 399384 398823 401211 396295 403875 397078 396582 406948 392721 396528 400774 396791 393340 390289 391316 396820 400016 392606 397329 399183 400689 396776 394766 395737 403041 400418 400003 393197 400676 395850 406108 393789 395143 393152 396482 396414 410249 405619 398399 393260 403611 400592 396560 390550 392424 401714 406385 396736 396741 396290 411756 404175 395984 396154 408826 391856 399687 394839 396631 394585 401280 395764 396986 398552 400439 394762 398383 391080 393403 395122 397326 394678 403737 390547 395391 399474 397029 404585 402429 406306 396131 400444 411050 401869 396689 399990 396264 401542 398567 410214 392998 401547 401606 402369 406306 399829 397343 393937 401056 402098 395038 402108 401540 397053 407080 399986 397332 407933 400465 407834 395859 398605 400608 404513 402695 402313 401541 396972 396134 394590 407765 402726 404994 399842 405342 403143 398862 408734 402533 411793 389514 407652 407646 409907 406717 403689 408608 408385 404167 398713 401315 396795 414834 402671 401685 402631 407226 410787 404666 414746 408139 413678 410268 399149 407485 411136 407803 412146 406158 398918 398766 391882 405418 393574 400774 397657 402859 409987 400514 579693 406967 585062
577491 408669 568575 387500 398351 402049 401044 390152 397382 401522 397935 402683 397256 396608 388240 394022 396647 387000 395113 391130 395349 399909 392112 402151 395971 387781 398711 402667 395376 398392 402024 401209 400967 410336 389471 402728 391026 397967 391527 401235 400205 399859 389183 400959 395995 392450 392231 395605 395125 405922 395741 393215 399734 392117 395685 403694 398750 400973 389444 400224 395710 401507 395952 396182 396832 394419 397526 396143 405873 393809 394083 400220 403652 392398 403829 391589 393528 396397 392722 396798 399143 403806 391999 394407 395851 394490 389184 405370 396920 400775 396367 405338 400013 400342 397401 410083 400109 397651 396396 400931 402995 404219 395793 381442 397394 389716 394968 392507 396826 399210 392811 405704 400212 392206 393349 394621 396888 393557 402192 398449 406209 395399 386643 403019 396406 405020 391903 396015 404547 399854 400726 395659 404028 400132 395028 405613 396594 394893 396419 402315 395175 392332 390949 399516 405300 393196 397667 399380 396776 396275 403064 398112 398695 403390 400496 397399 400589 394894 405045 396828 393579 390221 395305 398412 408530 403734 400687 391258 402089 404896 393342 394744 399849 400040 402541 398836 396677 397978 413417 402141 397089 393877 409577 393616 399504 395424 399054 398936 401744 398612 397598 393645 394801 392163 394790 391543 388271 395315 398646 395175 402575 391214 394253 402097 398970 405533 402500 406842 398775 402576 411225 404703 393028 401477 399201 398746 400419 406919 388291 401516 400169 397996 406148 396328 395678 399478 402228 403093 399193 400655 398255 392967 411043 403506 403617 404552 399939 406181 397679 399155 404257 402792 405381 402634 403037 399224 397487 396195 408710 403572 403850 398450 409462 408279 409492 407773 408170 411207 392017 407063 411055 409181 404357 401228 409356 405175 404130 396605 401189 398725 415472 402048 396854 405909 404649 406656 403374 415871 411027 412818 410352 400277 408914 410141 410310 412939 402931 404248 400959 395458 399305 391923 404931 399403 400278 406401 400263 578060 410599 583252
576924 410916 572390 385184 398234 406281 398749 392745 395801 401111 400307 404111 399034 401319 387489 390847 395652 390458 394616 392717 398546 398140 392903 397989 395861 391522 400992 402701 395161 395697 406282 401033 398805 412784 390401 401352 394550 395903 393925 399948 392317 402713 390357 405267 396010 397612 389432 393870 395102 405584 392969 395741 398214 390265 398293 396307 401513 396626 388282 397318 394710 400086 396101 397622 396168 395614 397164 397050 408062 392322 392152 396649 402542 395027 396823 393958 393698 401427 395001 394527 401341 400446 398178 393122 396956 394194 388739 399099 396432 399882 397521 409065 397562 404196 398678 406068 398082 399262 396349 397060 406466 407848 396441 381550 399586 390284 390985 392723 401329 402666 394106 401614 398625 393200 393837 394448 396742 393477 403301 394480 408384 393511 388401 404163 398740 398865 396390 399439 399519 398793 401341 397170 401188 398627 394555 412059 389074 397734 403496 402623 397607 393402 393952 394550 402232 394047 397210 397674 398331 394352 399793 395535 392920 404052 398029 398035 403630 393405 405660 398442 390447 397978 394633 401204 405851 406613 399553 398364 404875 399816 395895 394266 399153 404540 405628 400554 400263 391855 415589 400873 398605 397226 408122 395513 398734 398773 403076 397518 404241 396963 394587 397505 398325 392085 400123 391325 394758 391939 399472 397420 402144 393268 395371 402030 393100 404433 397930 405149 395535 402248 409810 402493 397054 400303 394900 401816 404384 413003 389973 401774 404213 398733 406857 402564 394912 398512 403776 399472 398950 405008 399651 391347 404403 401798 401370 407001 394133 407087 395371 399104 404502 402804 406411 401249 405461 397871 397155 393994 405428 399545 403805 401412 406685 409491 403967 408833 404104 411600 395810 406285 406433 409700 401052 402814 412107 405522 404538 400263 399632 398050 419045 401371 398956 404368 409647 411869 405307 413925 408445 413729 411285 400578 402190 410385 407029 414921 409764 402107 398532 398548 408007 396748 402151 397923 405705 409707 402207 576597 411178 577206
580669 406030 569395 385947 401469 404242 399917 389393 397160 399503 402733 402137 398849 397063 389310 393063 395914 386761 397897 392732 394653 400240 392321 395329 398559 388734 397630 401364 394881 402317 404850 400612 398556 411055 392733 400443 392215 397177 391572 398756 399398 397791 392667 408347 396042 393000 391138 392405 394993 407654 398682 389766 396471 389391 399406 403614 399323 399612 388633 401994 398222 402974 400247 397929 397744 395557 397901 400112 411605 396183 394535 398456 404278 393835 399818 398323 387692 404495 394084 394177 396034 402486 393152 392655 399836 396315 389802 406602 399207 400183 395116 404726 396165 399824 400310 408479 398750 395588 393136 398310 410558 403669 393948 384304 397518 389201 395116 388650 396463 399238 393021 399072 398911 393448 394067 392378 400037 393110 403359 398642 403718 390860 388007 407584 392905 397911 392345 396365 401758 395085 398712 394117 399156 400466 399042 406642 393570 399563 396761 400866 393991 397850 395372 394576 403894 393132 394675 396423 398333 399561 399497 397433 400309 402826 397262 395354 407305 397011 403521 396670 396156 397070 396343 398818 406855 407490 402325 394183 398757 404605 396086 394335 400369 403353 403249 397680 397902 392251 408777 402507 392998 397292 407811 394756 404650 396582 397727 397049 404150 395633 395669 397900 396988 393891 396587 388060 393211 395984 400571 398016 404791 392401 392716 393688 397452 404008 400896 408103 394662 406034 405888 400398 394666 400028 400453 404445 401887 413334 386661 404395 397800 399463 409367 401134 396571 396595 397910 401001 397930 400541 397762 395038 405383 402849 402124 405954 392240 407528 397877 399335 401463 401915 401965 404140 401206 398136 396862 396450 412698 404489 402437 400758 411275 407328 410622 412866 405724 411110 396189 405546 409299 405316 402114 401326 408519 412132 405142 399493 398653 399849 416638 398833 391974 402022 411746 408097 403133 409236 404896 412801 408567 403634 402323 410297 411701 411100 404372 403351 399567 395959 406276 396672 405420 397952 404919 413408 402003 580690 406915 585698
581803 404830 570124 388217 401028 403026 398541 392876 398037 400366 404182 405903 398734 400303 388195 397448 395163 391300 395253 391450 394512 400952 392144 396399 397935 390644 397141 397866 398245 395378 402929 399845 400885 405914 393146 399429 389236 398719 399642 398401 398701 401269 391868 407590 389742 396489 391274 395846 400465 410429 396530 394812 400490 389003 394448 401023 396842 396402 383556 400107 395505 403812 393207 398555 392507 393725 397668 396437 407216 395057 393639 395077 404257 393098 401839 396034 394541 396663 394030 397320 400507 400668 395976 394690 395875 401448 389860 404463 394695 399087 396563 402265 398012 401182 399143 407864 398764 399055 398244 398097 410521 400189 394832 384048 397281 391698 392584 394071 398012 400870 396041 401795 399110 390822 389444 398889 394561 393429 405879 397205 405991 394337 386082 406130 392232 399482 393454 398208 401840 400665 401019 396050 408430 395870 398763 406999 396381 395530 403324 400075 395870 394034 397096 398547 400211 394084 394738 397050 401550 398013 400329 394796 397699 398959 401873 398327 409205 399068 404433 400839 394703 403057 398770 401517 412132 406361 399503 392105 402519 401059 394666 395727 398702 405415 402297 396079 399465 396466 413260 400854 396477 398028 405975 397852 400606 398452 401436 395369 401119 394447 397550 396091 398017 394756 394685 390631 395988 396010 400766 397897 407905 393975 394294 398177 398619 405783 402854 406045 398135 400043 407342 404086 396565 402103 402086 401680 401161 411879 390623 402078 399404 399955 411222 406553 402198 394939 396054 403219 398925 401659 396476 391771 407993 398547 401308 408456 394667 407186 397567 402213 403103 403342 403921 402155 398632 399500 397019 398927 408659 402016 402893 396332 410086 406621 407395 406327 408039 412781 393075 407757 408284 410710 404478 404667 404654 407300 408459 392984 403042 395271 415314 400881 397736 404138 406069 405736 406042 412983 407597 419841 404945 397363 400388 410028 412415 412069 410045 402997 401803 398450 404433 395183 402503 401160 406967 413701 403248 583443 407714 585798
584406 405878 577997 383873 403081 407604 401100 392394 395820 403780 404239 403168 400609 399875 390105 393996 395192 389381 395552 391709 401851 404642 394798 402787 396850 394359 396247 403343 400336 399724 402737 396829 397829 408370 393803 398251 393800 402349 395727 402872 397926 401752 388006 410092 392853 394386 391904 395126 397008 411634 394413 395572 398272 394912 390285 405192 396858 400757 387384 400045 394051 407051 396654 398869 394030 392044 397627 394245 405467 392145 394980 398888 401727 395818 402841 395453 394439 399783 388992 396193 399021 401816 396522 390374 398083 395899 392347 405711 392878 396353 394640 402968 406687 399723 399587 415855 400122 396348 399602 402597 414223 404211 397000 385545 401384 392880 396451 393755 395248 402844 390692 403045 400051 394227 392226 397169 397138 392751 403540 396971 408070 397648 384845 405855 392869 401574 393116 397731 403085 400752 402987 398853 400739 403829 398243 404640 398180 397530 396936 396229 395310 397577 396181 398619 400113 393591 396933 394316 403489 399489 400366 393181 400789 403654 400696 397854 401361 397462 406057 396002 395886 401457 395799 397677 403880 406554 398227 393933 399065 402482 396272 396539 398177 405360 405300 396939 397561 393972 412764 403744 399442 400128 407178 397842 399477 395567 399975 400278 396382 393919 399871 398210 395959 393551 398620 390730 391150 398230 396282 395005 407215 391379 393152 399319 399416 408495 399464 402615 399864 403545 410322 402737 399030 405235 398053 399859 401723 412142 392605 401231 403495 399559 407974 400327 399450 397722 400716 402568 392964 405532 395850 392599 410532 402162 400853 409266 391881 409260 398900 397607 398528 402060 403535 401415 402276 398320 393447 395805 408057 403052 402918 402473 408272 408741 409647 404924 405283 408165 392484 407083 410655 408835 406968 400854 413072 408067 399829 399839 401284 396612 416891 395226 397304 402935 406634 406932 405162 418721 402356 413942 411734 400304 404547 408692 413385 412704 406031 401112 400516 395722 405115 395582 406395 392475 403672 410224 405642 580422 409277 585566
582096 405421 570788 390129 398327 408072 401126 390484 399652 404029 403605 404305 401738 403609 393653 394673 398802 391040 391168 394609 397704 403839 395026 403116 400200 388991 394858 400630 398516 401204 402346 399214 403273 409893 392731 398329 393513 396960 398821 402109 396904 400425 384530 407718 398266 394053 391682 397183 394919 407998 394167 394250 398641 393295 396420 402351 399377 400243 387424 394036 391593 403400 399768 400804 393921 389533 394052 396900 408119 395115 393343 401200 403065 393974 405462 400338 391584 398414 394849 397862 393293 400165 396778 393952 395061 399766 392948 402612 395606 399414 395050 398513 399840 400881 397309 407342 396229 398821 397927 401622 405099 409107 395375 389367 396160 391940 389238 391518 400941 404722 393128 402821 400060 391785 395603 393079 396562 395533 403717 399866 408333 398457 390423 406488 401383 397513 395890 395389 404720 401446 405945 397001 404536 400739 397653 401136 394890 399625 398834 400201 396054 393681 393320 393111 404977 392237 396004 394751 402224 395871 399835 394123 399403 397628 400146 394990 407990 395215 410239 398415 394421 398589 394738 402237 413224 403151 404394 395694 401530 406758 392394 394644 399858 403276 401338 397875 392592 395495 408388 399308 399546 393741 405881 392891 400556 393441 403674 401375 401147 396782 395394 397095 396285 396028 400462 393203 391997 395795 397401 397505 408169 391925 396041 399390 395979 404706 403967 406888 401710 401153 410563 401636 395390 402937 400766 405480 400349 410395 391921 403546 398039 397324 407405 401362 399088 397214 402970 403659 403854 405103 395748 396669 403603 400790 402946 404165 392037 410375 396398 399860 400991 402056 404025 401015 403146 402254 397945 402778 405737 399972 402214 400117 410024 406642 409675 409437 406460 410838 391994 405576 409191 405662 400303 404552 409225 406738 404456 402631 403685 397461 414742 399687 394202 403100 410084 407547 405118 413992 408207 414101 410507 403516 403593 410311 409936 412448 409924 399792 402610 394308 405884 396058 398792 400491 401121 409848 402504 580784 412506 586477
583849 405521 573795 391821 403562 407889 402543 394729 397860 399954 405209 403077 401513 399329 388095 397519 397627 391799 396344 391127 396602 403340 393246 401714 400783 392759 397454 405053 397929 402482 403854 399136 400323 410654 392411 401885 396006 398116 398958 402496 402098 403009 394643 404842 393815 395961 395196 396280 400149 412744 393496 394406 399941 394693 397568 398471 403525 400605 388132 398906 395074 399664 398268 396406 396766 390864 396685 392475 404703 397751 393494 396669 401576 393366 402822 397181 392392 398551 394905 400266 401252 401977 397914 392059 401478 398194 391493 405354 396524 401504 398040 400744 400102 406495 401110 409041 399544 401057 398675 399567 410724 404056 393845 385255 396014 390272 395098 394355 400121 402917 393368 402284 399840 393218 393842 393536 400849 389366 404056 398336 403900 396821 391075 407733 393165 401831 394466 396355 403292 401692 399739 393097 402384 396335 396798 409333 398645 398001 402356 403202 395203 391553 396260 396828 401345 390909 398256 397415 401963 399388 402593 394317 402013 405332 398564 399403 405261 398256 406161 398025 393771 398929 401596 400228 408000 405984 399682 401530 402569 405639 397747 397269 397668 409112 408706 398043 397977 394090 408798 406055 398726 396808 407386 397120 404733 399742 400934 399621 400702 394382 398195 397517 396721 392824 400471 394434 394739 399949 398896 399956 407757 395359 395282 400798 400001 406311 402184 406913 401304 401615 409205 405821 398653 393901 404760 405378 405749 412493 395375 404101 398263 397993 408639 400667 400755 401269 400990 404510 401669 402814 394487 394200 412647 401650 402633 409588 395469 407817 395752 400101 400419 401334 400037 405274 402851 399910 402217 399201 409612 401823 403331 402826 409598 409404 410833 409952 403988 413998 394629 408820 413216 408449 402720 403840 409168 409711 403139 398698 401095 395247 417723 403170 395379 402320 407885 411237 403393 415286 405216 414559 408027 401717 405093 413260 410703 414181 407376 401013 399032 396264 406425 394140 406315 398622 403700 415584 401344 582768 410883 585631
580833 408628 570122 393318 403788 405963 403642 393110 398853 401539 404915 409057 399290 400183 392225 396638 397503 392737 394885 395021 394826 401281 393441 403729 399963 393768 397840 400730 395601 399852 402074 399384 403821 414645 393539 399423 393637 400000 397667 397010 399363 404401 392525 406655 394565 396924 393841 393379 399480 406430 395270 394714 400271 396682 395412 400402 398932 398721 387579 397410 397237 399961 399442 398278 397008 395433 395462 394929 406831 394455 396138 397513 405515 395879 401425 393962 395159 401156 389344 396259 399098 402462 397142 395420 400653 404127 391638 407977 401694 399077 399098 406152 399319 403114 399315 411249 401329 402176 397696 398255 411823 410749 398355 385134 401760 387486 390701 395862 399289 399932 391820 404046 396214 396561 393488 395712 397847 394356 406856 396804 407288 394100 385608 405644 394418 400778 389759 397040 403545 391506 399825 393631 404586 399607 400234 408586 397462 396914 399019 402606 395801 394041 394889 395880 402956 395113 395868 394655 405217 398597 399993 396882 398187 404144 400198 398335 407862 403226 403960 398126 395965 400717 402844 402892 410354 409130 403041 393809 401519 403647 397182 397398 401528 405559 408318 401132 403542 392414 412178 402868 400011 401020 411860 394780 399196 394460 401239 403175 407204 397483 400435 400052 396768 390943 396993 391316 392593 396327 401290 396576 402830 394297 396673 402108 399059 409688 404424 404141 403181 405180 413679 405844 402176 402412 399779 404296 401081 413422 396648 406696 401973 397332 406296 403689 402013 400278 403600 403459 399197 403764 397493 393453 405767 396720 400769 408201 400510 410783 399444 397846 399339 402096 404119 400191 403279 400214 399648 401825 404851 398905 404297 398112 410328 413077 411707 411447 405509 410870 395962 406118 411079 407090 404473 406373 405493 413728 408719 398651 402196 398468 414665 401947 397773 403912 412275 413045 407116 412908 409433 416904 409397 401590 404458 413249 409820 417337 410440 400282 401771 395627 409726 396894 404665 400321 404290 414773 399585 578923 411005 585978
538351 405023 562449 399791 395831 404831 399475 399330 394353 408562 401721 398134 386451 400744 394902 393221 398467 395057 407745 398692 403065 398773 399606 393817 393958 402429 395782 396180 408109 399727 395310 397100 405101 401987 396488 396677 399308 391275 392637 396302 401674 398986 403077 408753 402407 397646 398316 409915 402160 408686 407913 395098 403658 395244 397779 388155 400751 393965 392494 395054 386309 395274 399519 402913 402148 393160 400050 404984 406095 397373 403711 398048 400391 401237 393731 391844 403724 398874 402496 390540 392138 400427 382615 402047 405385 396670 401994 395970 403639 389942 398311 388647 396995 401235 398921 396235 403572 399765 407260 396395 400829 397060 387826 394019 398847 403296 397990 398180 400935 396095 387522 394353 396462 396513 392316 395918 405636 398027 392435 393823 397849 395428 400121 394155 397254 398127 395632 393388 394489 396731 392376 392909 399695 397602 396602 400392 400075 384478 388684 390600 405739 394503 398506 401472 393191 390473 396771 397530 396516 400469 403563 401805 393746 397425 404060 408930 407766 404897 393229 401426 404880 422971 407637 391129 392561 396355 403529 402838 408918 399801 396333 405629 405038 403216 400005 400453 398209 405390 393535 402933 402709 398923 392679 396312 404907 405769 397998 391705 403096 392433 397431 390643 407605 392612 393752 401259 397789 394788 407050 389709 402204 409039 408950 404695 398519 404755 402331 404620 409486 404280 408197 406950 405271 396925 411022 402850 405781 401463 396807 391565 401413 400812 407095 399454 406215 397050 401406 402637 404247 396767 399107 395751 395230 397975 401247 411631 407494 405043 405408 403149 409001 406998 404694 405191 400934 406425 396589 409831 409951 407763 407143 407354 402697 408656 414073 403708 409034 403934 407133 413647 404493 396565 407847 415423 396525 411435 412959 399601 411551 411303 404619 409433 400697 399820 404223 397455 403751 404076 406078 401076 403804 410356 409391 406146 406161 404324 415349 406907 403469 401560 408759 397136 413832 406586 408972 411365 413852 571495 413639 548158
537648 408293 566302 400793 402946 399966 404362 399051 394301 409813 397253 397852 387787 401104 391065 397256 392420 396116 407333 399477 399098 405881 407927 399865 397050 403927 395292 404899 405064 402281 399466 394750 402358 398169 401295 401100 401396 394298 396166 400195 407204 400016 396480 411904 399456 403213 398943 410157 402781 406919 412655 397671 403931 393285 401384 388693 408496 395118 387663 396793 389320 397976 395977 399394 393361 394199 394783 400713 404101 396722 401864 397258 400572 400673 394137 397057 400475 402535 401712 393691 390265 395360 390558 402658 408636 396193 402872 401433 402087 397577 394138 399865 398695 400337 403056 393882 407104 397452 405485 398525 399645 396976 389370 396801 396520 405399 400374 398099 394479 391586 388737 389576 394580 402260 390038 400770 406254 399312 392549 384800 399525 399086 399153 399001 393335 402455 397654 392657 396120 397252 394501 398258 395948 393269 396984 396804 403099 391913 389273 392345 406530 393288 395650 396351 394665 393087 395424 400078 397875 404042 395708 403919 395611 395627 398466 406815 405909 396634 397037 399864 410809 415581 406286 397830 397883 394346 402045 405381 404789 401371 403850 399889 402982 399488 400639 397887 401149 401558 397723 404513 404450 400681 399520 396974 402421 402099 402395 395684 403461 397421 395485 397213 407074 397948 401456 401167 399107 393701 409916 386413 401831 408035 403574 401105 396240 404365 405205 407977 408882 403545 408509 408261 402136 399991 408039 405411 406427 398190 397926 395046 401542 404388 407378 399660 405186 399480 402905 402246 402696 395710 401043 397798 395799 398355 401072 413187 411408 403900 401955 403803 405140 402958 409920 410819 398558 406424 398331 408393 402632 404053 405129 410759 404169 415153 412328 403229 412353 408742 405114 416203 407650 399078 410823 415288 397501 405829 405560 402614 404481 416137 404096 404891 401138 399735 403948 400758 405466 406201 403188 400410 408849 407985 410960 405649 406582 399094 413655 408945 400666 401571 406810 398517 410327 411460 414651 407964 410643 572926 415221 546740
534244 405148 564309 398462 396875 402246 396647 396495 395222 409296 401166 397382 390323 401742 395906 394294 395763 395640 411817 399112 403840 405332 404977 397465 396023 403464 398261 397894 403357 403803 396465 394314 401757 403275 397415 398547 399565 391826 394797 395504 402589 400521 398405 409577 396672 397830 401604 402935 401105 408971 408581 392576 403308 388945 400094 391711 406824 390704 387278 395023 391124 399396 395845 394024 398190 393700 398945 404409 403972 396130 401263 396673 401756 402059 392228 389576 396371 399645 405951 389573 390949 397454 384851 398452 406985 393439 402667 399413 399555 392190 395043 394073 397819 400300 402210 396790 404798 396525 406465 393766 400589 394723 387394 391077 392591 403347 397156 397549 395360 396264 389147 393113 393153 403168 391923 396547 407868 397938 389051 393273 397639 397440 396084 397454 394188 400048 397625 388563 391696 393261 389531 396261 391725 392468 395213 398198 398058 387677 385070 391740 414433 389836 398025 399034 396228 392461 396547 399320 400968 402519 405432 404398 393283 397892 404512 404632 403747 403324 397072 399871 407617 420462 405264 396927 394414 397513 401029 404435 407201 395748 399725 400723 407103 401581 399390 396869 402102 396687 393486 405584 401993 399258 398929 397988 403985 406704 398554 398056 402466 394408 393153 400239 406716 394058 396108 398990 399664 395328 407583 393540 406886 405010 404399 400601 397869 405527 411004 404181 404519 399487 404143 400083 402743 395584 409006 400352 408469 401262 399810 391310 401630 402826 405628 397734 402641 396934 402055 404224 407724 399205 405656 399773 398087 398559 402313 406508 408596 403515 405992 398343 400190 405797 408515 403485 396490 410293 398012 408799 407553 402105 406081 407372 404016 408918 417357 397287 410841 405967 403045 416095 403581 402204 410459 413895 396925 407926 410917 403876 406018 415598 403279 405112 398285 402837 405299 404058 403676 407553 405019 401305 407068 414540 408396 405288 408046 393914 414519 411552 400964 402893 409840 402436 406991 409464 409574 411448 415620 578273 417619 549507
536298 404805 566075 397935 402591 402857 397996 396458 398715 410233 394453 397548 386825 400027 395631 399963 396002 391821 411018 398250 401880 407584 404813 396648 394438 402047 393296 396941 406278 402219 393855 395200 402055 403727 394072 393324 392824 389980 396917 401555 402909 400571 397853 405501 403679 402478 402977 409308 403692 410956 405549 395514 402991 394258 398794 391703 407902 393809 387138 396654 388099 395856 396822 400528 400031 395131 400065 402410 403643 397360 400638 398392 396452 398120 392025 394666 398829 397053 401767 391205 393657 397635 387597 399622 405163 395962 405535 394721 402343 394092 398141 393174 396436 400492 404530 395905 406445 399239 403531 396186 397713 397247 388959 391511 392456 398714 396802 400159 393720 393446 385347 393400 399419 397706 391147 398696 402877 396283 390765 387920 399443 395576 395722 396307 394792 400370 400443 394211 395453 395703 393508 392789 393641 397288 397104 401479 401041 387909 388455 392059 408229 394018 397725 393954 395972 392524 398100 398925 397687 399422 405528 403601 398195 397799 398724 405299 404064 406640 396636 397667 406353 417447 402524 394285 397089 398249 405204 403800 408449 401662 398861 398804 404512 399658 398938 395926 403791 402749 393899 406325 403118 399879 392291 394305 402431 405060 397645 395385 405104 393343 394108 397073 407837 389351 399057 396205 398588 391608 406561 391059 405268 408755 400851 401437 400205 406117 401079 405441 407449 404072 404840 403041 406967 394286 408227 401835 406624 399982 397301 393128 403832 402740 405751 401925 401583 400587 405457 403945 404981 399023 401433 398710 396862 394740 400092 402827 409342 400570 397166 405769 404463 405319 410427 406887 395887 402769 398747 409112 407347 403344 408580 405533 400499 412695 414583 399767 408730 411412 408640 413791 402058 398387 406702 411615 399600 403613 407894 403516 404750 413754 405068 409388 398007 402094 407455 397296 395126 404048 402751 399294 406917 409660 410582 409802 405308 402844 412965 407362 404292 400691 406053 401045 412136 409179 408301 406200 414055 576479 411963 547700
535219 408090 562206 400631 401992 404240 403392 396019 397999 408347 398905 401054 385947 396953 396779 398128 398887 397637 412527 398406 398055 405186 402495 401022 396282 401424 393197 395818 404359 406380 396550 393576 402736 403134 399510 393429 396813 391801 395427 401415 406469 402296 399442 404392 401306 400308 401973 405111 398831 408477 409956 394355 399662 392447 395260 387428 406706 392456 390556 396032 387960 397486 395370 397712 394863 394532 397168 401940 404746 392951 406189 394890 400111 398997 395680 391036 400932 400811 404291 395215 385003 396254 385973 397190 407654 393937 399436 398504 400423 392815 396053 393928 397722 400613 402574 394082 400420 399391 407147 395413 397896 399972 386632 394279 392226 399017 396946 398348 394148 394585 382609 392270 397567 400245 393844 394824 405496 394934 389224 383994 395555 396130 398443 397919 397772 400646 392901 394072 397795 396884 391727 395476 397477 394475 391577 400637 398804 392658 389920 392034 408772 395988 399871 395059 394207 393483 398022 399577 393816 401768 400269 405753 395865 392824 403258 400929 402909 402892 393888 397890 413521 419872 407273 390072 397380 397569 401252 404774 406786 404201 397976 402267 401037 403144 400358 398518 402878 401382 392647 407130 403665 400451 394464 395810 405013 405917 395183 393629 404009 396042 394091 397884 409725 394458 396987 401926 398996 398173 407227 393246 403508 407615 404127 404353 402904 402848 404188 401340 406399 399970 409729 400993 402200 396352 408837 403339 406122 402748 398106 393830 401517 405195 406233 401760 404056 395819 406865 399035 405849 397864 402113 395869 394294 395173 399532 408895 406198 402689 403703 402725 404327 406034 402649 404884 396296 404717 396096 411227 412578 406872 405942 406815 401187 409619 415411 395432 410513 406325 404689 411678 404472 397676 411107 411709 396464 409973 410420 402917 403395 413646 402725 403442 400859 404053 399838 400901 401421 405147 402836 399514 409772 409171 406159 403300 407986 399171 410917 402918 400019 401609 406299 402589 407676 410248 410862 407078 409389 580062 415622 549312
533320 405859 566024 399952 398113 407917 400159 398138 402045 409730 399378 402863 384813 400799 398437 399539 397313 392694 405153 399375 400228 403148 403615 399780 399489 399645 396513 398956 404263 405374 397312 389681 397758 403543 403687 397164 402278 392104 394597 396542 404500 400430 399029 406499 400936 400048 403941 408581 403480 403905 406007 394782 398122 391731 398539 391467 409229 390704 387283 394946 385572 393875 397115 399602 393621 390185 399603 402980 405407 396228 401947 395328 400830 399139 396476 393968 401614 396296 404227 392462 391545 392742 385953 398688 404667 391789 403260 401864 397448 393569 396372 392081 402016 395613 404650 391228 402399 400051 409110 392576 399841 397979 389058 394669 393288 396787 396481 398117 395240 394062 389176 387809 392797 398297 393978 393767 407475 398082 394485 385680 399348 400840 392735 400472 394452 395943 394918 393050 394698 394595 388272 397860 398119 394581 395260 400994 404956 390687 391446 389627 409760 393263 401823 397731 395573 393695 397814 395362 396592 403075 401716 403628 390032 398456 402945 404599 404318 401620 393980 400417 411272 416565 407318 395777 396814 397401 402180 400647 406723 401757 402018 399991 400550 401064 398197 397009 398407 402995 391311 406949 405311 396676 393924 397712 405671 412577 397593 394831 402242 391927 397456 395803 411051 393374 396750 400116 400034 396428 408239 390542 400984 408659 404125 400171 405056 407092 402079 403626 407604 401185 406583 406370 403885 399709 410792 400045 405977 400749 400504 392741 403656 400590 407402 396671 402558 398999 405558 404925 402929 396592 402820 403168 395723 394823 398003 406187 409907 401781 403140 404262 399869 405305 406732 401580 397340 403532 396824 411328 405036 401590 408543 408145 399775 410831 416116 398238 408046 407291 404740 411623 402299 397233 411105 409358 398684 410430 411000 402816 403539 406914 406729 409429 397490 401025 402060 402981 402636 406212 405479 399688 405602 407996 404175 406553 409888 398965 410990 405197 399531 401005 407389 398085 410791 408670 409024 404280 410766 579108 418388 547523
536942 405762 564126 399052 404789 404556 400140 398265 397213 409750 396472 401325 386196 401766 398082 398344 398867 391304 413116 400465 400110 404360 401116 399091 400006 401544 396338 396021 407096 401993 396921 393402 400460 405871 397815 396139 401125 392019 392441 398871 401210 405338 394192 407710 403279 402258 401378 404135 400898 409067 407288 394016 405721 393301 401357 388958 407000 392107 390183 399032 386309 395263 396495 399363 396129 395567 396365 404169 403618 393874 402853 396699 402608 401968 392381 394168 400484 400037 404993 393653 391646 398285 388478 399287 409697 392234 403072 399016 400597 395837 396958 392978 398087 399665 400445 396205 407673 399100 406105 394944 399709 396498 388804 393349 395225 404296 397537 397914 395472 397115 384398 391835 395165 402768 392569 398378 406120 396040 395758 385692 399304 396152 396158 399497 393948 403420 402583 397654 394279 395201 391229 398657 392387 397287 393212 398649 400659 386465 387843 396917 408523 394789 402128 398069 397629 390795 396573 396814 398310 404901 401797 406680 393173 397175 402933 407051 405226 403538 396825 397171 404568 418256 406245 398011 393458 398911 402209 401759 403554 398669 402172 402877 400954 401688 398663 399083 400415 402323 391171 406876 405633 389853 398107 391151 404295 406122 399597 395206 407563 400244 396003 394753 407629 393862 396490 401558 401168 394167 409507 391988 403692 409231 401739 402208 401933 410991 406418 404413 409453 403502 409868 404731 399388 392872 408508 403512 408009 405868 395916 397159 403178 403267 409888 399963 405707 397534 397703 406224 405095 398328 401414 400440 398653 398111 401234 410672 406120 403296 403906 405393 403065 404798 407490 402792 397287 406958 395634 408466 406542 404998 405815 409946 401472 407875 416422 398450 408912 406207 404952 410542 407955 398326 407580 409468 396543 410614 411974 400586 408103 412969 405347 407056 397291 396997 403229 403188 402548 405423 405182 401716 406613 409897 405698 405251 406041 400411 412421 404374 400419 400568 403888 399276 407226 411748 406351 405971 412977 568237 415571 548383
538198 406411 564298 398901 402844 405773 402742 401080 392781 411819 400144 399514 386787 400787 394878 398694 398834 395878 411203 398446 401868 410063 403936 397238 396622 400914 393576 396174 407243 402655 399377 396634 397505 408512 399442 399244 401354 391185 396501 400986 402103 403775 399102 406257 397624 401873 401825 408262 402036 406781 407849 392366 401712 393991 394899 390402 403524 392070 391766 396711 388873 400126 397093 400632 398326 391759 400114 402048 402508 393763 403059 399050 400980 395552 394489 395291 398670 398168 402719 392737 390559 395974 389914 400309 407719 392171 402670 400558 401738 398046 395244 392563 391487 402170 407314 396942 407163 398996 404631 394692 401258 400463 388253 391338 393457 401981 395744 397322 391460 397558 391429 392143 395502 402047 387519 394324 408724 398129 393762 388385 401094 397264 397786 398101 398852 400646 398079 391615 398047 395861 390904 395429 395360 392426 395551 401152 402107 387738 390142 392437 406853 395766 394505 398940 393111 392130 397712 398422 399938 407566 399640 403222 392134 394866 400586 403657 404640 406669 398978 401283 411650 419203 404799 393947 396330 398015 402484 405118 409542 400139 398417 398592 401561 405488 400232 405080 402985 403685 397078 409405 403038 398369 394061 393902 408457 407804 396468 394388 400743 396805 397772 399202 408028 393046 397455 397082 396349 394585 411113 393385 402507 402157 407486 402179 399287 406132 400971 404786 411304 402447 407510 402784 402153 398351 413253 405304 407929 402497 398180 394996 405210 404889 407398 397365 406119 398296 404317 404635 403831 399477 405430 402357 393492 397976 400544 405752 408172 402513 402746 405650 402587 402317 408339 405244 402020 405472 397251 406195 403664 404949 404825 404999 403041 410316 411185 397900 408380 409247 405985 411482 402278 398887 411279 409632 399236 408495 410569 404929 405550 415210 404948 406053 394781 402425 402853 401064 405577 407831 405242 403608 410687 408908 410470 405371 408018 404036 410131 402865 400078 402358 405434 403728 413424 406892 409429 408163 411820 577946 417724 547797
538933 405708 563911 398411 397794 401418 398905 402656 400258 411720 400375 397349 384970 400793 399135 394104 394525 390563 410185 399202 400969 404511 403343 397701 399549 402730 398365 397193 403591 401620 392145 397006 402230 405732 394368 395153 400756 391925 392485 397183 400087 399593 399010 408799 401056 399909 396735 410824 400261 404633 410419 395926 404614 389401 396642 389601 403965 392347 389340 395322 388061 397570 401150 400314 396635 390545 397813 403091 400868 399036 401338 394883 399073 399972 392464 392718 402104 393901 403930 393838 388341 395843 384692 397016 406086 396236 403419 397683 399791 392617 392554 392708 395253 398144 400311 391581 403117 397108 408162 394546 400552 397027 385204 392167 389968 400695 394420 398197 396917 392829 386570 393261 398815 399479 392679 395361 405196 399541 390090 384891 399962 394374 393373 395567 392481 400489 399576 394174 393999 395604 389750 394728 394057 394012 392659 397964 403147 390490 387308 392962 409801 390877 400077 395546 394073 391452 394822 396260 396858 400459 400595 400187 393224 396102 397586 400189 405732 400501 395438 405287 409141 414062 407322 395199 396239 399021 400381 398942 404212 396486 401153 397067 400001 403921 397735 394633 404007 402932 395236 402988 401376 395355 394789 392747 398511 406858 400515 392768 402399 394028 395428 397642 409229 392956 398647 401085 398796 392512 407752 389334 402163 407765 403798 405100 399856 405840 402134 407467 411058 401618 406790 401175 403637 399021 412186 401881 407888 401250 400921 392781 403900 404326 405715 399434 406429 396216 404274 405992 407510 400010 405176 394859 395772 395894 397087 407930 409821 401436 401813 402749 400740 405673 409769 404485 398010 403907 395038 407382 406439 403401 402100 405560 397686 407532 414516 395702 405969 407704 403017 412846 398949 399618 408234 409237 393671 408354 414363 405379 403908 413489 407360 406998 396301 400214 403830 396784 401316 406293 406182 399294 405314 409554 409614 404652 411948 398573 411078 406419 402702 402131 407253 401867 408587 405671 409621 400213 409479 573502 414278 549517
537868 408635 568122 400298 403722 405289 403969 405531 399786 409437 399825 401947 388058 403333 399063 397252 399064 395072 411379 400184 402321 407653 402871 400096 393887 396493 400025 396610 404898 406939 394054 395298 398121 402778 400092 395768 401941 392753 391871 397760 400863 401607 397842 402460 401134 398586 401469 403444 399006 406204 408215 394346 403660 395979 398299 388281 410368 392749 388124 397306 392316 396427 399601 401481 399712 392609 400932 403766 404689 394987 399853 398012 399944 399223 395092 391841 395977 398020 402294 388895 390580 398207 388921 400606 408391 396211 406053 402664 403111 394187 399344 395952 397933 400111 401116 395675 403046 396749 407531 397558 399602 397688 389018 394320 389837 403504 398748 395930 392804 395313 386200 391325 395787 402862 392933 397971 409019 397636 389799 386116 398283 395849 396246 397652 396238 399015 396127 391562 395879 395871 388727 395691 396793 396148 396589 400731 396983 391678 383878 396385 407319 390491 395791 394028 395576 391636 393009 400015 397391 403052 402096 405212 392153 394080 396128 401789 398243 399539 391429 396262 410277 415016 406971 394620 393991 394654 400609 404029 403037 397677 398580 400293 405418 401474 397107 399543 402843 402654 396165 404527 400240 396665 392360 393492 401484 403694 396898 398919 402278 395042 397642 398129 407259 389761 396653 401034 399432 394046 406747 386047 403460 406863 403928 400334 402547 406849 400404 403635 408201 402097 407631 405042 401174 402886 405931 399486 406653 400838 394973 394245 402651 400256 408501 401162 406699 398337 404468 403279 401737 399434 403452 399351 392794 397026 399350 410760 405327 403935 402678 404077 406184 406720 408295 409896 400879 405595 396328 407133 405693 402855 405661 402719 400047 407373 412179 399742 409478 408403 406402 413841 400375 396936 410586 407599 394810 407145 410793 402193 405868 414911 400126 405081 400060 402003 401184 403159 397584 404491 399297 400568 409061 407202 406989 404267 411372 398128 409854 403206 397610 398396 407145 398371 409894 409049 408361 403123 415234 574846 413165 548274
534659 406288 569737 400002 399562 400897 400256 401380 395893 409273 400196 402681 385771 403448 395476 394315 398780 393832 412295 395630 399983 407500 405529 402428 396204 400926 397094 396678 404093 403966 398136 395491 400910 403585 403424 394039 401488 394997 394789 399558 399605 396854 396908 407037 400027 401182 398818 410904 403423 407800 410700 393527 402882 393686 398313 389406 409766 392299 390671 399070 385664 396073 399046 400638 398777 394234 400957 403210 403845 399920 400483 397640 400281 396359 391793 394567 399320 397822 403482 390189 394113 400076 388220 400960 408612 393238 401922 402071 398338 396443 395481 395531 392162 399987 404832 397471 404029 395772 408793 390594 398301 394539 389708 391451 392584 398718 395786 400422 397753 397026 386593 392172 392078 398810 395487 402223 405615 393914 387437 383972 398490 393269 395115 401170 394507 400935 400672 390341 398187 395380 392648 394091 394807 395960 397553 397916 400929 391555 388365 392215 403849 392257 401058 397319 392712 389443 396202 398162 399443 398516 402533 403025 390687 395202 399937 406690 404772 404985 393790 397234 410283 418226 401464 394975 391359 397830 402652 401924 405413 398026 397712 400864 400456 398108 396551 399241 398228 398641 393283 405595 404332 402326 400700 394353 402735 405973 398077 393850 399256 395110 396136 397078 407485 394056 395446 401276 396963 395664 411414 392865 402447 405706 407920 404638 397609 406140 401848 397272 407389 400538 404732 404301 400591 398151 404702 399178 405702 402580 398936 393071 405194 406725 406457 396198 403656 398792 403830 408659 404393 398783 398726 397612 396929 397855 396346 408896 405749 404224 397457 406819 399666 400975 407238 405169 399555 406649 398878 406196 409274 404934 407677 404743 399903 413019 409881 396151 405102 402812 404295 415229 397675 395133 406651 408702 398276 405771 401795 405596 407630 413887 401355 407375 393905 397060 402022 397986 406213 402058 403587 399999 406967 413014 409442 406561 405091 402359 411501 403525 399073 400661 405572 397902 407350 411149 407694 408144 409704 574361 415426 545806
536339 409263 566254 397529 392418 403147 403223 396158 399009 412856 399004 397718 391241 402964 397495 399027 400424 392984 409092 400906 400301 405336 406817 398510 398493 400921 397704 395935 406098 399223 399272 391838 400702 402662 402274 400614 399810 392222 392582 401101 400548 404534 401782 409704 400346 402321 405099 407895 403439 411633 404165 393868 404507 396249 397212 391678 404760 396390 384072 397867 389460 395564 396756 401930 397767 392378 400101 402264 407712 394347 404225 394574 402912 398047 398057 398077 400850 400080 404443 394104 391394 402366 390248 396893 407401 390777 404556 398456 399675 390326 398491 391304 397357 400088 401916 397603 405203 394114 405311 393554 396610 391436 384549 392837 394108 402635 395381 397303 396043 394734 385283 389837 396483 402222 391785 395502 406990 395455 390666 389618 395387 394097 395057 397539 396418 400699 395895 395294 394069 392768 387811 398414 396196 396480 393816 400679 401147 392239 396036 392931 407655 392788 399536 400680 394343 392788 395240 393388 396539 406416 398190 402897 388958 395944 402355 402445 406039 399507 394117 399419 409774 417114 406537 391176 393447 401001 400775 403277 405457 397949 401590 399143 407070 402221 399823 397119 403471 396004 391453 407786 403534 395466 394705 394919 404109 400819 398802 398521 398872 396464 393869 396921 411243 389930 396511 402617 396363 393331 411117 389224 403630 411855 402843 400472 405308 407218 402209 405697 409371 400252 405811 403600 402879 397816 406230 402432 402078 403015 402316 394625 405929 401309 409707 397078 403740 398703 402806 403488 403277 401463 402067 399371 395730 395083 400777 408599 407036 400645 405266 403899 407213 401215 403614 404950 399712 402251 401408 411123 405683 402930 404752 408354 406829 410897 417353 399486 408979 400202 401741 413919 401255 398838 405882 410338 398123 411315 408550 404127 405859 414503 406224 406226 396391 398342 405153 401124 402617 401628 408084 398109 402205 408190 408879 406572 410786 399340 411021 405686 400856 402886 404439 401291 410091 407454 409002 408707 411445 577485 414072 549028
539398 406706 573849 403625 400705 401688 402490 398038 398078 411448 403160 403349 388214 403564 400464 396761 401488 394459 413050 400564 401085 405682 405241 396924 398988 402430 396633 397220 408437 400425 396029 394703 402006 401763 398864 397911 399678 396590 395722 402566 405840 401423 400890 409359 401749 401499 405669 409524 406556 409974 406831 393411 403704 393884 396185 394589 406528 398845 385242 398101 393606 401339 404506 401671 399709 394021 401459 398926 405776 399723 405839 399767 403721 400367 397810 394355 400168 396943 400798 387449 390722 396471 388213 396953 399121 392130 403203 401296 399760 393515 396977 390960 396287 399739 402043 393399 407371 400768 407191 395160 399820 401262 388558 391977 389067 402435 401574 397565 397618 393331 386309 391048 395669 397119 393740 399780 404819 399289 392344 385506 399562 396950 394698 397595 395377 399462 400883 392122 393819 394443 386842 396940 395871 389709 395695 395186 398054 387810 389667 400851 409446 397358 400658 400363 393119 390615 396564 397373 396820 403458 398265 403431 392439 395898 398205 401179 406264 403023 394883 401024 409739 416579 407760 395040 395314 397006 397447 393278 403785 394941 401809 406646 401850 401953 398441 396808 401764 395428 392409 405923 403337 398078 396811 391529 403574 404931 393696 397688 402384 394156 393852 402089 412196 394115 395601 402886 398962 396134 411418 393396 403041 406421 403602 399216 399813 409861 402592 406903 409268 400984 409071 405682 404010 398943 405910 397763 408170 405800 403286 394458 401788 404772 406288 399942 404124 402077 402762 400305 407429 401702 403585 396020 401784 397574 399292 411864 411098 403124 405835 407651 398431 404715 407396 407719 398703 402645 399449 407975 405893 403926 410269 405100 400352 409635 411197 403674 407633 404313 405812 413047 400579 401510 403032 410496 397484 405895 409762 403308 404863 413556 404841 405767 394193 403496 401363 399739 400912 408234 402725 402953 407649 406711 407329 402002 411487 397898 411476 407979 404672 402730 402186 399588 410417 409496 408401 407672 408795 574282 414656 546743
538230 407420 570664 400590 402310 405465 402710 399527 394102 410324 403231 398148 383949 401723 399552 393971 398465 396256 415083 398643 400053 410877 407565 397439 399843 400346 390437 395021 409539 400459 398038 397031 404312 407128 398525 397212 400841 393505 392618 401163 400660 401796 400412 404790 405652 404786 396505 409191 401522 407614 411196 395194 407690 395067 400802 388595 406957 393744 391756 399391 392112 397944 396891 401070 394945 396972 402335 406031 406141 394450 404523 395776 400143 397643 394451 394013 396637 400882 406231 395024 394566 397864 388123 399290 407404 395749 403212 395388 401250 396458 396630 389874 394959 399273 405704 395079 401744 398964 404207 393444 402662 397579 392622 392273 392848 398703 396226 399839 396407 392559 390670 393093 394926 402074 392592 391732 409845 393648 388300 384890 399341 395011 396284 399369 398174 396651 398707 392127 393092 397941 393430 396596 398194 392187 393235 396469 398915 388217 389610 393160 410036 396440 395817 395290 398232 387870 397140 398000 395798 405457 402736 404443 392161 394020 404286 401305 407190 397586 391624 395891 405921 415525 403390 392423 395315 394028 399986 398713 405575 398590 397242 398185 401932 401635 398378 397705 397700 398446 392449 403599 401908 396411 397862 396022 404404 407694 398001 396763 402649 393640 391655 395131 404884 389711 396811 399995 398049 394517 408860 391615 400108 407674 401932 402929 405566 404641 402393 402677 406194 403209 414041 402783 402554 398372 404932 401523 406828 406315 401787 397092 402463 404122 405742 402476 408851 398837 404394 404210 405175 399123 401133 394089 399157 397479 404641 411661 410205 400929 403353 404452 405411 404229 406002 409453 400435 405717 402085 410862 408416 403437 407872 405221 403176 407665 415650 398902 408153 404937 402340 408550 407879 400109 410461 415657 393283 402220 412122 405708 405112 414967 407519 407549 396265 402051 404599 402623 406254 403776 398959 404894 411428 410435 411582 405365 405209 402453 407519 409946 400981 402807 404519 401248 411617 406683 405608 404456 410014 575914 415084 543733
537406 407021 566510 398679 397390 404367 400686 397726 396759 406697 398160 398828 388946 400427 397918 394906 395910 394878 409756 402043 405290 407837 405337 405820 399342 402107 393139 398620 408256 404901 395923 398145 403283 408727 400270 397261 402606 396066 393728 399673 404671 402856 401495 408404 404020 401045 401388 406575 405295 408879 413978 393552 405046 395149 397369 388668 404554 395914 393086 397995 386608 397692 397335 399002 397397 393414 399751 403857 406131 399395 404867 401437 398789 397904 391960 396864 400538 403001 402770 394490 390166 399942 390212 400118 410654 393754 403042 401431 392627 392247 394674 394387 397145 399856 401507 393480 402374 399382 403714 395489 399497 398302 387223 393524 392470 401881 394607 397977 396956 397148 384655 392748 395757 401881 393430 395756 403296 396687 389434 388231 397728 394280 391083 399968 393058 397963 395540 391521 393803 394159 389452 394758 392813 394423 398310 393523 401457 390614 391126 390991 411211 397528 392540 394842 396649 391332 399731 394256 397564 401873 401765 403324 390994 396831 396136 406074 400408 395016 393931 402023 410329 418340 402261 392959 396752 394187 401071 400396 406114 397567 399283 398062 403677 403960 395884 395308 399690 400826 389121 405907 404124 395641 397987 395068 405927 402332 396384 390800 401822 392064 394718 396945 408230 391866 398692 399886 396471 391699 408086 393327 404469 406018 403398 399759 402001 407826 403986 404171 407192 405760 407249 404361 401939 404050 407623 403464 406627 404003 402700 393301 407844 403827 409849 398260 403740 400466 403710 406107 404602 397895 405889 394199 401560 399778 402540 407782 406466 406333 402999 407384 402645 404325 409808 403197 398372 406375 399994 408699 408421 405294 410132 405923 401533 405290 415244 396683 408946 405221 402042 409826 399154 397847 406729 413475 395803 406749 411451 399922 407842 414722 408836 405099 397465 399709 402039 402911 403757 402711 404085 402598 408012 405661 410645 408190 409829 401150 407326 408829 400854 404323 405760 397684 409063 410208 406516 409805 411142 576205 413427 547869
537925 404882 566294 402764 399716 408897 399590 400953 393129 411689 398909 401623 389710 398142 396465 398552 398548 391396 409014 404211 399857 405561 405735 398757 397471 400004 397785 393564 407843 402630 399218 397204 400688 405230 395610 395253 401074 392953 389936 399307 401658 403507 401977 411254 402603 401537 399157 409423 401741 402876 410800 398024 404418 395398 398163 390319 410367 395194 391602 397419 391886 398439 400476 399868 395743 395276 400579 398722 404221 394038 401739 399869 397901 394666 393689 397268 400658 398624 402866 393336 393170 399486 388165 400981 402058 396606 407843 404798 403899 394947 398771 393045 395956 396503 404901 394508 402918 397136 398826 391611 401723 395489 389145 393679 393845 396400 397455 397804 391895 396469 384921 391725 391133 398440 388001 397022 405235 396730 391635 384473 397328 398906 394964 398966 393450 404560 397926 394688 397700 391891 388351 393170 399005 391576 393299 400027 398098 390335 386029 395435 409749 388655 399995 395382 395370 391407 394391 401383 396038 397106 399789 404718 394366 396262 399458 399984 405593 402779 396759 399249 407583 418138 402567 394649 397320 395413 398142 399570 403110 396862 399283 399766 404472 397391 398051 395075 399077 401742 390590 406751 399224 397122 395272 392559 405048 406660 394643 394956 396604 394736 392330 399704 408525 389577 398441 400225 395617 391702 411752 390219 406337 411535 399985 400217 395361 401538 400961 400772 411159 404825 409965 407856 407558 401237 406921 400478 408276 402250 396580 395579 404988 402279 408696 397398 406246 394714 403466 403640 404458 402279 401245 397091 401227 395746 399944 410821 410016 401557 407272 406033 407487 407220 406110 405654 395889 402057 394362 404018 401568 405872 410228 404746 402824 406847 415910 401180 405902 404994 400575 408973 403481 393416 409685 411983 398407 410637 410939 404998 402778 415314 403639 404138 395976 399409 402182 399521 399719 401730 402011 396519 401635 408286 407400 401834 410005 399454 409732 406932 402817 403253 400757 400681 409008 404116 412851 403984 408663 571852 413694 547183
538858 402724 569581 403234 401319 404139 403806 397853 400998 410086 401123 401772 386459 401799 397954 393658 393449 395648 414127 400491 404778 407016 406956 400258 400358 407804 394756 398128 404035 401725 391091 394049 402432 403112 397689 394234 400678 391015 398867 401752 402873 401107 401441 409391 404254 397648 402516 410148 401319 412594 409081 395953 406148 393217 398367 392555 405892 398495 390944 396819 385849 399082 402100 402955 401299 395440 401813 407592 404488 399399 400744 398424 402533 398947 391676 392897 401097 401527 402527 392863 392517 401142 387034 401607 405322 394224 405039 403094 402989 393466 399138 395838 397959 397721 402955 396183 403418 397428 402511 397590 399138 398874 389775 394765 392658 399904 398966 397902 390595 398847 388152 384334 395237 397748 392004 393998 407489 399232 390751 379889 396932 394405 393842 400560 395790 402204 398571 393552 391652 391757 389839 399240 397763 397729 395339 398038 400059 390583 392460 392449 404071 395558 398147 397086 396919 391669 395493 397323 396364 397195 401173 404648 396512 395680 396835 403247 399433 402454 391267 398129 407859 418275 402468 393343 393591 396793 403577 402382 403367 398743 398968 396516 404511 404320 399292 396404 398056 400122 392729 402348 399538 394866 398051 397333 406116 405279 397812 392854 400851 392780 392832 396110 409621 395432 400108 402512 397521 390050 406377 391704 401597 404913 408051 400934 401107 404123 403930 400787 409723 400702 407183 400966 399588 396168 409569 403939 403986 403248 401049 393385 401555 401041 404295 393795 405888 400060 404636 405745 408439 397270 404291 399894 399344 398736 401681 416441 408130 401336 399262 405022 407293 405971 406799 406367 399324 405489 396905 409286 407994 403624 408825 402140 399905 413342 412065 399849 406547 406440 403206 415171 401759 395685 408871 409315 397843 406618 405819 401529 405584 415429 404077 408395 397954 395847 399714 402196 402284 404361 402400 399731 410000 409009 411125 403643 407927 400988 408569 406808 401400 399861 405387 397941 405191 404931 410611 407331 408796 576612 416216 545617
538711 408824 568020 405392 398725 401655 405949 402655 400074 412165 404433 398053 387391 399673 396324 396109 398803 395259 417133 403251 403810 408769 408255 399642 399384 402833 398059 397546 406145 404060 400472 394751 401342 407991 400293 397434 401127 393003 393471 404046 405316 403502 403599 409566 406886 403708 399341 407050 402950 412314 412475 396105 405920 396639 399552 391578 410173 395273 389421 395336 390263 401808 404845 402589 403757 395012 401092 406998 403543 395646 403882 404031 405128 402233 395956 397703 402882 402132 407783 394558 391124 397731 386906 402805 404293 394380 403725 403811 401584 397365 402615 396840 398332 397257 404000 395889 404396 401385 406357 397952 399694 394776 393984 391080 392903 399875 398512 397567 396843 395344 387618 392005 393066 401836 392214 394662 401295 393639 388927 390277 397386 391056 394142 402256 393590 397826 397225 390825 394720 395256 390157 392712 395760 394192 396233 401904 402964 389523 390696 396384 408350 391540 398000 398227 395390 392003 399123 395978 397274 402413 400392 403321 392618 396971 399646 402265 402013 402755 399502 400995 404050 416561 404058 393571 395656 396835 401409 405444 401359 396810 395426 398691 401508 401991 398480 399272 402628 399456 391157 404820 397780 397727 396506 393117 403455 405940 399004 392505 402514 395528 392138 396297 404659 392366 396992 400973 397794 396925 408485 389008 403826 406107 403521 400828 403793 405287 400966 405169 407122 401639 409511 401895 403366 397515 408302 402322 410641 403614 400022 398613 406004 401070 409696 401079 407886 400021 405577 407875 411867 398677 399276 398149 398270 396355 404058 415040 410788 397007 403748 405006 406378 401908 415818 409491 399467 407986 394081 412450 411262 407082 408850 406448 403919 410693 412412 395997 402366 404060 408275 412547 401573 399070 408846 405445 394113 404795 404391 400945 408348 414236 402497 405188 393068 398820 400264 397936 398430 406509 404233 401297 411542 414913 407042 402499 408822 402904 408799 402979 399319 403163 403012 398767 408275 409221 409480 410192 410016 576875 413683 548338
532957 405041 568044 402110 402359 401739 402235 404607 396412 411687 401926 401444 384777 399218 398860 394721 400480 396932 411344 404913 401891 406245 405213 399594 400269 406516 393955 395384 406311 406741 398095 395592 402828 405167 401110 402481 401668 394159 392050 397734 409908 401954 402667 408619 404867 397694 402603 409950 403112 407198 412320 395381 407481 398079 398951 389682 408700 392505 388710 399325 388193 403057 401362 400682 401422 390865 401510 404104 404858 399093 402972 399557 400606 403055 391717 396493 398269 398890 407059 391282 391777 396517 388801 397476 409298 394458 405410 401556 401170 397082 397134 391592 399741 395643 402839 397195 405218 398737 407480 392505 397646 397579 385371 393558 393807 401753 394283 399897 396025 395078 386467 391029 390548 399595 393272 398610 406438 394900 395117 382330 399598 395824 395577 392753 394755 401950 396059 389811 393083 397838 388312 395170 395970 396432 391330 395964 397359 385072 389806 395763 408178 392199 395746 395990 392383 390303 397211 397597 394810 400687 401521 402600 391266 396508 400188 407973 401248 399364 393658 394661 405797 420562 403594 394340 397540 393178 401904 401682 405759 399457 396670 399466 403564 400221 397518 397064 401017 400078 390503 401562 400623 399383 395262 392835 405349 404231 394540 397483 404103 393134 396074 397131 407092 396136 394052 404216 397755 396630 407468 390449 402209 403737 404000 401488 401404 405993 401801 407121 406464 403693 410610 402112 404983 398862 409709 402276 406968 403580 395646 394077 404242 407020 405616 402627 402053 400622 404803 408910 405119 404149 405762 396874 398906 400846 402059 412711 407873 403165 402246 405305 404940 405660 411662 409132 400815 405171 397103 410747 407910 409258 409731 405847 399535 411369 418564 397421 408386 404555 401610 410911 402709 396687 407407 406442 397806 407455 409828 399856 403725 416089 405861 406946 399168 399582 398144 397944 403859 399674 401414 397542 407293 406063 405298 404082 404405 400304 406994 408630 393926 402063 405310 399192 409646 410705 411545 403583 413752 576463 416691 547510
536907 406610 566903 402993 399337 399284 400883 400182 396752 411713 397546 401312 385479 404190 401551 398013 395633 391909 409126 399434 400537 409005 399735 400365 405446 406380 395351 397678 407467 401056 397602 393320 405114 407257 401504 399229 399672 392441 393554 399136 405826 400479 398999 407071 404138 401645 403175 413735 402016 413735 410722 397009 407487 393635 400836 393324 406208 395085 390475 397993 389077 399810 401731 399408 397029 398114 406392 405870 404285 399997 401348 401892 400281 401080 393108 397326 401076 401504 406434 400167 392156 395402 392848 401885 406755 393700 400829 405885 404504 396473 396283 390848 394333 399204 405225 394172 403465 397893 413991 396018 399345 402367 385721 395554 396050 400014 399700 398907 395782 394377 389454 389925 390711 398128 395612 402192 403739 398638 393309 386329 400071 393285 393423 393845 396370 401071 398440 388101 394252 390295 391760 396841 393907 392743 396004 396709 398521 389424 386071 393241 408001 392134 401116 398845 395941 391757 400426 395781 395297 399354 400386 405167 391059 396730 398380 403896 404046 403909 397631 398062 404462 416575 403684 396675 395292 397052 400194 401888 401580 399702 402379 398898 402359 401641 399194 397681 401225 394178 391424 401777 405522 400433 396181 394373 405819 408046 396814 393740 401661 395623 394921 397373 408274 391204 396802 401476 397941 393404 409064 390658 403856 407121 400510 403636 399272 409674 403834 403979 406502 404059 406490 400020 403951 400351 410485 403144 412553 405046 397675 395482 405514 404377 406660 399413 401898 399292 405404 406694 410559 399432 404513 400218 400469 398431 400018 411768 412066 402563 401983 406713 409536 403209 408970 407996 401822 403737 401059 410142 404084 403148 408776 403831 405815 408803 419503 398577 404118 408175 404241 415408 401180 397500 408564 408103 396946 406207 408507 403513 402382 410797 402524 408056 395515 400398 403449 400784 403875 399539 397048 400593 405503 409228 404090 403071 410144 404472 414927 409311 402387 401607 402253 398535 409107 409297 408901 409011 415052 577427 414872 548396
538477 408495 563721 403408 400299 403369 401845 405339 393192 411018 400765 399369 391324 405631 400584 397396 395814 396438 413351 398911 404690 405704 403621 400041 401371 402713 397280 400300 409057 402846 400063 396314 402310 403653 397269 400048 400299 394670 395110 403246 407343 407185 402003 408814 408734 404510 403709 410992 401787 409189 412572 396834 408531 396579 399247 392175 410735 395844 390465 402327 389075 402470 401608 403939 400524 394173 402802 403082 407512 397942 404101 398696 401728 400025 396105 397806 396771 405426 409592 397500 391160 402162 389506 398992 413077 398692 406277 401101 404344 395474 400182 395586 397353 402487 403834 394803 405471 398779 406202 396374 399189 397458 391833 394238 395647 400961 397668 398022 398429 393157 391354 393624 394512 398852 393402 398138 404633 397023 392033 386856 396684 392800 398281 395847 392533 396610 398636 389389 394856 392788 387788 398320 399558 393853 393346 399390 400294 388568 387080 392726 407883 392209 400588 396153 392877 387235 395547 396386 399613 400983 398062 403370 388283 394290 394731 398716 402491 401110 397424 397055 408146 413073 408773 397786 397700 397608 406401 403800 406869 398329 397058 401966 400843 397383 394629 397730 401147 397450 389061 401868 397829 392980 396526 392857 404804 405316 397501 391783 405111 394235 397652 393847 403626 391219 397395 395932 397954 393398 408273 389758 402804 407513 399160 400478 400149 407392 402587 408392 410188 397272 409793 400124 402202 397393 412148 399920 408915 405872 402655 399151 402207 410505 407175 406333 407635 397923 405100 405360 413023 398959 404401 400255 396609 400297 403083 413514 408628 408735 405229 406102 404764 404766 406005 402867 399580 405740 399055 408778 404733 407328 405368 402304 403359 411305 410667 399341 411325 403678 405380 411359 401565 399948 408448 408704 396389 410562 411058 402102 402945 411829 405072 409558 395664 396303 405643 398142 400629 403504 403399 398921 403750 407507 407714 409560 407441 400266 409641 400673 397503 402014 403824 401457 410589 406135 408178 405380 411959 577157 412727 548720
540700 410554 567429 398967 400332 405238 399587 399337 398638 410534 400767 398505 385620 401398 396450 391928 403172 396543 408508 404184 400226 407897 406487 401094 399288 399731 394434 398085 408421 404508 397697 397256 402814 406417 396444 397371 403784 394115 397839 397811 405581 401406 399812 408158 405119 403416 403159 405951 403626 412758 409475 401995 405441 394116 399185 392849 404982 392852 392705 397008 388648 401599 402092 398707 400813 396977 401546 406181 407941 395281 404170 401006 401546 400752 390271 398468 405101 399499 404132 393557 395446 400242 390247 404816 409633 396650 403421 405402 403210 395002 399689 393462 396719 399664 404379 395430 407250 399092 403341 391950 404099 399401 389175 390660 394107 399370 397449 399518 393789 392000 387074 390220 390847 401020 390710 393877 405424 396296 390224 386908 398441 393437 395495 395313 399136 396905 398877 393812 396869 391967 392427 393563 396079 393402 395330 397090 394801 384335 390755 388532 405803 391939 399241 396048 392823 387796 402084 392398 394773 397034 398096 402365 388363 394883 397835 404827 399906 401318 391351 398123 407958 415332 404978 393421 395722 393049 398959 402087 407720 398881 399549 398614 405190 402017 399994 395852 398148 398300 395913 399165 400550 394209 396636 396490 400137 404410 398974 390778 401524 392680 394254 397961 403880 392919 396765 397822 394525 392587 409102 393082 400244 408395 403898 399356 400231 403320 402905 405116 408900 399559 410195 405454 400151 397943 408919 404095 407416 405746 400857 392843 408650 403080 405876 398034 406572 399812 401639 405957 409382 400385 403869 395110 396542 402358 401587 413184 405116 403775 400518 409631 405095 406414 406682 409086 400206 406179 395773 410815 403150 405377 410251 408077 404509 409557 414936 401878 407544 406679 406255 412195 403888 401755 404398 408765 397059 405470 409913 398846 405491 413321 405824 403628 397849 399346 399406 399463 399346 399408 399683 399318 404897 407475 408804 398438 407272 400905 412751 405936 399660 401946 404143 396806 409354 408178 411570 406729 414693 573308 415508 546862
538904 405854 571988 399739 396230 404063 402716 397604 396154 410911 401169 400828 388593 400088 399660 397507 394996 397909 413445 399959 403632 408154 409118 402327 399366 403580 395642 401725 404644 403555 400348 395987 398522 408207 399573 398814 401987 392110 392317 398926 404938 400841 397460 413876 405946 403348 405575 407267 404123 406245 414941 397425 406651 393700 400958 392137 405275 389791 395056 400470 387501 398604 399709 396632 403387 397159 400413 402258 404774 401110 404156 397518 404958 399776 392998 393674 398140 400570 406281 395046 396475 397422 390375 400915 405340 400769 405922 403534 404077 395164 396570 398629 397113 403032 402379 395153 404177 398843 406966 393071 402508 399826 384868 396021 395337 402143 393611 396051 397306 395281 387385 389710 398245 398205 394538 397128 406331 399613 395736 384149 397880 394767 391844 401076 395913 398513 393637 390661 392419 390913 386743 394438 394773 398949 396512 395194 394535 386971 390779 393965 407415 390658 399545 398444 393935 392751 395012 394963 397561 406384 401947 402817 390584 396285 402781 400877 404805 400549 394169 404573 408513 419220 401942 395149 390812 395057 398717 399279 397348 397025 400066 400730 398177 396375 398594 394930 399017 400640 392245 401897 399835 399291 393338 392452 400491 404473 392705 393047 402329 395854 393821 399320 406195 387766 397277 403739 392133 395978 405625 392867 402554 408073 400381 399906 398161 407524 401243 403279 409774 400655 403823 403450 401460 400991 405038 404456 410591 403775 393445 394057 405622 404488 406995 401704 407705 395235 405532 409624 407351 398689 403844 402328 394316 400128 400757 414505 407655 408985 406352 409678 406559 410717 413581 409217 402438 405068 398329 411634 411022 402728 406691 408083 404232 407412 412883 400170 404444 403823 402658 416487 402090 394648 406031 407150 394540 404916 413057 401464 401054 418082 405610 406142 396252 399689 401463 400474 402425 404156 402809 399147 404734 407416 411162 403788 407367 402296 409485 408994 401567 404094 397451 395150 410076 408651 409389 406952 408389 570952 414747 547466
538869 404517 572085 400460 398259 402114 403179 402753 394051 407330 397356 396227 386145 399586 400690 395070 396859 397288 410091 398470 399586 406981 407721 398530 395859 402739 394772 400548 407065 402381 398814 396638 399979 404303 398562 401485 403899 394732 395508 401675 404637 399706 402518 409858 403063 401076 400091 408264 401553 406698 414077 396187 410793 394848 402258 391843 409083 395670 395597 397647 389694 397967 397735 399461 402567 393472 401925 401381 404429 397017 401683 401443 397285 398780 395708 397297 402457 403059 405906 397866 395707 400760 389633 403862 412433 396898 402821 401782 400608 399580 399327 394755 397810 403935 407924 397742 404805 401367 406056 395379 398270 401174 389933 392933 394756 397951 395128 398309 393165 395556 385054 390287 393442 397254 396169 396902 409917 398864 392770 391033 393528 395600 397790 395970 397618 398409 398323 393030 394313 392688 394907 397794 401078 395307 392594 398154 401669 390202 386077 393174 408678 392844 401308 398131 390852 389122 396876 399380 394214 399834 399262 402498 391588 396106 397429 403652 402080 402393 392477 398121 409720 421849 404191 395644 391697 399605 400950 401511 402369 396547 401480 398514 406145 400414 396678 397171 397655 398497 390259 403501 401860 395490 399263 393636 405463 407607 394574 392773 401008 397805 395457 395033 407744 391995 398509 400341 396595 398339 406985 385764 404435 406738 400851 403151 402546 405713 401916 406321 406622 401648 409396 404542 403511 397951 407127 401381 404774 403547 399922 391872 405727 406578 411065 401400 407586 395791 406844 406713 404979 400379 405333 397315 397870 406147 400638 414737 409101 405596 408354 410095 405733 406043 411828 408423 401453 405271 403345 409163 410217 407030 410763 406698 403245 414638 417715 402781 406955 407901 404213 415107 403557 398280 406012 405862 395279 407221 410054 406415 406694 413600 406821 408550 395938 399919 398604 399265 400085 404106 407254 400909 404303 410698 409427 404750 406917 397709 409265 406714 402850 401558 402725 398726 411944 409999 408115 403122 409200 574252 414428 545593
536994 405330 564407 401970 400742 405036 399844 399610 395924 411411 401633 399340 388006 400521 398097 392156 398364 393805 407526 399899 402312 410465 402910 399805 397306 400884 399552 400069 405773 405868 391538 395831 403692 405530 397335 394368 396351 392839 401777 400446 404069 404722 399662 406413 402817 405264 400671 409758 404289 409357 414390 398646 402692 396486 399702 391428 406864 395830 386687 399243 388724 401095 400976 402250 401592 394993 398575 408302 402366 395047 410252 399847 402844 402126 396356 399306 402266 399184 408502 393211 390895 401007 391671 403634 407171 395867 401466 401877 404340 395313 397555 395896 392609 400228 404691 396111 404129 403165 407531 393251 402217 400703 386581 391222 392107 398908 395150 396441 397660 393828 386634 392443 394913 403493 391968 398838 404914 402771 389216 386350 399983 394354 395601 401670 397128 398567 398889 391721 396644 393154 392411 397633 395486 395023 393333 398285 397213 393753 389031 388605 407011 389428 400359 395865 393801 391929 395947 400110 394015 401572 397248 401521 392540 396122 401720 401215 401533 400823 391484 397240 407361 418502 404607 391096 397891 395739 398796 397888 402122 397517 397018 399766 395802 396914 397801 394746 400684 396526 390123 401902 403338 399676 396302 391177 403613 406049 393929 391193 401601 388189 394516 396348 405737 391155 398952 398266 395785 394444 408058 387365 400592 408804 401301 402394 400604 405799 399519 407114 402787 400217 406888 405212 405643 399284 405695 402830 411497 401546 395241 396401 406583 406551 409882 399015 405484 397930 403482 403991 404721 398269 405900 403188 396226 395695 397845 411850 411925 406227 404464 405178 404914 404826 409827 406406 395726 408332 399897 411965 408278 406018 407284 411353 399208 410801 411502 399691 408023 406444 401533 408497 402037 399914 407978 413442 400305 406147 409784 399325 404508 412979 405087 409435 399281 404539 404259 401130 401373 405069 402267 400342 407482 408359 403728 403867 410420 402826 414080 405037 400890 400339 398180 396348 408837 405828 407848 401403 409768 574874 413549 548422
537868 407066 571597 404214 397677 403667 397015 398223 398006 413037 397667 399606 392580 402701 395460 396787 398157 394409 410246 401280 403640 402862 405239 400980 399246 400969 399420 396840 407356 402306 399615 392803 402198 407297 397270 396154 399708 392405 393654 397743 404401 402064 404529 408902 402280 401430 401335 409873 402449 409895 406120 393611 405360 393003 401391 388950 405999 397089 392438 398874 386638 399487 401850 399933 399048 393213 402661 406773 404444 398281 407844 397976 402863 403399 392200 392684 401635 400456 407281 392267 394097 398033 385822 401283 406976 396938 403553 400041 402673 395754 400048 396238 396509 402519 401962 393493 406992 401965 405531 399668 402742 398469 388919 392413 393601 402779 398842 399276 394313 391719 389571 387851 391303 397617 390785 397028 406273 394574 392101 387597 395425 397825 393612 395575 397694 397156 395760 386693 392599 391109 393770 394865 395663 391304 393851 395421 402039 389668 388918 389839 408607 391820 398953 398733 393724 388736 399513 397882 395218 399068 402082 402748 393413 393628 397462 407065 401772 399014 388741 393959 406742 417084 407943 397019 390454 392008 404163 397265 402344 397331 398621 397458 402411 398022 397286 393363 398663 397411 386845 401941 397890 395332 388766 394681 406748 405101 395000 395927 402436 392390 395614 389731 406287 389457 395998 400217 394478 391871 412015 387903 404990 405343 406236 402716 402389 403455 397042 406637 412539 402913 407568 402320 399899 395436 407761 400285 411178 399785 398572 391185 404937 405844 406837 400262 401960 397044 405246 406907 409201 399689 402042 398374 397565 399223 399227 413063 412194 405210 406513 404378 407056 401151 409579 405553 398046 407249 401561 411360 405063 407526 408709 406230 403163 412987 414235 399451 406186 403428 403659 409496 405958 397692 410980 413306 393683 405774 410878 397146 405270 415463 405086 404980 399942 399836 399174 402486 399995 404410 402741 397746 408567 409539 406156 408130 410668 398724 408071 404472 401506 400726 405370 396498 408265 412238 406244 406753 411841 576056 410848 546823
540122 405043 567898 398509 397961 403624 400229 392934 395197 409726 397651 401515 386176 404346 398508 396861 395276 394640 411520 399117 403686 402439 399999 400245 395703 401615 397309 395366 407722 404660 396850 391569 400897 404011 396904 398278 402854 392596 397013 399096 403794 401832 404618 402773 403033 401010 403499 409480 404789 410122 411212 399740 402482 394304 399505 391130 405207 397322 393578 399522 385515 400992 399676 398786 399705 396353 406339 403866 406267 399386 406028 394146 403825 403220 394231 396209 400635 400966 404257 394209 393292 401692 388133 400230 405429 393808 403407 401821 403998 393998 400297 389838 397514 402175 404953 398093 402845 399191 404971 393372 400779 401806 388813 395994 392977 401615 398832 396880 395442 396226 394385 390355 395502 401488 392278 395333 401624 398516 395385 387273 402943 393952 398301 398417 394911 394528 400510 391971 392442 392689 391453 399414 394162 393891 393464 400126 402578 388022 389033 392363 407869 391350 397748 397473 396784 388197 395841 397432 398573 403294 398680 405187 390833 394230 398545 402591 403633 400245 389158 396655 404266 415587 405843 397733 394505 395701 402493 398883 401447 397271 396505 396887 398411 393153 394580 398132 397563 397535 393707 406203 397211 392982 393646 396988 400169 404254 394757 395067 398839 390562 393132 389825 408746 390861 396979 400482 399120 392690 403961 389532 398503 407301 401002 400306 400299 400641 406591 407794 402192 403004 405941 405757 404407 397491 410254 396965 405903 404159 404679 397780 404613 405884 406594 400796 404306 398073 403863 408350 406311 398492 406076 397730 396773 399023 402794 410392 410327 404196 408568 407009 402958 408408 409856 412296 397928 405186 402951 409252 406531 408160 408156 407231 403065 412550 417929 396810 408853 406128 406376 409834 405062 399441 407408 410342 397734 408037 412425 402966 408072 413276 406718 405518 394586 400474 402022 398235 403333 402512 404037 401211 400128 408320 410631 404523 406698 400322 412124 405402 400019 402845 397290 397190 411159 408551 406038 402983 409656 571548 412655 546477
537430 405259 574188 401583 403190 399620 398560 397992 397434 409294 397797 400316 385973 397181 401422 395875 397813 395548 409588 396820 400886 408411 402102 398205 396987 402486 394611 396998 408863 399302 394670 394749 403891 405030 398468 401418 400542 390761 398257 398898 402726 406401 402186 409664 402371 399920 399491 408847 401880 410407 409782 394551 405734 395049 399429 389600 407116 393868 391757 399282 391542 401808 397709 402564 398682 393260 401272 402462 406926 398605 404320 399455 404417 402343 398161 393221 404647 401985 406825 394873 396545 393750 386911 403106 406568 398802 404498 404351 404435 398505 399378 394975 400088 398117 403115 394094 407792 398512 407613 393558 401631 402511 391724 396726 392454 404074 396856 396276 398928 395006 384443 393909 395847 399724 395102 397692 400427 400858 392358 392453 395198 398107 396655 401106 394481 399619 398614 393882 398308 394515 391247 390915 397836 394839 394594 397468 397973 392381 391499 395031 406650 392058 400828 397640 391981 391023 395571 396867 396190 400304 397948 399861 392032 397602 396009 399656 405413 399527 393225 393565 407695 419383 409014 392553 390570 398084 398500 398255 403887 401070 394327 397059 400492 398859 395494 394298 400020 398185 389932 403750 400482 396106 392078 394854 406759 404929 390524 393435 397931 394312 394181 395920 402511 390397 393145 396608 398341 393349 405686 389912 402922 404713 404034 406190 396880 403632 398320 404668 407510 399037 403668 401530 402281 397988 410724 400434 407761 400639 398827 397450 404817 403121 414668 401344 406009 397903 405827 408736 408743 399088 402170 396321 399443 397587 400541 411317 414257 409220 405533 406253 404001 406059 408378 408270 402799 408074 397097 410500 408799 407199 409192 409856 402027 409671 413168 402600 406866 409766 406075 415077 407903 403369 408919 410192 398305 411169 408165 405048 403546 417523 399960 408207 401083 400539 400710 402645 404356 398909 400017 399490 406182 407557 406314 401943 407012 398388 407629 404118 398140 398924 404135 393015 409340 409641 404352 402144 404285 574483 413055 546677
537828 409588 565995 398608 400477 403636 397322 398712 396956 409453 397471 402256 386891 403028 397396 394142 392327 391819 408794 402204 401331 403520 401498 398924 394940 403648 392604 398499 406537 401901 395226 397130 398226 408948 397519 400764 399440 393936 397256 399410 400122 399258 400837 410142 400547 401780 400287 410139 405446 409329 412234 395825 403627 392195 399142 389665 407130 395412 392524 398923 392391 403031 399689 407777 401607 395043 399384 405495 407603 398962 405181 395173 399787 399968 396158 397997 402075 400153 404596 396024 390192 400244 387722 405353 410163 397235 406981 410883 406249 393023 400407 395633 398882 401112 405401 394512 409872 399150 408567 395647 401461 399446 390660 396422 392885 405832 398581 400087 396566 396823 383297 394332 396941 396949 392865 397459 405863 391656 395932 388948 399500 399607 394916 401460 394630 398550 398242 393012 401160 395712 392367 398550 393885 392618 396478 400649 400738 386216 386997 392275 408904 393460 399139 395330 394563 389490 394240 396045 397312 399814 399005 403238 393675 398255 396120 400846 401580 400711 392841 400957 399111 417242 408192 392220 396148 395466 399447 398095 403286 396122 394204 392791 399220 397150 395822 392986 395844 398022 390000 405828 398519 394048 396180 394909 404981 405492 395541 392754 400612 395777 394549 395801 408486 392287 396693 400885 399123 391189 407958 389108 400441 406279 402617 398511 399260 404308 401411 405072 410185 398785 407314 403174 401216 396859 408858 403937 408694 404897 399897 391415 400922 403752 401673 400620 405172 401025 403665 405688 404935 394623 403145 401084 397632 400450 401606 411560 412501 400554 407126 404094 404632 405598 413861 405776 398508 405743 397693 414233 410855 402784 404761 411725 405462 413764 416722 401090 407912 406716 407779 416170 403784 400370 409190 412992 397282 414245 410125 406501 408138 416107 405929 404828 397542 400968 400047 398806 401147 404992 397939 401043 406441 404919 408254 406974 405126 398904 407944 406399 400130 403414 404707 396790 410618 406635 407624 407159 412396 576535 413926 548649
533381 403872 568951 399032 399811 401178 397656 399148 399110 409583 400691 401726 390611 399657 395652 396557 398922 393883 408828 399785 399282 406435 401089 395103 400962 405222 394526 396803 406363 403576 399196 396804 403357 401037 400113 395697 398141 386246 394999 399474 405186 398313 400693 410385 404800 405311 403529 408974 407570 409658 406635 394629 402782 396828 398717 390812 406225 395524 394300 397564 392386 401377 397554 399621 399838 400217 402347 405972 406273 400701 404493 401647 405353 401509 398014 395888 399473 405464 409182 399840 393190 398664 391585 397912 408307 395029 404516 400443 405450 393558 401719 397043 397131 400418 406310 397607 407921 405422 407744 395224 403082 398887 389763 395107 396909 398204 399609 401724 397909 395488 389709 390162 394923 399928 393998 398928 408393 398723 394138 390965 401691 392910 399421 399616 393278 400721 399565 395271 396177 394876 393142 397176 395157 395157 396157 401289 397873 392219 389746 396438 407052 393044 397744 402909 393277 386601 395080 393120 393064 400274 398983 402320 395508 395436 397156 403080 401670 397827 392916 397376 404437 415083 407138 394583 391578 394797 400437 398504 405427 400626 399474 396529 404484 397119 395805 394222 398248 397543 389303 406943 393265 397279 394210 391815 402381 404571 394989 389937 402997 391621 394210 392398 409020 394787 394717 402474 392654 393101 408535 389149 407360 404139 402057 396864 395592 405451 403224 404645 404183 404806 406121 403212 401224 396713 404514 402482 409759 399398 397128 400341 405049 399797 406462 403024 404601 398523 403867 407871 405357 399761 403379 398071 400612 402529 399668 410546 409197 406498 408702 403819 406000 402994 410276 410024 401744 410004 402558 412839 410470 408010 412122 408530 403732 413275 414321 402324 411653 406098 408130 414560 405787 400049 412155 412116 395362 413180 412750 402959 407253 410847 405278 408420 399144 402595 401762 400082 403368 402460 403061 396726 405635 410280 410158 401462 408728 401887 410556 405541 401405 401347 406589 394011 408259 410240 405552 403031 409380 573134 416952 546241
537805 406806 566456 401470 398621 401185 400085 396551 395644 411074 401551 400270 389057 400383 398794 398439 400819 396502 407212 398060 405027 405770 404650 395905 401211 402870 393287 401062 406643 402235 397393 394004 400481 404668 395663 395135 400284 394372 395833 398037 408162 403311 400971 401833 399933 400355 402564 409246 403205 408711 415556 396327 403208 395158 397808 389936 409368 400150 391685 401021 391859 397925 396313 404461 400858 395751 403609 404024 405568 397733 407727 399082 407008 400448 394887 396525 399858 402384 406252 393057 396990 405166 386281 400865 406694 399355 405504 406038 402805 396435 395536 394472 397479 398218 407370 398642 408696 401731 408317 397561 402256 405200 391000 394175 395522 402447 398536 395561 401115 399839 390066 392321 392604 404348 392475 400169 405871 399161 393838 391015 398121 396361 398695 403134 395326 399405 396067 394084 396353 394493 391228 398205 397746 392381 395666 399986 402281 391055 385461 393237 402629 390184 395921 399887 393215 390846 391090 397506 399338 402741 397769 406608 390229 397936 401902 400839 404192 399425 395708 396586 405027 417280 406706 392171 394659 393394 396862 399665 403055 395268 395392 398839 399506 396974 394691 398222 396725 402723 390761 405434 397957 397490 393662 394782 398612 402367 393962 388397 403326 395847 388444 394080 403934 395858 394653 395524 398998 391228 413047 388660 403289 412146 405783 401609 399376 406845 405825 405253 410546 400619 404338 405802 401905 395798 408045 399258 403638 406760 395799 397678 403994 404835 406028 399326 401778 399966 409089 404945 406523 398141 401441 399836 399753 400377 403281 415451 409186 406390 405547 406006 405132 407118 411598 412072 399796 407296 399863 411916 408173 407061 408482 410494 405322 411114 416799 401277 412993 408539 409742 414721 407158 397220 413680 415183 396198 412065 411536 408264 402892 412771 404179 408619 398019 399245 405930 399094 403968 401895 405615 396122 405983 409761 406375 405443 406587 399359 412261 404475 403232 402344 403356 396249 408064 400842 405402 406093 409292 577659 413922 546464
538187 406385 566868 399999 397853 406194 402698 394438 396030 413546 403006 399639 389395 400673 392211 398067 396645 393078 409860 396407 404674 404864 403436 397497 398284 402861 395239 396731 407530 404747 404045 394319 402043 405574 399209 400396 402558 393312 393950 399130 405228 403681 397115 408570 402991 406199 401362 406794 400132 411776 412934 394726 405105 391985 402388 391491 408697 394567 390557 399719 388516 404862 405267 404165 401741 391715 399175 406885 409680 398389 404178 401125 404074 401860 397323 400101 402441 402121 405187 396453 393553 401675 390439 402059 413950 400459 407125 401233 405098 394906 399721 398950 399145 398366 401860 398087 407938 401916 407130 397945 400154 398760 393212 398692 397264 401628 399873 398125 397827 399208 385294 390212 395131 400962 393572 401895 409915 401127 397153 385965 401854 398757 399093 398285 393847 399548 396029 392979 397509 396575 393940 397267 396554 393785 397342 394889 400283 389301 387020 394829 407197 395330 398850 397646 391148 392060 397877 401082 401083 399497 400073 403495 390666 396926 398796 401261 401702 402473 395067 398723 408354 416014 403880 392036 394297 398251 403597 400335 400220 397377 399290 398490 401640 398870 394649 396202 397344 399856 392288 402341 396883 392354 393872 392967 407389 404964 396821 392620 398283 392871 393987 395690 406477 388869 393652 397772 394081 391484 410327 389977 403238 409814 402256 402518 400878 408624 401673 404333 412013 401882 406522 406267 401910 400777 410185 401567 408101 406583 400134 395195 402788 403905 407848 398428 405363 397477 399493 407448 405932 398038 404894 397145 397814 397618 405110 411571 411037 403731 403273 406774 401863 404257 412121 408629 401993 407300 403425 407384 405529 411590 409223 414104 405622 413118 415759 402164 408018 407960 409734 415523 403816 402890 407722 415994 400438 406955 410074 402854 406143 412637 408114 404885 397490 396125 404584 401432 404100 407497 405299 401055 408657 408814 409795 407801 413175 400284 408444 406088 400081 403831 402610 396606 411061 406987 409305 403822 409666 569695 413271 543495
539406 406193 573267 401056 399538 406038 402560 395574 397615 410594 402826 394818 387777 403383 398804 395719 394506 394438 409159 404331 401881 411822 404770 400206 393139 407539 394908 395157 404355 402221 401205 398174 403176 404559 395994 398382 399221 392190 397789 400914 403986 399289 399966 410045 400808 403747 403127 408029 400604 409957 410251 395644 404130 397023 401434 387437 408910 396343 390687 402957 390681 396114 400577 402602 399551 393166 399393 403591 406888 394501 405515 396161 404011 402579 396581 396990 401944 403656 411141 395344 393465 402286 390470 403069 409892 398308 411360 401584 402410 398053 403540 398698 400146 396779 400070 400839 405952 401033 408014 399025 403661 402387 390218 396290 399162 402591 398575 394889 400262 399861 388355 393583 399845 403044 391268 403286 405695 398214 390207 392998 399511 397181 397784 401026 396186 403213 399620 399392 398096 393902 393141 399157 400954 397487 399516 397732 400816 391766 391118 392557 408096 394177 398684 396663 394866 390923 396483 395059 402918 403067 397850 402628 389047 398153 398776 402580 403508 401346 393272 399738 407222 415810 405359 391489 393445 398904 402216 400375 402429 395188 394488 397849 399179 400428 392115 397883 399817 394975 391114 398866 398781 399051 390328 393465 407986 404433 397210 389322 398375 388307 394953 390517 403431 393857 396264 399721 395698 393700 407016 388503 398476 405159 408900 397681 403133 406814 402766 403709 410500 402767 407582 401349 401227 397649 409350 403057 407197 404601 400566 396343 405834 402995 408369 403285 404033 394092 405471 405910 408239 397838 407276 401554 400791 396990 399061 411175 411127 400544 404718 409393 405446 403798 410955 407673 399723 409503 399400 412247 411877 406469 413915 408105 405296 413300 416822 398502 405026 404911 407817 413616 402389 398923 407116 410067 400204 411722 408623 398567 407616 414504 401611 405692 398152 400462 401464 403906 397657 404442 402264 403532 409381 411358 407602 405808 404821 402080 412788 407819 397744 401269 404079 401626 409632 407507 407251 406340 409660 581880 413250 545728
534101 407680 566928 402161 400900 402599 396458 397335 397101 411490 398596 397836 390536 395590 392155 397107 400967 398382 408746 400044 401985 406859 402159 397929 397587 402164 390119 396148 406121 402635 398064 393546 402177 408373 395734 398593 404515 392243 397506 399000 408289 401016 398895 407367 403395 402366 399901 404570 399849 406150 408312 393251 404733 394344 399145 392308 407845 398483 389543 401431 390709 399293 402263 401208 399799 393415 400553 409017 406306 397627 404882 397924 402253 401690 398139 395976 401084 401781 406101 395498 394112 402947 392447 402770 405223 397450 405682 407842 406819 396889 402158 396780 399636 404867 404865 400831 408052 398587 412381 399199 408526 401418 392946 397823 394908 400882 400703 402469 401121 398623 391391 393066 394045 404321 396593 396971 405965 398598 392733 392003 402019 400035 395519 402393 395647 403007 396841 395052 401164 390628 391283 394483 398213 395527 396335 401169 400429 392981 390547 393484 408003 391808 399450 396853 396117 391430 400600 399652 398844 400932 401148 401242 393553 392041 396082 402718 402449 401684 392090 398271 411698 416627 402997 392350 392218 394001 398885 403085 403751 401918 401087 399965 401902 398254 391578 397974 398694 398345 388872 402416 398008 394347 394481 393959 403948 403277 392856 393641 398243 390047 394070 393409 404355 391107 395925 398271 396759 389267 410193 392966 403762 406612 403927 397013 398170 405905 401256 406278 409265 401224 407243 404441 401397 396498 408559 398539 405849 405290 404261 396716 397538 406877 405513 405703 404221 396845 402825 404332 406924 399852 403290 398453 398767 400648 398394 410424 411768 401686 403912 406467 407183 407403 411684 406192 400479 410480 401281 412098 412250 405753 409642 411291 400680 416659 415673 398878 410195 404763 408805 412760 403134 399329 408792 412740 402814 407508 412437 405303 406116 413349 401878 410091 398452 396041 400343 400600 402431 404955 404444 403092 408546 407110 408806 406658 408698 400753 414159 402147 406828 399570 404798 398931 407169 408048 407206 404563 408506 574179 413088 547814
538103 409123 568437 403355 398856 403546 398988 397513 399407 411533 397640 399722 383477 401190 398058 397381 397802 394705 412237 394826 404224 407306 406888 396856 393220 399576 393701 400536 406407 401649 397867 397773 397702 405919 400330 394483 402110 390924 394103 400468 404773 399279 401834 408534 403061 403558 400987 405754 403626 410702 408533 396522 404006 392071 400553 392344 404586 395427 392148 397921 390905 400938 403732 404583 403202 393331 404001 402715 408736 393046 403771 399739 400327 405186 396552 399027 403584 402469 408814 394221 394727 399465 391357 401743 408810 395677 404000 406264 406028 396586 397693 395473 399611 402131 407280 398368 407175 397886 408105 400966 403541 404701 391070 395762 392775 398634 397964 397618 398502 397846 390822 389442 396936 398957 392017 399187 403901 397907 392999 389991 397425 396804 395301 399241 400204 402746 401206 396998 395740 396184 392624 402189 397715 397586 397049 403282 401732 392212 389793 394755 408380 394113 398130 397332 397372 396349 396174 396208 398945 404533 399886 403420 395235 393748 402249 397463 401992 402507 392991 395211 403598 415162 403423 392381 393735 395016 401307 403064 405698 394006 397341 399185 399583 398769 391894 397230 397634 401007 389940 400205 394471 392904 394247 394742 405694 404181 393123 393531 396922 394619 394559 391024 402546 395235 393485 401479 394508 393041 407358 389062 400372 406066 402566 404096 400851 405510 396960 402857 409181 400605 408157 405269 402657 396268 404645 404560 406495 402575 395104 397494 401727 400650 404934 400335 404183 401102 402260 403894 407776 398272 403355 399547 395367 397929 402270 412766 410814 405036 407285 406704 409390 411844 407541 408908 402276 409703 398888 411746 406144 409588 411410 408442 403727 408727 418638 403582 411789 407492 408301 417872 404930 400995 411141 415766 396915 407904 414313 404898 407866 416114 405966 409712 400492 401611 402556 406487 406849 402473 401763 401810 405017 410059 414078 404802 413795 400486 412142 405652 397767 405755 403055 397277 406593 408258 409634 402936 411307 574835 414670 546072
540413 403852 567520 401311 400864 407430 398745 396100 399640 408162 399748 400000 389483 403990 397538 395228 397328 397255 411616 396982 403996 405984 402712 397956 396384 401634 395993 397334 409916 398853 400346 395442 401222 404714 397482 399141 402434 391966 395623 403403 407230 403721 399477 409951 401082 398496 397238 408149 402048 406852 410471 394165 408940 391663 396698 389092 408701 394305 393728 399282 388649 399645 399875 404132 401420 394688 404638 405938 407023 398201 401448 400961 401576 397984 396177 399388 400150 404123 407042 392956 390831 398743 387405 403114 410888 397299 406296 400952 405614 393637 395877 399608 398190 401568 403328 402394 409446 399842 407792 397688 402311 403929 390327 394431 398239 403015 401306 396701 395838 399582 391286 394850 395265 403954 394585 400842 408742 399682 396323 387859 403325 398898 399893 401413 401587 402597 400027 396081 401972 396219 391940 399612 399227 400799 396576 402820 401295 390543 387019 392132 410901 396909 401084 396657 398657 389732 400320 399784 398098 404136 398562 401964 394173 397432 401219 405606 404409 399706 394495 399677 405579 420618 403363 389445 394576 395572 401256 402231 405064 398545 401562 399820 404403 400123 398386 396355 396946 400303 391384 403873 401676 399427 396747 395230 402822 404573 395259 391924 404810 396125 390963 396333 404993 391844 393828 399903 398216 390853 405617 389056 404310 409875 399275 398680 399832 404110 402410 402261 408816 401302 408176 405566 406291 399012 409991 403351 406793 401009 400428 396498 403629 407819 408286 397576 404369 403666 403634 404311 409692 397510 405002 400371 394717 397136 403043 411273 406103 404204 408278 408115 404689 404309 410071 404241 401055 412748 403746 410709 403366 410061 407456 411486 405459 410231 413027 402205 410024 409472 410379 412357 404498 398468 411629 411545 398350 408919 416141 404088 409656 418667 402774 406434 403834 403811 402575 398655 401931 405725 403323 401250 409175 408089 409233 409409 409285 403237 410022 402776 400839 405817 404797 398410 404566 406973 408335 405263 407330 572605 411984 542341
536947 402698 566441 397444 398857 401901 401985 398484 395394 410354 401441 397454 390737 398925 395101 398202 392937 392883 410293 397828 404219 407487 404516 397130 395682 400206 396668 398947 407878 402580 400255 396638 400725 406354 397119 394350 402561 390095 393512 402373 405819 402578 398333 403313 403344 405389 401080 411278 402103 410348 413337 395929 402179 396023 396039 390080 406829 391904 392656 401771 387999 396840 400999 401963 401889 394599 405002 408702 403064 395869 407763 397260 404174 401541 396811 397390 398876 400098 406532 389867 395548 396298 390930 404252 409671 396865 408646 407046 404262 400320 400587 396369 401349 399687 405110 394722 407829 400538 405177 404255 402384 403796 389551 395495 395094 402157 400557 401451 398915 396004 391257 390508 397187 403091 394986 397897 407570 397393 389703 391788 393867 395886 399043 395828 397553 402698 398194 391571 397705 396901 391985 395938 399386 399341 399867 396615 402684 393167 388450 393192 407059 395150 400883 396366 400767 391429 399394 397766 397743 397584 400348 402228 392943 395413 391920 402328 404664 400900 394068 399599 409178 416780 403729 394912 393420 395900 398207 400283 400826 397728 399553 396172 400260 399144 396179 395328 397449 399507 386875 400609 402126 396912 392566 393486 399916 403356 394961 391493 401187 389638 394187 387296 401777 394885 399754 400499 392882 391000 405800 388611 402609 403099 405705 398330 399891 404212 398346 398946 410671 406335 407912 405202 404027 398962 404789 398703 406501 402887 396240 394999 404089 406867 411745 401012 404623 393738 406772 403352 405620 395458 409183 398402 396041 400578 402776 412686 410176 406477 403739 407937 403758 407099 410016 407530 400706 409151 402475 412044 410517 404545 409517 409422 406535 410877 418475 400911 411412 409357 402433 414708 403342 401031 407298 414252 398399 410091 411153 405709 408530 415660 408334 411098 395995 403208 403555 401499 401446 411774 403636 404707 409201 411333 408436 406596 409508 400456 408360 407112 399944 399587 407830 401680 406459 407635 411222 407773 410481 572228 414328 541700
534875 405389 565022 398098 401331 402103 399824 399811 395275 411315 397541 396350 384532 399145 398116 395101 397067 394254 412617 402094 398535 412220 402918 399343 398347 399726 395722 395294 406396 401397 395377 395284 400041 407256 394494 398440 401140 389843 395620 396953 399762 401587 403464 406865 400129 397770 406778 404503 402571 408786 409250 397371 406400 393428 399513 389889 406869 393410 390787 398610 389104 402147 398173 401000 400486 393283 399212 409690 407808 397700 403971 396606 401890 400809 396756 397890 402461 401893 408228 392395 395956 402605 391994 401746 411467 401329 405893 401422 404991 402202 401086 397436 400605 397995 405770 399717 406787 400716 407110 398874 408487 399493 389771 396141 395798 401080 398785 398293 399369 396265 391032 394037 391158 402568 393340 399469 405499 397206 396255 392918 398779 398419 401177 399562 396713 404279 399106 397152 393773 393908 390585 399704 398171 396577 397081 400741 400618 387429 390160 392899 411499 395416 397209 400025 399002 388452 399765 399589 403209 402962 403416 402223 392373 393260 397409 400280 403296 401673 393060 402627 407764 422724 402502 394850 395687 390060 397876 405456 402372 398413 399904 398313 401162 396731 394564 398371 397209 396282 389470 406135 400643 395204 395939 393136 399497 404660 395440 394296 397977 391707 394385 393574 404045 391613 397209 400219 392616 393822 407744 385856 401478 405075 399406 395114 401849 401971 402212 405125 405839 400963 406463 400939 400264 397035 409003 403899 405200 404368 402494 394120 405260 406015 407512 401229 407766 398346 405428 404225 402829 396403 404039 396341 396580 399521 402553 414533 406848 407364 410943 403886 408085 405453 407478 406027 403159 407822 400284 409095 411114 404222 409749 409219 404601 410927 415031 399440 410233 403136 405596 413873 405332 403839 408628 415018 398263 410045 414379 405980 407131 413747 409509 406307 399800 403706 404981 403552 402718 403530 408782 407491 406909 406571 409069 409783 409981 400496 410549 404259 401102 398921 404782 397302 406922 410237 408717 406140 409830 567293 417794 545724
536062 407772 562211 401605 401587 400971 402614 394823 395569 405243 402468 400030 388116 399874 395678 398291 397696 391867 406135 396579 402222 405023 401941 398992 399324 401835 392322 394527 407349 404536 398318 389062 402029 404872 394861 392617 401622 391485 395757 399465 403776 398699 402612 407491 402142 404549 396800 413936 402727 408612 411551 395809 402363 395927 401957 389435 406969 396321 390986 402086 392790 399377 399081 400131 400649 390577 400473 404677 402852 398789 406342 400981 402858 398618 398898 395830 402427 398980 400807 395654 393744 399403 391890 401536 410642 398820 402268 402840 404437 400431 400142 394858 396906 401253 402276 394114 411453 399029 410312 398211 402537 400058 394386 397689 395766 400279 394632 401984 398853 394657 391829 396505 392956 401591 395322 396248 408074 400020 392588 386652 401223 397217 398046 400522 399453 403495 401616 398440 397527 390745 391798 399567 403373 387789 394469 404177 400311 392403 391850 395810 408050 391776 396133 397627 399294 389917 398659 401723 399086 401970 398761 404861 393301 399230 401637 401422 402216 404527 395350 397820 407545 418918 406568 397880 393694 396991 397914 402124 403366 397812 399606 399512 402349 396618 397615 395110 397383 394493 388687 400500 395998 393824 395748 392601 404103 403516 394512 391820 400591 391634 391929 396275 404792 388948 395973 400469 392863 394003 404511 388526 402404 404627 402246 399308 396528 401984 400975 405190 406598 404334 412033 403948 400573 398929 408900 396785 408300 406805 398405 392377 404980 404430 402097 396136 408489 401702 408043 402071 401653 402141 401857 397763 398123 397831 399170 412009 409297 402890 399536 406012 407289 405303 412135 409968 396697 406812 404141 412589 407134 407028 411438 414595 403728 410420 414486 399353 408715 410364 408741 414374 402382 402099 410403 413414 397328 413805 411464 405167 408280 414496 407048 409212 401369 403759 406762 404781 405657 405552 407074 402525 408587 408349 409559 402407 410341 403384 411339 407421 402094 400848 410168 397604 411164 411075 407036 406148 406667 575977 414695 547947
539815 402834 571029 399867 400102 402966 394726 400786 392754 413149 400501 396911 382301 398006 399004 397468 392599 397105 411165 400093 400738 404513 399070 401213 396895 401553 392006 398319 403947 405437 394734 395182 401537 400149 396035 392945 400575 388980 393334 401755 406818 400361 401418 407427 404531 403029 403934 406882 400409 409327 411805 397025 406383 392983 402521 393122 405238 395483 390005 399627 388790 399574 398446 398290 399041 393909 400304 409285 403251 399027 408804 395986 400763 401023 393507 401854 398243 402832 403363 387097 392623 399413 390955 403066 408851 397896 410576 400973 403676 398024 401895 395577 402007 401309 412278 395995 405614 400095 407732 394877 406037 400278 392701 392696 397324 406386 400380 398269 396249 394925 391394 392166 396170 400174 394437 398638 407548 402013 395056 390962 400983 392877 399390 398650 396215 402565 405970 394521 394298 392604 395001 400599 399245 397167 399903 402356 406692 393858 390325 392971 412099 391592 400875 399320 399178 390915 393907 397872 400601 403392 400995 406265 391777 396302 399490 406948 404911 404172 391178 399660 407304 417243 405846 392329 395686 392190 398219 398499 402005 400525 396550 398818 403822 397074 394953 396903 394091 397071 392763 399508 400512 396081 393224 389717 399557 402057 391629 391660 402251 392243 396068 389175 406705 392940 391970 397638 394107 393889 400707 393140 404171 408752 403771 393757 398016 401005 402116 401743 409824 402321 405606 400444 404700 398562 410214 404296 403739 399633 397365 389530 402450 402861 406405 397905 406249 398585 408085 403368 402008 400434 403584 397614 398454 401351 400839 408685 409855 403717 407173 406963 404922 406488 410700 413230 401217 408450 396393 410079 406078 408554 409411 412218 404582 413402 415965 401630 413059 407468 404018 416362 395295 401492 412277 409757 401307 410630 409982 406775 406279 416397 403160 411407 401653 404329 406387 403016 405984 407004 408242 400296 411858 408124 406991 408941 406406 402535 408774 407258 401373 398007 400089 399450 410230 410392 405737 407171 408987 572503 412428 547710
535109 408756 567885 398172 402952 403785 398877 398458 395710 409557 399384 398994 388922 403156 393870 393925 404009 393184 409208 398433 397550 408853 402324 392007 399503 397450 395306 398186 406678 404685 396832 397463 402120 401458 393457 396801 401022 395771 396969 399877 399185 401750 402532 405685 401826 402325 402007 410559 407779 409896 410104 398369 406848 395515 398473 389151 408914 393845 391740 399903 388818 400860 402807 401276 401255 395824 404568 406705 401887 400587 404539 401177 401320 402729 401767 399066 400457 400739 402103 396920 396131 403667 391664 400434 409672 396609 405662 405977 403381 398162 399330 393664 400406 403607 402949 398519 407340 401528 410234 397342 405051 399148 391883 395475 396226 401219 402324 398737 392070 403010 387771 399647 396427 403444 398459 399724 409769 397850 392230 388608 402431 397799 399413 398780 396805 401268 407270 393727 396722 394649 392435 398333 398907 394890 397849 398463 402355 390730 391747 399618 408525 393523 402650 399256 395285 395610 398529 400170 396771 404180 401406 406148 392640 399643 401830 401615 403306 407342 394132 401322 407167 420644 406820 393170 395007 398725 401861 404212 403296 398001 401452 399072 400743 399242 397211 397129 395296 398039 390860 401085 399172 394786 390705 391896 399575 404695 396359 391751 403433 392289 394229 392346 398781 388665 391052 399962 396838 393166 403613 390491 400252 405228 403706 401166 399823 406510 403820 401903 406421 403911 406586 401643 404364 399654 406715 403260 406251 401151 398787 394059 404498 407682 404153 403820 407635 401072 406128 408017 408309 397195 405017 399848 395599 397802 402050 416611 407787 409286 405179 406403 403202 405834 407499 408011 401514 406912 400317 415350 406555 412607 409378 412739 407083 412424 414501 398317 410733 408568 408378 417301 404178 403016 412219 411251 396771 409696 414054 405738 405184 419313 411596 408564 398569 403536 405703 403429 400953 401805 401801 401749 412700 415738 411077 409714 412479 402982 406549 410701 400924 402135 406109 400239 412292 407828 407839 408453 408139 577042 414491 547741
537520 406408 563836 399029 397019 399627 400417 398277 393810 413331 397891 398448 386893 399217 399443 394912 399635 395741 409060 397344 403394 407942 401746 397671 397606 403210 395820 394288 406798 401215 399817 392532 401112 401283 397727 397405 397292 391723 395143 403214 404871 399610 402217 409399 405957 400503 405902 412207 400979 408629 414203 396758 405923 396699 399281 388932 406528 396018 394321 398300 389020 403199 402289 405165 406723 395107 397799 400676 404959 400400 403226 403450 406002 402838 397122 401385 404119 403844 406374 394748 390894 396776 393657 406898 410580 394758 404115 401083 408118 400988 399511 396360 400941 401302 405408 398030 407659 399341 407828 400991 402951 401680 392342 395055 396863 404616 399333 399057 400654 393270 391232 392906 398364 401301 395096 401742 408499 397045 389943 386241 402271 399022 399443 399969 393352 399631 404052 394506 397711 393255 392137 397632 400878 397267 395542 399901 402150 393286 391671 397885 411721 396095 403369 396915 398161 392711 398843 398666 400550 404470 401372 401404 392973 395965 398674 401074 404819 404523 398009 402165 405954 417832 403131 392261 394931 397931 403491 399871 404206 396772 399673 401308 406397 400869 398740 400199 399835 395390 387566 404814 397113 397662 392537 392395 405068 407397 392326 389830 401024 392476 392569 395748 409593 395244 392286 398365 397644 393414 408380 385884 403144 404107 402156 402223 400524 409142 397345 403308 406319 399132 407969 403181 407416 400534 406714 400468 408775 403687 397429 392745 405401 405718 404005 405414 409010 396371 404211 409206 411468 394203 407773 400819 397576 396080 404902 415667 409312 404461 408999 405404 403309 404688 409047 409931 398301 411554 399748 415075 410251 411384 407638 404052 405740 411898 416850 402400 413997 408600 408571 419702 406479 405245 410914 411703 401438 409682 410920 402081 407848 410234 407209 405890 403564 401806 404210 403743 402729 404584 408177 402153 412119 410830 411178 408662 408342 404496 411361 406699 401629 406353 407350 399940 408032 410139 411807 406018 411483 577638 413933 547934
536832 405027 567812 402542 398579 402523 400105 395846 397033 409498 397994 397294 388247 396640 395673 397303 397295 392639 408325 398705 401128 406758 402698 403857 396844 405132 395635 397163 403454 400730 396658 390894 402098 408479 395705 393999 401487 391058 395773 396927 404123 403229 401106 410295 404976 402386 401800 406976 404426 410512 410866 393757 405904 400780 398232 393094 406459 397441 389343 398847 388390 402093 401867 402320 399996 393254 409072 409837 402413 398813 406446 400699 404312 403862 400743 396790 404253 404050 407154 397475 393039 402099 393028 405288 409876 397106 404569 402181 404272 401787 396589 396620 400058 401755 404906 397555 407757 401169 406319 397109 401403 400294 390545 398047 398069 402817 395964 396895 399916 394790 388064 393518 401589 398779 390500 400330 406878 399343 392871 390548 402184 397188 395329 401817 394601 405234 401715 394788 397821 395791 394633 398144 397182 395933 392133 405523 403738 389684 395289 393470 406535 391872 402172 399835 398472 389067 399171 399295 401509 403179 402457 403818 391394 400239 400345 405876 405475 404093 396290 400519 405781 418334 405768 396465 398443 397241 401926 400310 406610 399502 402656 400505 404838 399910 395700 396880 400907 398390 391810 404046 403213 392411 388174 394983 398478 403902 397305 394592 400044 394143 392583 393155 406573 391371 395073 396148 398289 395584 408282 387116 404214 404293 404070 396934 399522 406261 399115 404273 407616 401354 405902 402790 402279 395691 409075 399588 409429 396732 400709 395414 406015 407969 405174 399619 409687 397255 406887 407830 406929 402144 404575 399119 396788 398916 401135 411209 409942 400524 410305 405724 405342 403950 412796 408565 402223 403390 400324 411928 410519 409231 410092 409205 404998 414114 415488 395319 413153 411516 406120 415394 403759 403549 411057 415926 400429 411163 414805 403098 404014 415373 404182 404916 395151 407469 403870 404969 402976 404899 406994 400950 409471 412212 411212 410110 408056 403220 412139 407302 402576 401643 409135 400132 409128 408661 409551 411229 410184 576153 413517 546464
533163 401003 566025 402598 401177 403077 397151 395782 391120 408145 397147 396268 383007 400813 396364 398343 395263 392257 409175 398879 397313 402645 402611 399143 392193 399606 397422 395976 402472 402881 396222 391804 400358 405541 401266 393908 403735 394397 392012 399097 402933 399579 399337 406139 402683 402106 400036 407360 397906 407777 413028 397499 406983 391225 398673 393994 406178 392211 393018 399635 390243 401271 400461 403903 404099 396372 402315 403622 405695 396392 403326 400027 406689 401305 397188 395649 398636 403827 406319 390254 395790 400070 387538 403160 409915 394288 407031 403850 407208 397961 403062 398167 400013 401229 405942 398008 407928 405137 408868 401178 401837 398940 390767 396833 394918 401239 395850 399523 396991 401414 387828 392546 393740 405478 394864 399214 405095 396597 394056 387441 398745 400010 400861 402179 400960 400270 402054 396235 396565 395828 392234 398473 398948 395324 398931 400046 404780 389236 393370 393623 410646 391366 402668 397605 396876 395744 400766 399498 399279 403331 404327 406290 392670 400529 403211 403529 404438 403426 394144 400634 408571 416676 403390 394418 393848 393636 398398 400655 405587 398913 398131 402362 402672 399888 395584 394444 398864 396396 392833 402780 399194 394881 394124 391713 401928 405513 394009 393524 400317 390428 392698 389479 404527 393326 395399 401234 395390 393676 406868 391285 402728 403896 400715 399227 395602 402168 397649 402264 408982 398432 406493 401385 401416 399987 414819 404192 406262 399593 398955 394275 404572 402311 407796 396960 402114 399798 403361 405658 409049 399849 405044 403154 395532 404717 403566 411847 408528 402725 399781 407599 408070 403937 408086 409546 400841 404736 397039 412393 408234 407515 412495 410574 406856 409643 414859 396814 409065 409200 408210 412666 404799 397551 411380 408524 399833 408958 413491 404642 409162 416293 409082 405528 398666 402038 405795 404121 403084 405529 404650 399234 406223 412330 412466 405300 410741 403354 412830 407180 399380 399811 406093 398917 409586 410609 407735 408054 408711 576346 413659 547883
540010 402718 567925 397080 400441 402261 397941 400303 398113 405232 400267 398516 384517 398805 395240 399023 393106 395372 410764 399039 402093 410118 400652 397627 395422 400448 396886 394641 403402 405364 400546 389104 404831 404127 394487 397965 398688 390501 389920 397504 403292 402710 395526 407298 399605 397812 398416 406200 399045 408353 408595 395401 404701 394019 394688 390476 407210 393630 391723 399674 395320 394741 398474 402047 398248 393865 401288 401605 402121 395247 400934 406802 399379 401398 392203 397191 398478 399323 404810 395473 392156 398985 385516 402420 411537 398056 407519 401610 404960 398811 401503 394707 396079 401958 406591 396842 409099 403851 406030 393729 401602 397008 391902 389797 395995 402433 398537 396677 401818 395986 387563 393878 394455 405275 392893 400824 409088 399859 393906 389534 397562 394688 396321 399596 399345 403043 404375 399122 398364 396708 392773 397698 400351 394360 393978 402713 402801 388270 388475 394476 411186 393729 401211 400083 394776 394553 395964 400648 402452 401411 401358 404160 391645 398562 400960 406006 405085 404095 395612 394451 409053 420000 408806 392923 396071 396552 398329 404701 403488 399355 400138 398364 402590 399396 397646 391436 399065 398762 389539 403569 397507 395282 389354 395538 398630 406853 391489 391393 401166 389697 393488 392824 406708 391410 393260 396418 396502 393832 407426 389341 401167 407599 400081 398513 399394 402639 398448 403633 405424 396908 403254 399916 399664 398808 406184 399013 408147 401943 395356 393691 398717 403232 406937 403164 406604 395236 406674 410310 407735 398700 400631 399241 397409 399107 401984 412081 407209 403088 405122 405496 402546 407423 406144 406446 398397 404736 400413 412465 407178 407894 409036 407573 401891 412398 414374 403615 409174 409395 402049 414048 405003 400355 408002 409069 401662 412985 409809 406013 407224 414395 407030 405784 400221 400234 407065 400150 405455 406104 407026 403906 408058 407362 410501 404669 409956 399486 413222 406034 407223 404979 405860 400384 412712 410137 407415 405636 410722 576567 416735 547846
535997 407530 571518 399038 398859 398583 399686 398786 398051 407335 397755 399213 388727 401375 396596 394201 397352 388780 410558 396680 403021 402608 403671 395939 396191 404166 395216 397281 406104 403538 397854 390905 402970 399427 395798 396576 399245 391958 392212 399635 404597 400748 402524 405237 402701 401115 398764 407303 402785 404711 407288 393269 407289 393072 400384 390815 403405 395405 391482 395617 392607 398397 400912 393663 396850 394526 398964 409262 406599 394019 404475 396529 406729 398295 395727 397269 402552 406864 408081 394202 391925 400401 389875 400187 408687 400762 401514 401777 400242 394047 398615 391994 398825 399875 406129 393265 405875 403098 402972 398427 399338 404245 393792 391141 398237 402795 398916 398581 398365 395860 389575 390418 398012 403328 394749 400135 402696 402606 394698 393389 400158 395217 399803 398220 394710 403006 399646 397905 398244 397815 395626 397444 401911 400429 399168 399396 405891 391886 394985 396942 410091 395164 402415 398735 397060 389367 395755 399121 397586 405069 402722 406062 394007 397593 400959 404010 406272 403387 395185 400274 409804 417979 406632 395874 393360 396278 400557 402680 402905 400946 395511 402431 403718 401666 394226 396862 400607 398884 390108 406704 400910 396507 396103 392771 399289 402951 395676 394627 399710 393019 394731 394158 406433 389058 396365 394409 397760 391773 405308 391530 400055 406059 402303 397016 402480 407627 405282 402649 404648 400179 403384 401727 401103 397539 410101 399568 404400 401127 399129 394152 402946 401603 400916 397204 404659 399972 405911 407247 403702 395565 408324 398644 400892 395829 400066 408555 409456 402281 407144 405278 404798 403645 403858 409448 401454 405636 400236 409712 408872 408112 413176 407719 404825 415709 422263 402702 411388 408441 409160 419815 402176 399551 410571 414287 400851 409632 411287 408246 403234 416274 406271 406057 399948 406676 409056 400676 402512 409614 411791 402101 408198 410959 410292 407725 409705 398921 412098 411202 399744 406268 406741 402569 408804 409208 408682 408466 414622 576020 415456 548631
536743 405890 567288 394613 394885 407177 401966 398879 395488 409463 394839 400075 388511 397993 398482 395921 395019 390574 412260 398695 401278 406218 406150 398299 397269 399739 392986 397428 407435 398962 397016 394750 403174 401572 394989 396562 399177 395010 387035 397964 404161 400158 398142 405923 404951 394649 402882 406763 400783 406512 412154 396348 401152 392097 399796 391133 408371 397071 392464 397858 387586 397932 396768 401078 399676 394237 400439 405317 405692 396506 406194 399589 404051 400831 400288 398033 397458 404458 405162 394653 394447 397038 387982 402090 406822 396574 405889 398058 407581 396841 398421 397528 398624 401201 403895 400693 408107 399058 408042 395112 405788 400627 388857 396275 397737 403837 399762 401485 397099 393576 385734 390636 397412 399433 396381 397340 409467 397638 395711 389719 400841 399319 399804 402062 395322 402741 403166 398827 398285 396051 392025 398652 396903 400844 396311 402436 400614 390231 391400 393216 408089 393406 402165 402217 400702 393334 395716 399312 403535 404488 400414 403818 390716 398537 398092 406507 399577 405938 398465 401894 410379 419211 406564 396257 395630 396584 405308 405445 401704 399168 397481 397211 404245 397293 397683 400563 400194 399196 391350 405154 402580 394673 395419 390898 399964 401292 392294 392475 398164 392610 394480 393617 405492 390625 396729 397221 395236 392085 407878 389492 399060 402514 402367 396925 401323 406652 396287 400285 405533 401676 405438 399336 398212 397635 403099 395889 405255 401446 392457 394611 403044 402249 406101 398279 400022 399140 403223 401687 406163 402761 405439 400725 400236 398303 402584 414057 412803 401226 409011 404237 403868 405896 407675 409755 395617 405017 397958 407052 408578 405582 406879 407461 403659 412033 416924 400955 409226 406344 406932 413459 403097 402563 408122 411335 400746 412359 411809 403930 407399 415616 405964 404958 398785 400116 402043 402482 403029 405247 403988 403099 409693 412621 408287 410655 409956 403630 410385 411626 402970 400988 404210 400997 413921 405969 407556 407214 411645 577356 414718 545716
535943 402283 565908 396903 399170 403744 402868 396737 398329 405285 394018 397550 388210 397094 394717 395508 397516 393133 407557 400412 401587 406922 401863 396560 398402 397010 394341 397897 404488 398237 396242 392641 406926 400007 396058 394854 400853 389393 393684 396013 405106 398154 399078 404098 404574 402253 397290 406271 402431 402390 409269 391687 405640 396264 400893 394147 409055 393485 389551 396235 390996 403423 400841 402790 400467 398116 398747 403882 402001 396750 406589 396735 403387 401449 393355 396071 400364 401144 404726 395905 394661 401151 389538 402660 411141 396213 406709 400791 402974 395688 400887 399116 398170 400858 408117 394765 408770 399833 406510 394181 399550 397988 392759 395167 397253 402087 396978 397420 398865 396174 386300 393951 394615 401499 396035 396279 410268 393866 399120 386257 398558 396361 397743 399220 395272 401482 402815 394484 395327 396515 391210 398372 402929 397837 396750 390456 402949 387802 392424 397435 407649 395225 404484 393336 395138 395568 397420 400653 396238 403550 402202 404013 394692 397449 398935 404321 403526 404646 399195 402748 406679 416924 401927 395724 400090 396127 405531 400940 406740 399412 398950 403863 406600 401814 397414 397163 400795 400458 386436 404900 402117 396293 396512 395043 402748 404258 394135 393788 399003 396078 396845 396193 400379 390134 392592 399602 396194 391569 406333 392590 402567 402815 399962 397174 399924 406740 403159 407545 404528 401500 407357 402353 401348 399484 405430 402294 406869 398415 396171 393622 400536 403209 404402 399059 404452 397936 406467 404116 410584 397502 403440 398911 400104 395181 403616 414510 409447 402677 407054 402346 404416 404368 405033 403819 398798 404718 399226 411549 408507 410861 405428 408842 403185 409743 415733 402659 412594 407327 407293 409221 403741 403428 412769 410845 400745 410866 410362 407800 408553 413221 405523 406344 399706 400325 405281 399988 402110 407362 409050 403653 408503 408965 413876 408472 409543 402479 410931 409718 400559 404185 401515 400961 409539 409513 412526 404511 414736 573696 412351 547833
536416 407248 568130 401160 399290 401398 398755 400373 395776 409102 395755 399319 390356 397916 394883 394888 395664 392867 409158 399253 399406 405099 404861 397853 393884 404155 391074 393360 400915 404942 388684 392935 398620 403518 399732 395567 397291 388580 394550 402207 404656 401452 401035 406930 400997 396521 398186 405900 397785 405745 409622 393066 405174 394953 398118 390647 403010 394616 386932 397193 388033 399865 398583 397656 398923 391018 398844 406049 408002 394556 405767 398710 404893 399883 395218 394240 403012 399757 409434 398918 395465 399196 391994 402184 408815 395383 407390 402198 398128 392432 398612 393916 397919 401655 404479 401165 402658 401099 409173 393663 399817 398115 389300 394979 396567 400498 394911 399538 400155 399447 389018 391534 397068 399841 396275 400929 411298 396028 391676 391929 401348 398438 393483 396941 400417 399889 400542 393504 393454 394296 392738 397366 401123 394326 401967 399141 409345 396260 390895 398375 410071 396111 404706 402281 397482 393728 401314 401886 401781 407701 399268 403705 393821 398045 400275 405999 399567 402050 393815 400813 408347 417792 406671 396012 396112 395415 402786 401763 407394 403722 402824 405499 401681 403156 397961 397095 400783 403675 390679 406360 401615 393779 393135 394569 401862 405240 395739 393822 401346 393290 394066 393147 406131 387304 396391 395605 393712 392249 405547 388729 402671 404382 402362 400458 399674 403204 402016 399719 406275 402956 407365 397396 403125 396608 410152 395610 406616 399409 396822 396379 403176 404893 403880 399105 405502 399811 407930 402989 402672 395545 404229 397153 398315 397629 401171 409244 408415 402104 408537 405510 400692 405291 409154 408291 401247 409080 401915 408057 408012 410424 411180 411147 405489 415490 406744 400986 411245 405515 407559 413827 405686 398283 411272 413488 399125 410128 411600 404337 410142 415612 409782 410860 401952 406580 403819 401128 402203 408034 404258 400559 408828 412235 411662 405562 410417 398737 410770 405965 401835 406606 408999 398177 409269 408651 412275 408377 415977 569672 414899 550067
539437 407559 567470 396885 399446 402045 397599 397734 397211 408985 401616 399128 386875 400233 397412 395925 393954 389991 407801 399305 400089 408763 401370 400679 389644 399580 396592 393214 408044 401416 394439 392674 396715 403061 393131 395742 400422 392922 393851 403747 400005 398207 398493 402659 401381 400899 400520 406411 401111 408071 406832 393162 400859 397697 397072 391355 407546 396970 387843 401350 389871 398655 401251 397799 397432 393382 396365 403066 405834 397375 402494 396025 402597 399521 392002 397587 400763 401556 403929 392842 393917 400151 388209 399139 409431 398725 403549 404066 401548 394488 399081 397842 399504 402466 406294 396803 410806 401818 404654 395085 401447 401150 389470 400019 395175 404033 397259 400690 401871 396164 391514 394472 391522 404787 394649 397622 409462 399224 392369 389251 401273 397440 396298 397962 395978 403485 399739 394509 396077 395809 392502 396654 398611 396992 394898 400734 400975 393832 388987 395179 410476 395172 399808 397264 396226 391197 398515 399608 403251 402686 404241 402290 397068 396464 402837 407343 408006 404156 397561 397892 407357 416806 408241 396620 394128 400018 402908 400660 409161 403555 402410 401085 401181 402604 400339 397907 404001 404188 387649 403662 401815 399383 391683 393940 398531 403368 393848 392867 397948 391444 391244 394884 402188 390602 395362 403221 395002 391783 405613 390579 404598 405142 402048 395563 398568 403140 398272 400613 407485 397081 404672 404272 398474 396541 407512 401039 408429 397573 396160 390190 401509 404929 408331 396403 402438 398562 401867 404319 407095 398552 405465 396769 393358 395874 400356 406495 408255 407670 406364 401475 402197 405077 413762 408457 399014 408185 401108 414645 407988 405374 415998 403812 404350 410063 419428 398161 412108 407396 406752 414178 404261 400985 411883 413908 397574 416245 413050 405789 409933 413334 407914 406465 400984 400297 401610 399354 403741 406422 403256 397211 410947 407129 409304 406629 412078 405409 409887 411186 397842 401369 405426 401456 407482 412163 404567 406750 416173 577578 416019 552064
392065 403460 562419 398473 396735 402502 398073 395528 395144 410051 400565 398098 384911 400359 398483 401580 398423 395253 410692 400095 404061 405462 403253 399735 396268 401761 391567 397059 402176 400814 394797 389376 401217 405163 395907 397706 400608 391691 395553 403049 401843 400025 394909 406354 403852 402042 396351 405841 402265 405294 408800 396696 403118 395920 398946 389557 401389 396260 389462 399729 386399 403021 396561 399244 399885 395059 403272 402380 405629 397032 404544 398869 401621 403354 394015 397535 403511 403154 409325 393951 393472 399339 390001 402698 405756 395617 399505 403084 401373 396387 398566 396564 398828 398543 407606 396110 405861 400994 405726 395349 403866 398443 389898 396380 395875 403262 398213 402273 396245 397022 391143 393757 397575 403794 392837 399925 409560 400207 393930 390142 400500 394762 395404 398407 395023 403264 400679 395995 396527 397245 392336 395277 402282 399201 399111 401283 405446 390448 391950 395487 406273 394065 400464 398179 395367 393263 399139 397561 400987 404888 401512 405592 394873 399751 400701 405508 400469 403811 396432 399852 410193 420825 403658 396545 395936 398460 399145 404345 404091 404206 400784 405712 400890 403619 398125 398186 406185 398180 393827 405328 403276 397362 394005 395441 402343 410274 395748 393282 402307 389465 393324 391546 403635 392031 395460 402349 395322 394096 404820 389450 403000 408270 398591 402425 400125 406175 402782 405545 407040 402128 408589 403688 399661 396823 405294 398109 407161 404173 403792 392934 400548 404372 404035 396625 404714 397863 400632 404011 404183 400679 410146 398365 400496 397010 399195 412526 411415 402819 406141 409556 405058 409088 407983 408336 402806 406036 401917 409669 408587 407301 411524 406149 403962 416054 412043 401713 406745 412273 406623 412036 404277 400472 409196 409472 397932 411559 415574 405434 406022 417898 406958 407580 400993 405249 404124 403108 403455 407038 403778 402974 405673 411291 412748 409837 408726 404548 411195 405033 401949 400765 410333 404388 410106 412296 406818 408166 412457 575326 417839 399597
392306 404570 567252 403054 399468 401827 401894 400111 399603 410821 399624 395378 386944 400244 396946 395684 392753 393760 408724 398830 402757 405451 403736 399538 392661 397435 393502 393010 403262 400342 394072 392641 400486 400034 399288 393747 397855 393322 395168 400111 399616 400412 401774 403291 404641 395686 400570 406915 403576 407434 407323 394456 403960 393661 398119 393242 405380 389831 391785 398944 387571 402942 402386 398580 400834 392542 398902 402871 401606 394689 406152 397910 401223 402391 394062 398234 398430 401219 404707 394231 389022 398249 387833 400218 407095 397023 404509 402968 400183 392908 398858 392183 396731 398376 402092 394588 410544 401325 404680 395684 402020 399667 392533 396428 395799 402287 401154 397254 399520 394988 388454 392304 397193 403176 393214 399192 407334 397282 393310 389990 398516 396121 398241 399445 401350 400086 397784 396687 399621 392031 394040 394793 395866 396809 398816 402741 402953 394576 388365 391876 406090 394069 402000 401985 391975 394903 398889 396964 402144 404616 402697 400626 394108 395529 400092 404694 406876 400449 394439 402167 410071 416015 405641 394746 394708 397222 403128 399578 407005 399731 399925 398038 404922 403031 400514 398617 397067 392565 389287 404337 398023 398304 395968 394112 404397 405084 397885 396925 402552 392465 394276 395754 407006 399439 398199 400384 396243 395183 406352 390444 399580 405323 400688 398785 397658 404470 405609 400996 408336 400165 405190 400700 401276 395168 403238 404633 409806 406559 399788 395369 400846 401914 405363 397628 402066 397205 404725 400459 405753 400960 401146 399432 397508 393350 398145 410204 410216 403602 407357 406210 405418 403581 411883 409293 398663 407108 398813 412468 407096 404884 411679 413134 407177 410889 412546 400858 411646 408354 410249 417087 403844 398156 412487 418501 397965 408312 412036 401960 402781 416420 405846 410584 396911 400573 403765 401417 400798 402735 407050 400582 410725 405670 407003 408599 413551 407632 413760 410017 396926 405698 406940 400163 410939 412050 410841 407005 407291 582377 417481 400966
394233 407131 566828 397518 402091 403592 399865 396471 399926 408347 402185 397399 387753 400422 397477 397738 393167 391763 407630 402305 404027 403549 400726 397900 396853 402128 394059 398438 405202 403831 396151 391640 402692 404204 397582 396547 402776 392816 393014 402346 404053 398837 396218 407364 400274 398744 400238 405070 403225 405004 405932 394731 405594 392574 399811 390380 403795 394399 386951 398949 390287 396733 401613 400030 400212 389441 400904 402850 404940 397147 404083 400872 401180 398783 394495 395762 399692 399574 408038 391561 389986 398278 390190 402537 403489 396656 400867 402912 402831 395572 397705 398373 400325 399683 398381 398304 403927 396096 407706 396533 405048 404301 390847 394827 392873 404051 395059 400022 397909 395843 389779 393489 395558 402285 395677 400260 409606 400883 395003 390939 397675 394738 398872 397854 395927 401457 398907 393281 399527 395720 389715 395890 402142 398858 396180 401148 399363 390844 393768 395375 410945 393071 398530 401125 391782 390258 400809 396992 393930 405344 399334 399534 390631 397121 400660 400708 409430 402788 394905 403966 409678 419873 405799 400596 396122 398940 402233 405086 404111 401360 403903 398790 400425 398303 395575 400792 402993 400483 394100 404230 403460 398618 394309 395068 401376 404543 396396 392156 400357 391669 395766 397307 406914 398921 397605 399298 397827 392276 408330 393205 405176 404396 401736 400721 402093 402318 402394 403568 408609 399337 409053 402853 399720 396949 406690 401349 402356 403888 398536 392021 400615 405990 406867 400404 403429 398481 404627 404700 407912 394661 399815 396342 394992 395941 400972 410251 412249 403786 406294 405383 406581 401274 411256 404597 397491 407206 399391 413643 410215 409500 410629 407527 402863 413223 416376 400796 408389 406104 408039 412860 398987 400588 413459 414397 398598 410813 408173 408749 404016 417970 405361 413143 399152 401689 403004 400239 404972 410747 404870 400401 412183 410177 414719 408296 414545 403109 411021 406489 402131 405637 409483 401580 411580 409857 406741 409481 407850 575906 412176 400846
391638 404789 565528 397014 402379 404878 401284 401895 398153 412287 400267 400755 387080 399096 398182 397668 398843 395627 407756 395084 402468 405891 403220 399202 397753 400901 393569 394983 410828 402880 397686 395944 402296 403216 397756 390834 403152 392348 393670 402189 403005 400604 398955 409218 400999 401928 394918 412025 401218 406484 409610 396424 404700 389754 402988 388386 402577 392564 387547 401986 389401 400182 400620 400682 398271 392113 401826 405789 401658 393333 402797 396173 401994 397285 394754 400686 400488 395995 405768 396452 394844 399218 392176 398735 408868 397910 402617 400063 400354 393604 396602 397059 399338 393865 403278 398653 405830 400406 406997 399008 402641 399556 389250 392224 396197 401825 398472 398513 396824 398444 390292 393819 395598 401573 394597 400494 404962 398022 394029 391763 397637 397251 399898 398218 397235 403691 399822 395513 397404 394863 390907 396039 397570 394585 399375 400016 399853 394188 392549 392292 408251 394917 400976 395914 398303 395012 399919 399018 398617 400661 401272 403109 396370 393287 394435 402026 402574 402693 401628 399904 410700 414847 402470 390887 391427 397240 404848 401784 405558 397137 397700 399709 405056 399559 401140 397904 398252 396785 393759 404624 400714 400454 393070 397725 404109 408227 393252 393517 395768 392102 392308 395559 405610 393352 395531 402725 398512 397497 407363 389232 401565 408622 402574 400639 397548 406058 402414 400759 406709 399906 406823 404079 400574 395774 407498 401681 410372 406025 397321 394141 405532 402370 404500 400241 401290 396454 401786 403129 402653 398569 403519 398095 397983 402400 399159 414303 410498 400861 406853 405060 408342 407687 412982 406289 400777 409059 403080 414014 406552 403756 411374 411744 401756 414901 409144 402919 408271 409003 406477 417060 405501 401642 410484 415830 405532 410141 411979 408343 408810 416526 408875 409343 404492 398531 406816 406412 406153 403528 407195 403630 407509 408873 408567 406364 413127 399449 411472 410951 404570 402162 408211 400013 415884 412236 410855 411209 416505 572282 416810 401216
391592 411316 571241 392333 400520 402575 401954 399521 398608 410641 400498 398891 387850 399349 397593 395363 393342 396637 407959 394891 403403 405960 397891 401193 393443 399758 398096 397124 406388 400396 396204 389003 403256 402283 395204 397867 402047 393375 394595 399433 402888 399711 396400 406414 402960 400801 399915 410500 401292 409737 408160 392617 401905 394156 398839 390519 406095 396565 386830 399079 390532 401514 398957 397997 399754 390395 401418 400513 405139 400801 405576 397544 401350 399107 394500 395440 397675 402381 400995 391942 394517 397262 389091 400769 403844 396400 400552 402080 403089 400347 392933 392548 399684 398689 404765 395112 406778 399857 405413 394172 398711 400665 391745 392734 398274 402060 395163 401725 396193 393492 385687 391754 394989 399021 395289 401940 402715 396262 393159 390018 399311 396217 396048 404157 401933 398426 400719 394544 395880 394940 390896 396512 397140 397081 397249 402686 399913 385527 392137 397661 407221 395348 401770 396752 393721 391104 397127 398525 403608 408078 402931 406138 393814 395139 399135 404203 405080 403031 395511 402689 410162 420017 408460 395773 395793 401097 403477 402267 404562 401116 396454 398410 400503 399114 393620 399370 398174 398314 396683 405667 399338 398846 392640 393453 402767 405192 399281 393410 402946 391344 394424 395530 406766 389948 396489 400641 396776 395976 411068 389941 403088 408180 400580 397698 394137 405375 401066 406565 408418 399518 405499 406186 402722 394703 403316 401813 407009 404660 398966 393322 403226 402172 403209 402421 408373 395106 403292 405336 402406 396744 404045 400094 397557 397589 396925 408143 406291 403727 405146 405717 403779 402670 411244 406666 397003 409721 400006 409653 406278 405895 405513 406655 403328 412485 418112 402695 414389 411705 405567 413898 409299 399932 415742 415135 400548 408557 412820 406049 409333 419614 405259 408674 400021 407002 402597 399310 400691 404110 405928 399576 412134 409809 411922 409294 410768 399948 409570 406396 404143 404527 408870 397577 412859 407667 409635 410095 414458 573453 413981 399731
391687 410580 572529 402713 399512 401707 401103 398453 393981 411665 404176 398309 386664 397093 394689 395229 395538 388298 409232 395943 398181 406126 401858 398759 397702 403390 394043 395461 406937 399850 395880 393029 396719 405269 401941 398005 398404 391084 392602 396086 405207 403537 398833 404529 399229 400105 401480 408965 406646 403934 406922 393229 406511 395374 398732 389052 406179 392622 389385 399028 390106 396610 400165 400852 395773 393371 400788 400984 402848 398096 406662 396982 401922 403185 394962 397182 402577 402310 403061 394446 393815 401034 389399 401135 407313 395929 402630 400431 403054 398313 399415 392963 400162 399378 403594 395364 407102 396439 408427 397289 400399 400608 388457 393053 393419 399461 399236 399676 395724 389704 390298 392686 394828 399938 393415 401006 405762 400572 394772 388832 397895 394068 395451 398762 398149 399351 398502 395003 395662 396655 392023 398952 397185 396917 395972 398079 400346 388956 391931 388918 404256 393064 394847 396503 392731 395891 399345 396589 402616 402044 400832 400277 390948 398859 399526 404338 401512 400897 391668 400915 413071 421251 408700 394730 396658 395916 403665 401375 405653 398548 395143 395849 397690 398350 395383 396896 403525 401433 395090 402549 400204 398608 391002 393219 403232 405809 399908 393819 397915 394217 394305 393875 402427 391891 397600 399666 396386 393085 406512 390229 401148 406593 402883 401476 399773 407691 399754 400648 408829 400332 409613 399775 399726 400130 408499 395886 405545 401908 401280 391470 401975 405514 405022 400704 399756 399771 400286 406165 404935 397185 403196 395021 395929 395664 399693 410410 405198 403661 403581 402259 405381 402835 410040 408727 400507 410434 399498 414252 404877 413152 411987 409907 401205 417276 414345 404027 407734 409343 404769 413107 400770 400896 410385 409796 401665 410244 418281 407285 405231 415336 409013 410377 404548 397041 405628 404976 400912 407216 405564 402837 412103 412319 409627 407009 407551 408024 408904 407980 401057 405616 405180 399676 413405 409903 413171 404508 411316 575119 414397 402254
396611 410164 564417 400210 402420 404252 399484 396197 400358 409748 400494 396250 387531 400372 392154 397769 394368 394525 410354 399540 399239 406316 401637 398628 397273 400740 395332 400325 407182 400987 393398 392481 401969 405118 395340 394571 397994 388753 393973 397637 408320 401153 395767 410303 400232 399281 401581 405542 400677 406769 410536 394716 404462 393728 396461 385515 404658 395596 381942 397314 386887 401671 396095 397530 401247 392462 400864 404011 408180 393592 405204 395317 402101 397089 397897 398447 398971 400054 404301 394752 388790 400752 390981 400571 409045 392050 403030 403824 400064 396078 399047 398161 395966 395422 399917 395443 407990 401537 410523 398599 400452 397534 389983 394161 395891 400562 402986 399443 396495 396730 387687 391813 394757 400675 395190 398791 404150 397601 393681 394208 398387 398932 396476 401821 396975 399222 402846 391519 397031 393742 395511 398151 397640 392900 396332 398050 399544 393114 388991 393599 407308 393765 399792 396508 397485 390142 395071 397381 403456 403072 403980 403831 392391 396090 401776 405258 409350 402696 397597 400051 408521 416953 409035 393755 396755 399155 401928 401647 405187 400053 403986 401782 400111 402710 397269 400037 399932 396467 393925 405893 400412 397809 394762 391720 402544 404305 396583 392339 398535 393025 394453 397547 409253 390241 396375 398394 399809 395457 410012 389490 404042 404546 401514 397307 401941 404058 404566 403019 409239 400021 405951 401865 401074 399096 405516 401085 403544 404286 403240 390053 400352 401973 406086 398442 405239 396140 403601 405715 405474 397369 399569 397200 396769 395708 401027 410704 409226 403565 404032 405294 405951 406280 410889 407654 398566 409359 396050 410298 404556 406778 408212 409416 404163 410472 418426 402203 410580 405047 405560 418444 404711 397506 412730 414064 401343 412767 414031 401095 403667 417350 402294 408002 403989 400972 403215 401061 404363 407682 406692 408469 405278 411204 408266 407761 405248 402490 411795 409663 403260 406500 406843 402304 410158 410267 411790 406109 412016 579053 418808 399900
391898 409773 563915 404580 399711 404653 400681 395810 395149 413866 401335 400796 389218 402412 400746 397102 397942 396257 412486 403086 404742 407875 403568 403453 398203 403628 397407 400552 407033 397967 396613 396785 402643 405290 399810 395854 400419 391855 393938 396792 399229 399919 403707 407270 400288 400413 396696 405462 403195 410445 412303 393786 406105 394196 400794 391249 403015 393739 390352 399349 389165 396805 401961 397345 400050 393555 399791 404646 400187 395261 402513 398991 399811 400743 393905 395691 396526 398864 402875 393450 394079 397470 387698 399023 411069 398500 402870 406074 405593 393116 398741 394000 398972 400819 407836 395978 405948 402194 407876 399676 397405 399982 392393 389416 397461 400546 399382 398308 398954 395104 386634 391746 396627 399748 392291 402728 405785 397557 392460 391202 399714 394962 399440 399617 396841 400761 398309 390134 395322 391420 390335 395780 403078 397971 393379 397124 403705 388530 390047 392666 408092 395031 400912 397619 396560 395731 396009 399412 397869 401759 401663 403243 398051 395182 401227 408633 405008 398093 395659 398897 409697 415792 407639 399292 396027 396854 404868 400573 406166 398378 403810 402419 401608 402210 397324 396482 400898 397574 391118 406966 400375 397824 396469 394630 403043 404479 393936 395633 402506 391124 393990 399623 404856 395541 395065 401432 397501 391905 407353 389019 402424 405036 400075 397309 402859 405965 401676 400892 405964 400921 407590 400486 404942 397054 405152 398950 410217 404663 396904 392497 404867 403666 405693 398214 405035 395788 399877 403140 406143 398800 402376 398552 396064 396451 398229 409383 404609 400764 405515 404687 407408 402148 407664 409854 398046 403042 396117 410378 408026 407019 408577 407043 400611 412904 415116 402789 413735 405217 406524 412057 406351 397199 409656 409119 397398 409207 410316 404006 404347 417104 411666 408486 400454 401800 403303 397473 405714 402956 407142 400533 407949 412689 410805 405034 410192 400229 411107 407234 402067 404422 410031 399189 412540 416571 413334 404195 412275 577043 414326 398989
393635 408811 566893 399834 400583 408012 401874 398183 397876 415205 400301 399370 389417 398931 398971 395622 395661 395287 412707 403854 406910 408469 403018 399599 395248 402911 393418 393611 404760 402338 394612 399223 402359 404431 398136 395814 398470 395416 396064 398833 399973 398329 397853 405294 403489 399708 403438 407184 399231 405098 413161 391517 402094 396012 398969 393561 405805 394861 393316 394714 390076 398242 395408 396993 401614 393307 401846 405301 406786 401414 404775 395741 404123 399358 393051 393479 403931 401849 403528 393328 395703 397952 382557 400825 408024 393182 405669 401182 401523 392876 399065 393283 395479 401118 400199 396308 400825 397113 406752 396314 399893 399372 393420 392856 395459 400897 393379 397001 397862 396394 387330 394664 394817 401454 391896 396936 407128 393687 395868 384483 397604 397387 400800 393479 395146 403318 398971 394830 396058 394724 390923 395599 400976 398970 397298 403304 400254 395324 396329 393838 407050 395618 400903 397137 397593 392673 399274 400560 398660 400671 399869 402510 391948 395263 400319 407316 398720 403871 397368 396880 407485 422185 403616 393371 396553 394146 405472 399975 405885 397168 399849 400729 403298 404537 398700 394188 400990 402231 394115 402039 405720 400472 395095 397002 407842 405869 396893 392583 400638 394517 397895 395759 408076 394419 395925 398132 399970 398734 409547 390148 402167 407084 404512 401193 401407 404703 398431 402621 404164 395379 406047 403187 400183 398589 403874 401078 409923 404678 399452 395933 400417 404170 405420 398828 407453 394535 400931 401695 402815 395374 405778 399963 399754 397537 399606 411386 408322 397700 404217 401940 407351 406324 408709 407897 399118 405897 398138 412953 409479 405771 408678 409328 400294 410312 410646 397970 403284 410918 407800 411871 406625 400708 412026 420043 395180 409552 411020 410314 407062 413030 410328 411415 398702 406057 405026 398922 402312 404043 406671 401921 410568 412078 413234 407505 412126 409764 417634 410164 402553 401526 406412 403150 410127 406345 410365 407765 412963 580167 416598 402114
395399 405440 571605 405627 399565 404487 404903 398658 388189 412533 400168 401926 390957 403220 402462 396693 395323 398189 411059 397001 400453 408940 402841 397796 397211 402746 393831 399013 407307 401242 394494 395242 401912 405442 397853 396954 403909 388742 395053 399116 405774 403564 399893 404534 399995 402047 401309 407611 402058 409900 407197 394350 406966 393184 400286 389371 405378 394847 390337 396856 383706 403380 401337 397421 399442 391352 400746 405782 402957 396602 407163 397508 402469 399272 395028 393921 401458 399343 398910 392388 391929 397591 388788 403912 409079 396596 400995 402672 404357 392079 397052 396499 397354 400359 404575 395010 407562 399008 402819 393628 400740 398999 389660 393733 391395 403253 402117 393249 397934 395914 390355 394843 396102 401313 394809 395900 402743 398235 392938 388320 402336 396779 397881 398865 395725 401856 396798 393358 394599 398729 390740 399446 396717 395669 393597 396533 400057 392111 389244 393807 410439 391631 398161 395533 395540 391595 395835 397071 396075 404703 402268 402949 390956 394775 399136 403009 406140 404162 397064 399070 407467 419773 406064 396968 393406 398097 404295 400184 401326 400706 399893 399868 403383 404287 396804 395494 398701 398557 394013 404721 401172 392601 392474 392414 401682 406283 395776 394473 401890 391724 396140 400336 406695 394486 394630 401602 399339 394054 408272 393749 403439 408167 401955 398276 399983 406211 399298 400145 406549 400923 411649 398599 404993 397577 408291 397870 405818 400977 398205 394476 400830 403120 401868 399665 400562 397553 408235 406055 406361 396814 403244 399124 400085 398009 400074 406894 406870 400260 402186 407003 404689 404373 405084 403736 397831 404927 397655 410834 408829 404398 407108 406890 403644 413783 413393 400491 412546 410312 409194 412565 407937 402397 408148 416685 399677 410784 411666 407213 403188 418718 407332 403115 401470 402570 406414 404330 401358 406245 405404 402480 406972 407909 411185 404076 410052 401379 410877 409620 400769 404782 407462 402192 419569 414672 410417 409388 417840 574319 416459 401209
399829 409131 569734 402309 401816 405346 404527 395626 397898 411608 402603 399851 386642 401472 396307 396214 397362 396548 411456 399148 403317 405845 404264 395582 397484 403485 394312 398462 405857 403100 398015 394572 402221 402400 396294 394778 398996 390094 392023 398596 402952 400602 400746 408144 404541 398188 401682 405500 401546 407474 405261 401216 405036 394686 396750 389861 408686 394907 386483 398360 388756 398565 399937 398777 396720 392405 398045 404063 402750 398123 401281 398356 403012 398728 395862 398589 398817 406063 403560 395876 389317 399168 389160 398719 410009 392983 405451 400393 404065 398472 398230 395542 394942 402789 404698 394599 407138 400853 404301 393862 402035 401029 390579 394637 390656 395465 395803 398051 396375 392644 384980 390610 391428 401306 394004 394892 402464 395857 390949 387082 402097 395608 395937 398292 397032 404268 401161 396414 392975 393858 391148 396635 401644 396842 393064 401071 401643 391329 391220 395408 410059 392445 396685 398588 397243 393862 398163 398550 396704 404812 399517 403128 391938 397759 393853 405427 403965 402669 391411 403030 408643 421449 408783 399391 393285 401394 403971 402028 406011 400854 396984 403695 404113 401167 396220 398770 399939 401711 394797 404603 400733 400306 394625 397654 406245 404772 398831 392848 403001 393532 398209 396021 407433 392171 394920 401741 397773 396348 405096 388104 405952 409663 403698 396666 401889 406160 401900 403385 409366 405185 410193 407517 404968 400539 405439 401073 405585 403977 397813 393324 402230 405586 408126 398546 405325 396885 406785 406294 403781 398065 399600 396051 400335 399308 399320 410803 407783 399170 405196 401409 405210 400453 407870 406446 395120 406815 400368 410112 405666 407462 406137 406069 403354 409961 415825 400444 410837 409851 404314 413187 404123 397555 408368 410753 393368 405292 412360 405187 408037 420241 404941 406342 395240 404031 407197 404404 403333 406703 402888 401938 407088 411036 411410 407576 412023 401688 409675 402748 405226 404998 411843 401922 414105 411171 410512 409365 412687 579262 414470 399605
400238 406496 568138 399887 403586 406125 403354 402140 396097 406387 397456 396890 390858 400243 401480 396237 396386 396913 412433 396841 405510 409013 402434 402410 396868 404223 391860 399361 405855 401335 397108 392942 401692 403514 403238 393796 400767 394349 393177 400918 402261 400349 398295 411810 399187 402193 397914 405102 400106 407032 405317 398024 404465 393200 404212 388641 406625 391709 387399 397872 392169 400261 402292 400003 399441 394867 402836 410443 402848 396150 404072 398150 404209 404463 393198 398547 399899 400356 403823 394358 390734 398228 389556 397777 405835 396100 405752 401630 408615 392698 399335 393186 397666 403098 400104 398952 405046 399481 403878 396409 397553 398681 391635 392109 395109 401633 395639 398363 397608 394507 387981 392963 394545 402284 388298 394060 406611 395672 388222 389968 397078 393745 394325 397477 392840 399148 402036 392070 396624 393679 391464 394812 396357 394843 396280 402456 403115 392265 387590 394151 407962 392991 400523 400417 395729 389680 396242 395794 396787 405069 398594 400823 391798 394389 401140 404043 402892 399230 394362 398241 404652 420880 401114 392222 392704 397945 398837 401128 407560 396391 400214 399156 403375 405265 401202 402834 400181 399550 388396 407460 402566 394333 393127 391440 405460 402957 396764 392307 400030 391511 390269 397701 405817 397377 395793 400917 398640 393779 410726 388225 403084 408823 405264 402197 400727 405669 401907 406240 408294 396412 408399 404120 398740 397838 409069 402389 405393 400859 405382 394966 402121 405745 405295 394817 404057 397296 403845 406119 407407 397147 402240 395130 398458 397013 400948 408791 411487 404289 402712 402903 406402 410471 407363 405122 396156 402548 395724 409099 409086 407393 410536 407067 405833 410138 416704 399335 408284 405240 405278 413023 402589 401786 411933 413899 398171 409810 408223 405596 410340 415732 405872 408838 398129 401910 406378 404045 405216 404187 407514 400480 407330 407667 403213 405873 408956 398808 410518 408304 404345 408651 405451 401643 410351 407829 414764 406100 412427 575647 415345 399296
395272 404776 567478 402186 400128 403992 402954 397599 399873 410416 400340 400694 387225 401579 401342 397946 397884 398491 410860 401498 402861 409134 400506 395939 399250 403577 394277 398566 403638 405043 398162 395912 403098 405288 399727 395615 399472 390241 395916 398118 405490 399707 402836 407391 399393 399903 398863 407073 403915 408869 407496 399224 405262 394203 398248 390953 405866 391576 391183 397591 388674 399468 401606 404320 400190 392766 401203 409812 405813 393144 405362 400094 400143 398455 393852 395356 397467 393265 405833 392968 393029 403104 386031 405038 405557 396271 403713 404285 403105 398676 396521 393395 399634 399392 406965 395482 406596 396241 405138 393949 401815 395775 391133 395498 392602 398519 397154 393138 397764 396337 388246 392582 394743 399253 388563 392216 408995 394906 394461 385162 399962 396179 396401 397799 396814 399676 402468 395463 396088 395152 395468 397427 394430 397345 393373 400684 404245 389639 387116 385055 411170 393671 400009 398347 395939 392522 396840 401166 396313 403956 400352 402917 395389 398106 401488 405637 404666 409164 389364 398061 406759 423322 403571 396262 395614 397670 402364 403078 405252 400316 399948 402851 401983 400048 398974 397608 401970 399860 396192 406308 401380 398505 394647 397777 401578 407224 404341 394777 402146 393895 392198 401684 408306 392372 398575 399785 398914 392226 407807 391230 405446 411239 403177 402349 403625 405627 403578 404454 409190 403857 407446 403986 400945 398111 410909 400114 408278 400052 396898 394865 405456 406714 404301 402182 405239 399138 402589 406849 405537 395559 401570 394956 396437 396412 400200 410085 410681 399689 404633 406994 404761 406713 407240 409969 400062 404387 402380 408806 408722 406762 407091 408682 405066 409147 418404 397722 410532 406820 405715 412103 404925 397389 415954 407019 395741 405659 408760 401788 409880 414206 405911 404347 397961 405204 402305 400479 401584 404735 410711 402123 414329 410033 413039 408203 410813 398594 413128 405409 404436 401397 407654 405371 412817 407498 410940 406973 415356 575958 414858 393931
400219 405718 566999 399539 400233 408659 401965 401935 397573 409891 401864 403406 384768 402447 399510 399240 398313 393804 408989 402041 404278 407479 405828 396140 394231 401563 398879 400739 406015 401366 400481 395875 405879 405154 395353 397324 398255 392635 390069 396085 400840 403406 400247 407580 400297 403746 399716 410265 402252 410071 413326 394283 402364 396108 402472 390940 405005 392604 389376 400649 388066 394932 399352 400840 399858 388923 399601 403520 403631 396847 404132 397406 402166 400653 392100 397007 399676 399677 405566 392269 389717 398702 388470 398237 406410 392944 404445 403563 395127 393343 398926 394666 394714 396724 400421 393243 406500 396210 405476 392489 398199 398376 389837 396502 391933 396071 396660 395164 400523 391448 389563 393523 395125 396879 391870 400143 406010 397311 392359 387616 398275 395594 392402 393758 395499 400044 398009 392978 394240 388837 392131 394867 397214 394962 391895 401762 397331 393120 390191 389311 407295 396052 401626 394170 395001 394988 395677 401135 401449 403847 401362 402488 392304 394024 400912 402418 402259 406813 391631 397713 404484 419659 405752 392636 395318 401282 397452 400692 407349 400155 399679 401556 400533 401127 397681 395357 401914 400896 391580 405715 403190 399899 394778 390275 404678 409615 395330 395195 401570 393963 399459 398807 408069 392233 397261 397558 395770 397058 406586 389897 405393 408383 406084 397225 398599 405296 402518 404461 409129 401551 406540 401426 403467 401331 408638 399010 408721 402266 396105 394805 401111 407078 405458 398938 407755 398030 401187 404695 404923 399535 403052 399061 398561 387545 400624 409116 408339 402295 403493 405908 406501 399820 407460 407843 401339 408312 397868 411993 404821 407666 404046 406425 401292 410022 411555 398889 407470 404354 407017 411462 407887 399200 409705 417066 397862 413252 414892 404712 407230 415761 410715 407033 399948 404565 403776 402001 402063 403662 403375 398110 408639 408783 413607 407569 408744 402871 410437 406444 400107 401625 405540 401156 410472 404608 410193 406371 410841 578469 415911 399150
394388 403138 564903 401450 402546 403769 402146 402394 400573 410400 399161 397856 388082 401047 400508 399733 399194 398298 411149 399509 406179 408593 405893 401988 395239 401449 396856 398124 408432 405759 400950 399205 404920 405813 399302 397043 404785 394955 393381 401730 404341 401822 399274 408378 404549 401124 400732 405202 402496 409425 414979 395852 406208 391446 402379 390582 408963 395598 389864 398779 389717 400171 398455 399045 396088 394635 399414 404784 404714 393696 404847 396996 398859 395578 395526 395070 400007 400778 407146 391315 392047 399544 390998 399464 408400 394007 403695 399337 398833 396058 400796 395824 394975 400154 405520 397846 408243 399305 405618 392480 400750 402383 388529 392749 396918 401647 395919 395868 398394 392961 386779 393159 391688 396870 394164 401685 407021 396063 392418 389419 400425 393461 395163 397673 396027 400771 395782 396320 394867 394169 392137 396638 398051 392221 394515 397025 398234 390016 392716 391623 408285 391578 397491 397184 395632 388291 395630 396897 401502 404514 398551 403988 393679 391511 400925 401453 403549 402098 395816 398119 408605 417111 406178 398220 396561 393898 402609 400008 404837 397297 396986 402875 399530 402506 397584 397328 399940 399176 391259 407762 398625 400037 392971 398798 404700 405168 397080 392073 401505 393474 395424 396594 404289 392070 397262 403811 400299 392433 407749 391612 403787 405781 405133 397934 401535 406891 402748 406448 409534 404937 407681 404650 404722 397713 407098 399728 408753 401650 399117 392133 403678 401762 405288 395632 403392 403708 398821 408745 404320 397041 403170 395711 398229 398931 400682 408051 405178 402255 407133 402149 406338 403211 409097 408287 403073 405906 396950 404241 406269 408139 409231 405584 400905 416337 415206 401879 406991 405437 404228 411387 401198 397351 407948 411748 395001 408470 413950 407887 408107 413835 403630 408481 398577 400557 402983 399350 399414 405338 405085 401465 406045 406452 406631 406874 409733 401302 409573 406586 407310 402991 405097 401344 408657 407262 409132 406879 412492 578382 420499 400486
396330 408315 567841 396599 399802 407121 398944 396993 398373 410409 402104 401406 394055 401360 399771 396225 394804 394168 410940 398243 402427 408435 409044 401426 397466 405559 396703 396981 409777 396245 395007 394481 402290 408549 397960 394756 404058 391391 392428 399222 401539 405399 400015 406231 401229 401133 402330 409784 401065 408083 410499 395381 408189 396725 398424 385100 405476 395654 389279 395981 388809 403636 401265 399762 397192 395797 398748 406411 407325 398251 402434 397070 399535 402936 397441 395136 399039 400353 404355 397181 388748 401510 388300 395403 405934 395128 403432 403002 400464 394427 395702 392051 394851 397994 400476 397937 403619 400635 404743 396953 398286 398060 387591 393097 393752 400554 398809 399095 390441 388417 389518 391019 397797 400133 394512 395841 403222 398069 393937 388264 400586 394236 394734 395044 393995 400167 398706 391039 392638 394050 392921 396916 395942 395245 396042 394832 400755 389065 385271 393135 406756 391416 399423 394211 394344 391544 394360 397862 398315 405895 400096 404636 390499 393264 400044 402685 405281 401780 396638 400607 407019 422333 402954 395451 396158 395735 399916 402233 403676 401565 398859 397912 403431 403837 397184 397282 399894 396950 391096 406041 398607 398652 397254 394197 401419 406245 392345 392330 401809 395780 395837 393542 405612 391865 402382 397837 398117 395930 410783 392656 403434 412870 402020 400088 398052 405833 402284 405933 411441 400626 409376 400639 399854 398840 405359 404837 409538 403216 398475 395439 402050 404044 406735 399204 404863 396929 403341 403128 405486 396755 399910 396410 400420 393854 400174 408456 407796 402401 404521 405333 404131 402510 407937 411633 399397 404857 390914 412440 411269 407744 407718 404465 404861 408083 412680 400901 411113 403924 400880 409970 402665 397607 409548 410610 398769 409385 410427 403029 405471 412551 405186 408653 403535 398521 400630 405906 403989 405581 405089 402988 407311 408564 412022 403957 411517 401242 408050 408747 406385 403281 405770 402233 414367 408260 412193 411525 410562 573372 413593 395903
388700 410809 570047 400209 399459 402724 401673 398888 398867 416158 398665 403446 389745 402288 396778 399463 399347 397222 410290 400427 398043 408374 407008 400641 399724 402021 395980 399582 407668 403241 396866 394423 399993 405793 394068 396322 404432 392440 397236 400068 402988 399287 399812 407780 402715 403571 402089 409536 401179 409309 411590 394083 403107 396196 398113 391020 409639 396633 389869 397287 388453 403069 399392 396627 400372 395382 403272 405672 405608 398648 402482 399419 402709 399129 395798 395789 399616 401759 405656 394839 395085 397544 391766 399996 408483 396565 403444 400474 402046 398016 399002 393171 393886 396492 402378 394111 406180 397402 404356 394452 403399 396412 394579 395244 394115 398786 395265 396167 395483 389379 386323 390601 393873 399338 394933 398461 404015 397550 392858 386987 397630 397167 393236 399254 393722 402397 394541 390716 394757 394459 390877 396870 394550 389646 393631 396846 399133 390426 394386 391690 408236 394378 400671 397290 395353 390652 394669 396228 397200 401412 399081 402764 395928 401765 401091 406593 402506 407328 396171 402142 408562 419191 405847 392789 395234 396249 403201 398312 406130 395748 402161 398374 404925 401554 400566 397582 401633 399957 392080 404870 400277 394056 391859 396291 405108 408457 398561 392250 398103 395827 392726 395294 405157 393191 397361 400941 396473 396978 411156 389690 404735 409981 402402 401916 399996 405894 400272 404835 407293 403122 403975 404997 403298 398154 410355 404698 404156 404657 396304 390950 401616 402694 408201 402308 408134 400351 403495 405779 406626 394558 404673 395157 394202 397728 399070 410204 407937 404278 403241 403163 404291 399644 410886 407097 398276 402264 396731 410440 409059 404261 405137 405843 402701 407266 409400 397555 411021 405628 403127 413285 405764 401396 408103 412536 396499 408330 409787 403325 408960 415027 407407 408545 399206 402455 404467 399987 402198 409505 407152 400572 411269 411388 404608 409329 412214 400957 409256 406937 401511 405802 404321 397716 410465 407512 408564 403966 408436 574199 416559 396843
396177 408898 570309 400181 400854 403769 401943 400235 396450 410485 401897 401731 388359 399027 402770 399067 398911 395730 415488 403880 400293 411515 407492 396097 398872 399137 395213 399371 405708 403492 399603 396857 403508 407061 399531 400089 402704 393327 391064 398219 406523 401497 407490 407014 399384 397679 406493 410523 403468 411347 408177 397111 403956 396149 399902 390698 400983 394203 392802 395746 391507 401160 400937 400256 399637 395795 401341 406688 401152 393059 406427 398896 404606 399936 397935 399315 395248 401061 407806 395162 394175 397440 389283 399188 412051 399117 405658 401007 398958 396897 398557 393472 396976 401839 404171 393221 404289 396882 409747 394361 398786 394510 387519 391530 393636 399752 396423 398235 397134 395245 387590 390704 391707 401399 394461 396577 406630 396023 389203 390325 398752 399471 395497 395209 395208 402607 397515 393291 393485 391981 388355 396733 397902 396911 395869 395649 402994 392252 387098 393462 410517 388232 402703 400440 396090 390256 393343 392160 396680 401796 402086 400320 395631 399823 401052 402455 404138 402410 395300 401762 411867 415244 406988 394397 396857 399996 404081 402696 405057 399301 398202 402693 398375 398983 396991 394467 397811 397986 392352 404163 397987 397762 394415 393895 399898 402755 397818 388482 401915 396844 397304 399040 408764 395582 395719 398542 395846 393861 405817 386750 403943 408750 403277 401769 400064 404643 399233 404727 408025 397941 404021 404685 403822 400353 407400 404569 406508 402100 398461 401767 402144 404749 407539 398457 398861 393473 403502 404766 406716 400422 399462 401351 396928 402270 398428 410704 408876 402381 409001 405988 405887 401317 409198 407452 395903 405570 398395 410387 406189 405741 409042 406349 402804 411526 413906 400493 404774 404110 403872 411744 404162 399547 408570 412579 394080 408021 410686 404814 404660 415284 407274 404900 396661 404472 405861 402008 410267 402021 403062 401107 408504 408589 409394 404365 408339 402516 408747 405303 400765 402198 404121 400811 413547 408723 410057 411179 412016 574754 419316 396472
395985 408434 569259 401337 400752 405874 401199 397806 398402 412505 401863 398304 386797 400813 396528 397481 393761 393751 411904 399719 400715 408982 403668 396695 401918 401783 393765 393639 405820 402182 398882 393972 404598 407564 393765 397496 397625 395050 397717 398367 406825 403460 397624 407266 402916 402481 400327 410369 402211 406703 411015 395372 403527 396443 400585 393504 408638 393542 394305 394758 389866 401404 404347 402410 402433 393560 401057 405052 407682 397852 403117 399536 403022 405937 395548 397480 400507 398940 404633 390124 390392 398758 387800 403164 408737 396781 403662 405078 401153 397880 397049 392817 392791 400757 397998 397604 406291 398911 407239 395577 397641 397956 390713 391010 389479 397523 396001 394329 396936 397951 387268 389168 395036 399712 393484 394311 403692 396271 390263 385234 398658 397576 395267 394811 398469 398635 396551 390186 394558 393968 387205 395185 398139 394490 393582 399756 401387 388822 389632 392466 409169 391610 398402 398190 394758 386137 394521 397738 398639 399673 401333 403762 392326 395812 399060 402042 404040 404360 395180 398340 410075 415244 403887 394482 397109 394266 404606 395189 404240 397856 401768 396486 404520 401552 396893 393744 397827 401439 393550 400142 400267 393854 394235 390987 400155 405202 396150 394701 404219 393753 393137 397253 407521 392410 394923 402765 394845 398050 407661 389770 406655 407158 404952 402345 402070 406108 401298 400875 410656 398857 412340 407073 401499 398148 406750 402888 410631 403702 398640 397750 401423 405116 406903 400879 403661 397815 404156 405114 405392 399902 404363 396851 394874 396768 400538 409237 409067 405299 407060 409854 403579 402740 408676 406045 398442 404153 398912 406908 405265 406972 407038 407282 406108 411062 415575 398778 409606 406660 405121 410934 403343 397704 407793 410644 393727 410211 409919 406566 405568 409483 408076 405643 401973 403385 403584 401021 401530 407592 402832 398747 405618 407292 410696 407874 409237 399780 411773 407792 403481 402466 407151 404643 410790 412938 409571 408376 412909 575457 418466 401923
392683 406996 566880 399387 404652 404957 398732 396170 400043 410685 400917 396948 384446 399331 395920 401575 396478 396019 415377 402055 404579 410183 405082 401243 399745 402424 397197 398145 405509 402267 399506 391694 400086 410366 398471 399726 402560 390429 397065 398360 405427 403114 397934 404864 402664 398549 401791 411732 400395 406708 411080 392966 406417 395156 400277 392032 407547 396447 390557 404529 391208 399244 397771 401977 401745 400120 403239 405859 404027 399218 408395 400967 402907 398916 396635 395073 402734 402717 404783 395200 395087 400706 395015 400152 408007 397190 408841 401069 398906 395050 397770 396149 396166 399797 404492 395536 409330 405572 407631 396654 398944 397209 389879 394546 391938 396180 392246 395520 398602 392800 391124 391539 390259 397762 391693 396204 405292 395813 392835 386511 393709 395043 396257 395379 393291 394627 399850 391699 395149 393364 388041 393180 398435 392099 393232 398750 396966 388467 393156 390744 408230 393357 402108 396598 392198 393453 394894 395807 397006 399534 402621 400426 389947 394863 397400 401825 402919 401679 397792 398801 404934 419111 407394 393756 395228 395984 400290 402575 405770 396332 401803 399432 406379 405517 392966 394779 395587 401315 394377 402553 399883 393218 392106 395053 405063 401637 400391 393298 399194 391896 394649 396281 404771 392468 400152 398327 395613 390528 407571 386221 402444 407492 404630 400835 398675 408846 400460 406591 409324 402612 406732 406050 400962 395475 410034 402979 410512 404094 397991 393906 405788 402626 411079 401807 403838 399871 401756 409073 402854 398086 402904 401604 399111 398543 400451 413514 408780 401706 401855 405184 405445 406632 407050 408246 397051 406594 400401 408701 410618 402380 405142 410240 404578 405617 415830 399718 413664 406903 408737 411556 400404 398809 408289 412842 396997 405270 412662 404235 403878 414989 405431 406532 395566 401843 402361 395785 403599 404162 403449 399906 409782 412335 409197 408017 412097 401747 412567 404570 401974 405109 406463 402322 411769 408700 408298 406666 411971 577579 418224 398235
394714 407808 566689 398437 406646 404739 400728 399511 397493 414047 400376 401617 391015 401127 396616 398752 400390 395377 409330 401412 400136 407353 405036 400758 397337 402379 395365 397439 406169 403296 400077 392322 403510 405296 398840 396462 396002 390314 391262 404340 402972 405024 403281 406724 404433 402169 396424 408012 406567 407979 405509 393200 400859 393081 399234 393989 406279 398331 392656 401182 392440 399434 405256 401270 399319 391396 402659 408018 405511 399503 405029 398854 401919 402101 396509 397762 400424 403229 403489 397001 393912 400560 386691 398577 408122 392921 401951 402931 405413 396357 397759 393003 398901 401464 403251 392990 404589 395497 407910 399292 399955 397863 391240 391692 392480 398727 397571 395894 393224 393406 389191 391496 390825 402255 390375 397406 404141 395674 388888 386867 392138 394593 393417 396928 390715 399000 395699 391679 390049 390002 388028 394896 390840 391179 397829 399725 397255 390090 387078 389982 405562 392695 395170 396248 390303 394481 394972 396446 396953 403653 399712 405811 390052 395606 401412 404806 397469 400593 397248 396056 403342 415635 408092 391903 398060 398184 401563 407627 405265 397237 396516 399545 401811 400533 395901 395474 399615 396188 390574 407146 399340 397158 390088 392929 406702 405027 395456 393345 400215 397548 391954 395613 411703 392525 396482 400106 395964 393598 407274 389164 404464 406084 401566 403036 398214 405832 402571 400182 408449 406367 406045 404771 401918 400714 409222 401254 405902 403684 398729 394846 402418 402764 404984 401054 401804 400604 404253 404230 404710 399718 407799 399203 397563 400508 396989 409927 408718 403726 406290 406264 405923 405248 407946 404373 397980 406525 399947 408584 401469 405188 403417 407456 401126 407488 412669 401417 408480 403404 406262 410764 398122 399185 406157 411686 402076 405270 410840 406745 408272 408443 407594 403705 391820 398683 404933 398267 399738 403388 402860 400305 409639 408451 408215 410030 409160 402944 415895 404439 402121 402577 407547 398402 411993 411291 407577 404531 410823 574724 414536 394961
391796 405666 571080 396746 398794 402707 399927 394082 402219 411163 399718 397125 385542 400113 396808 398399 395123 393380 413137 401336 401052 409188 403386 400150 395027 396702 396142 397711 408182 401026 393732 395399 400592 403927 395202 395355 399323 392177 394316 399880 405320 403798 399253 407962 405303 399071 400675 407166 403982 408197 412223 393922 402091 395195 399703 391142 409257 393422 390462 401226 387443 395494 399947 402400 401723 392750 398744 406038 407851 396778 407627 402384 402011 401979 394849 398399 402401 397902 403955 391877 393754 399849 387676 401175 408926 390578 406211 403549 403255 393903 400713 391780 394926 396929 402776 395861 405155 395243 403309 394935 399996 401580 387601 397538 391839 399362 395480 397251 395571 390761 387899 388465 392398 396570 390511 396889 402974 398513 390708 387427 395881 393937 391264 397711 393225 394732 395202 390076 393923 391769 387173 395571 394154 393670 392614 394393 398579 391406 385153 389257 408092 392016 399855 395315 395905 389181 397477 397722 398488 402927 393429 404617 389914 395645 395007 403941 401488 402989 394639 397335 409336 419868 403856 391656 395198 393973 401127 401987 399350 400851 397909 401592 399755 398236 397446 395691 398776 397085 390552 398044 398135 396882 390487 387729 403744 400545 396162 392226 400088 393905 396621 394098 404003 391014 395262 400218 399886 395893 408046 389175 400921 406445 402796 397448 400148 406221 400990 408116 406593 404967 404261 404162 400842 399687 408542 404938 408099 401071 399072 396279 400289 403243 405800 402538 405966 398860 403770 404360 402347 396043 402703 397443 395730 394849 401665 412639 404230 400782 404179 405136 402223 401754 408583 408545 397659 406013 401239 409400 408349 404321 407670 409025 408481 411508 413328 399469 405112 400960 404901 413522 405766 398666 409190 408333 394351 404281 409507 404788 407267 414633 402345 409545 402587 398999 403095 397864 401765 405720 407142 397549 401561 409614 404367 407251 407273 401389 408430 406937 402120 402221 405475 400245 408827 407188 408938 407296 411158 574746 413832 399098
395437 407949 570535 400398 399279 405933 400648 401371 397033 413193 396402 402608 388550 400737 399025 398268 397157 394688 412420 399569 401123 406955 404423 395381 396422 399409 398831 397740 406888 402046 394253 396263 406173 402424 399515 398500 403172 396947 391513 404104 405996 404200 401619 410025 405969 397384 403852 405533 407590 409763 409570 397617 406448 397196 399195 392081 409265 394390 389579 396876 391863 398519 399449 403065 399194 396178 406118 404760 404558 399356 403172 398104 402267 407232 392649 401904 397942 401668 406062 393760 391456 398001 388969 402064 405586 396877 406331 401270 403322 397829 400951 392493 402278 395667 404867 398037 404201 398551 406969 396007 397438 399930 390277 393386 393775 397121 397468 400359 394162 392472 390420 389652 396236 396649 391671 395635 401827 398860 387796 390620 398075 395056 396381 395412 392843 394601 398331 391310 393282 390873 389466 394241 398109 390626 394029 396495 393876 387566 386363 390690 406970 392809 393680 396401 390491 393545 397021 399455 393928 398259 397967 402269 392390 394996 393646 398547 404164 400899 394679 399270 408265 414142 407289 390180 397902 394311 398012 400593 401708 397049 395253 398330 402476 401744 392726 399049 396875 394360 390621 402531 395718 397420 393123 391763 401505 405686 395509 391875 403290 391924 397168 397067 407614 396342 395698 398889 391686 395689 406569 387270 402170 405760 405309 401177 402852 407225 400692 403726 409934 403360 411693 401525 400803 398852 412186 402365 408701 404926 399732 393545 404542 402571 405985 403159 401937 396298 404384 406313 403476 397773 400904 393190 399816 400867 402622 411571 406233 405687 408073 404609 398817 402252 406602 407030 397031 404742 398210 405252 408849 407860 406358 406461 401894 411693 415525 402963 409773 402047 400849 406865 403593 398681 408835 410720 396298 406659 409756 401785 406251 413085 403313 404874 393801 398442 400059 401336 405377 408017 406246 401063 404604 410526 409178 407000 413123 403250 411265 406001 402597 406802 404905 398384 411324 411632 407068 405452 411629 573513 415585 398731
391335 405967 565009 399621 399020 401238 401599 394169 398601 410888 401421 395190 388707 403655 397465 393947 397989 395037 410207 399528 405814 407926 406205 398082 400285 401313 397242 394624 407180 401196 398941 397900 403559 403911 397965 396329 402780 393145 393425 396362 402849 403837 402253 409987 405637 398311 401018 407784 404772 409032 410111 395583 407380 396524 400650 390678 410350 390605 391955 396760 390550 398220 398244 400537 401019 397126 401439 405605 404268 397649 400904 396792 402182 400572 393430 396139 402939 397962 410449 394638 392509 397105 382610 399072 406418 396160 403888 398966 404404 395672 396561 394655 395415 400944 407216 393378 406097 401068 403172 392915 398090 402459 388748 389639 392401 400422 396743 397180 395035 392146 384512 389301 395690 399274 392981 395371 400712 395544 387749 380476 393675 396426 393884 400322 397192 394912 398568 389614 395023 390615 391709 391853 402180 391661 394544 396998 396472 386644 388907 390295 404058 389732 397432 395345 392720 389009 396240 397718 395587 399072 401450 402463 388737 398906 392970 399921 401704 397576 391845 395325 406873 416258 404962 391879 395245 396772 396483 402459 407559 400392 400397 399217 402329 400282 395239 394666 394226 393811 391441 404167 396439 395895 397253 391988 402416 402996 398044 392310 400058 392149 394611 393532 405758 395961 392871 398331 397167 395321 406148 389737 405542 403208 402423 398352 399110 404938 402323 398657 407039 400293 407881 406632 401827 392181 404911 403225 410968 402142 397951 394948 403609 402298 405748 401143 405543 393676 406246 405026 406301 401131 401693 395748 396698 396396 398523 409404 405606 404187 407430 405765 403013 408379 406869 408622 400917 403966 400495 410999 405821 401335 404806 409843 402608 408508 418024 401755 407067 404833 403098 411062 404534 399548 406766 408788 398414 407633 409357 403770 407117 409237 405328 405299 397310 400223 399798 403520 401719 409405 403172 399765 405281 406876 406909 405936 409840 403444 413122 408697 400439 401936 403369 398193 409623 409973 406270 404994 410109 571805 413353 400670
397360 409276 566782 401856 403135 403995 398715 399081 403848 410535 402167 399010 385991 399603 402004 400244 395816 393340 412543 400964 405129 404919 405358 399129 396868 399391 397435 399025 404490 400946 397053 390991 400815 402973 401409 396071 398020 386823 395547 400231 405766 403335 398742 404043 401665 405643 405063 406430 404471 408957 409868 395761 403507 395732 398805 391579 409830 400370 390026 395309 391710 397840 398607 400275 403260 391106 403404 408419 408073 396362 405115 400122 405743 396419 395241 395416 400929 402505 405037 392781 395236 399251 387241 402435 404930 392890 404432 402411 400240 396065 395345 393454 399196 399197 403403 395029 404540 396552 406488 395530 402029 398945 388541 392889 393768 401062 402077 396180 394846 393808 384546 390624 397504 396601 394485 393971 402548 396283 389241 384879 395214 396017 395903 399630 396441 400309 395858 391604 392200 392406 388745 391399 394565 391667 395216 401517 396901 386524 390869 392976 407182 390564 398880 398997 393963 390109 393139 392972 396348 404868 400394 406040 387868 397047 399916 401749 400502 400211 394552 399551 404907 415168 403190 394271 395825 394972 402196 401476 405203 395581 395096 395548 396625 398405 395353 393787 399772 401121 388495 404522 398340 396966 393243 394278 399606 405945 396324 393390 399262 397352 393283 394480 411464 391721 397263 405483 395657 394616 407141 393504 402887 405551 399400 399277 398039 405657 406517 405103 407158 401126 407562 403911 402089 395471 408213 401777 405876 401937 398777 390610 403588 407176 410372 400336 401461 402350 403868 404597 405425 396184 405648 398070 397710 397739 403402 408709 409329 402036 401894 406171 404227 405648 406672 410319 394473 408808 398393 408006 405935 408568 407879 408273 402068 408768 413229 399903 408720 405261 402831 412925 407392 394316 406500 411298 399476 410206 411156 403266 405562 415173 406803 399956 400837 398037 404800 398358 402527 400977 405365 403045 405524 408338 404075 401347 409737 400795 413357 403924 399864 399893 404423 396721 410008 407828 407229 407060 413920 575923 414959 400607
391198 402725 567485 398849 399733 400509 401735 398944 396281 412828 399415 397440 382883 398310 399792 394871 396310 396138 408542 397492 399594 406518 404710 395278 396783 399937 394030 400198 403648 401794 396176 392110 402845 404892 396562 395628 400179 393931 389865 398685 398897 403206 400083 409292 397348 398961 403066 409543 404251 407766 408377 396655 400125 396882 398660 392845 407549 394601 392338 401187 389409 399763 397662 401074 397051 397168 400326 405899 407785 396182 407092 399306 402115 400920 392293 395701 396638 399692 404979 393855 389984 403260 393805 399938 407736 394374 402987 398412 403014 398808 402282 393678 395850 400440 402518 398051 403153 396131 403414 396091 403122 397412 388613 393204 391859 402938 393858 399509 399360 393717 390000 392193 392779 396719 394466 394636 404962 395267 391637 389933 397294 396988 394154 398529 395778 398313 396641 390601 394438 387849 389916 392642 394414 393499 394174 396965 396233 384401 387157 392325 405104 390573 400159 395396 395099 385986 393160 394769 396885 401041 399816 401115 391644 396712 397586 400439 399931 399258 393042 397002 404870 412534 405495 391961 391634 396671 398937 398198 398749 400011 396316 398766 401484 401885 394432 395979 398996 395680 390202 403569 400612 397361 393046 393995 399046 404362 397075 397051 403152 391961 393161 399955 407255 394602 399526 400138 395676 392246 410098 390165 401994 409282 406292 402218 402106 406403 401388 407568 410993 399098 409085 406418 402326 397541 405997 399535 406999 403323 396175 394560 407440 406949 407415 400042 407737 398431 406372 407068 405917 395594 399404 395771 398871 394792 407051 411853 403819 405021 407843 407484 405819 405214 408296 405093 396647 406193 400421 413654 408566 406630 407706 407957 403659 409354 411104 399700 405645 406589 404225 411664 399679 396127 410822 411357 396296 409676 410704 403990 402545 413855 400359 406739 398675 401531 398959 399834 401084 407097 399597 397920 406748 408765 410830 404389 410978 399473 411249 405101 403041 402249 405832 398934 409939 411622 405785 405147 412806 573557 412771 403734
391345 404726 564734 402497 397173 406697 398859 401556 396475 407967 401153 396566 384153 401186 394301 393115 392273 395661 413879 394531 402665 405541 407192 401597 396937 404275 393243 397828 407215 406111 394071 397023 401846 405026 398151 396300 399310 393111 389716 396137 401422 404200 403422 413452 405733 403604 403158 408842 404368 410609 411657 395002 407256 392763 404898 391870 407831 397450 394353 397260 391635 399212 402711 402911 403231 390222 399102 403135 411209 400309 405635 399163 401097 403530 397985 396359 399904 401759 409056 393658 393364 399300 390028 401282 406900 396148 400732 401701 404910 392276 400407 399125 398208 398877 405237 394246 406014 402615 409534 397600 401895 396695 394665 396167 395500 398419 397278 398365 391455 395786 385743 391835 394156 402932 393374 393945 402945 396333 394080 389440 398833 395455 394953 399826 394927 398999 397071 393805 394105 391751 389499 395168 393069 396100 394166 398397 396202 390734 387756 390560 405640 392866 398803 395505 392714 387510 396679 391566 397684 400826 400174 402099 389191 393871 396062 400912 403985 399280 392159 394847 407475 419386 406277 393254 394121 397601 397106 398896 407469 402134 396471 397171 407372 400281 393731 393564 401447 396957 389158 402588 399203 400649 392462 394820 398736 401339 393049 395217 399629 392406 390957 395595 404988 388304 394691 395911 397989 393474 406912 389667 403141 403989 402957 401075 401852 400438 400662 400718 407317 402012 406991 402789 403735 397218 407245 402249 407483 405263 398370 394685 405002 403225 406843 398540 403103 398820 397670 407222 406820 401197 403707 402515 396687 394607 399584 412668 408433 402542 405696 406929 406664 408064 409824 407084 400550 410507 401137 409348 406277 404937 404040 406254 404148 410133 410991 401880 406460 404533 406471 409599 404477 402525 409274 407395 396388 405165 407375 401135 405078 411061 403024 403063 396386 401846 401059 397673 400182 402798 403761 401857 405648 411097 407255 404604 408938 402034 409150 409886 398170 400843 403401 397879 413399 406148 409657 407830 411290 575581 412440 395807
388862 409009 565809 397918 396994 403560 399098 401609 398152 406913 396941 396746 382520 392670 395292 394862 398134 398446 407906 398314 402430 403687 404904 402953 397731 402776 397573 396883 409296 400403 400120 390754 401331 402913 394490 394133 402201 395231 392276 397573 404893 400185 398526 404098 404316 402059 402490 405137 401723 406085 408641 397127 402640 394492 395169 388243 403323 395768 390226 399598 390802 399550 400651 401622 396733 395262 401918 405322 405933 400621 402967 400577 402483 400994 393666 394757 401924 402802 401434 394672 393441 399141 390586 400160 408444 395141 404839 403163 406320 395563 398143 392643 401281 403351 405320 396717 408444 397416 408185 397505 399582 397863 389316 392758 393250 399660 398522 396613 399250 394488 386745 391786 395387 402134 389722 398706 401938 395781 389881 387218 398813 392944 393129 398298 393352 396919 395538 390352 393242 393756 390827 398652 394366 395329 392385 395571 400099 392366 388190 392157 405799 390071 398281 394047 396242 391388 393721 393722 395342 403089 398690 403085 390025 394031 396743 402230 401490 398377 392656 393883 408128 411033 402244 395304 395743 394299 398511 401211 401715 393893 398525 393034 398281 397933 392702 395183 398388 397346 389515 401940 399431 393658 395478 391549 401169 405908 392864 390793 397694 391481 388638 397589 406997 394033 398623 399431 398699 393848 410752 391176 405514 407333 400784 400344 404353 402360 399695 402134 408782 400134 406924 403808 404181 398282 411063 400573 405356 401567 398384 392636 403849 404358 407690 399140 403195 398120 403856 404072 406261 397728 399945 403145 399829 400600 399489 409616 411395 406975 405087 405693 407124 405768 403246 410633 401694 402616 397804 407638 404285 405687 408245 408430 400898 412140 413976 400601 408369 405348 404797 414152 404195 401725 406807 407324 392683 406811 411717 400368 405894 417991 405009 408724 399076 402704 404569 399110 398346 406083 401166 397245 408203 410307 406515 402289 406678 400711 413794 403276 399795 403579 402241 403524 409953 408335 412407 408381 408497 573096 412954 403819
392039 405129 560870 398687 399540 402162 401387 395655 396474 407077 398325 397859 388003 397823 395175 396961 394635 393039 410033 402150 400922 405444 404740 398416 397468 404410 394492 397809 405846 402493 396507 394263 403737 401723 397940 394173 399341 391640 393549 402090 404209 399853 400657 405939 402737 399151 402892 406216 407760 408262 409065 393381 402515 394674 399139 395011 404740 391167 387985 402999 391900 401313 399710 399286 400254 396189 403085 404267 410349 399200 405341 399140 398907 398069 395973 397484 397754 405787 408234 393264 393264 399613 387208 400456 406386 396142 403586 400422 403382 396420 400186 392930 397731 401213 403622 394888 409292 398544 408020 393768 399948 397130 393387 392107 395899 400604 396990 395251 398726 397077 388578 391724 392660 401062 392803 396039 408365 396386 390868 388333 392850 395313 403698 394903 399389 400778 396525 392993 392822 393389 390395 393320 394707 392276 393993 400327 398575 387731 385356 390359 407799 391479 398909 398112 389998 387986 393974 399693 393184 399179 398473 401595 387033 393312 399223 404239 400082 399616 393997 396734 404829 412094 402409 392758 395163 394100 400744 397742 404661 400753 393687 398069 401715 400434 397742 396649 398311 391089 390067 398427 394975 390481 392237 389755 404820 406808 401592 388939 399240 389326 391556 392038 402210 392241 397233 395379 398472 393526 407836 390561 404611 406129 403578 399649 397274 403391 401231 402200 407271 401234 407713 403956 399814 402863 413079 399769 410963 403372 395515 393382 400963 405227 408330 401017 407135 398606 402656 402233 404377 397860 405684 400992 393387 403520 401016 408358 408713 405670 406054 409059 407844 406128 409501 410011 398671 400932 400497 409139 405829 405498 408448 409005 404214 415459 416469 403450 410536 406651 405849 415058 398698 399423 409443 411800 400074 403091 413127 407846 404839 413706 409008 406128 393992 399360 400567 397244 398806 406633 399878 396206 405083 402393 411500 397033 408653 403865 408841 402299 402195 402271 405828 399650 410363 410756 404121 407043 410288 575455 412796 397324
388429 405684 571048 402900 399750 404747 403871 397776 398734 413748 401858 399395 386297 398722 397669 395189 391526 394174 409027 397027 400505 404228 402186 396168 390894 405088 393462 392906 404086 400155 396449 394695 404100 407097 399097 398265 396772 389791 390927 395451 400606 396253 395685 407558 401978 403555 399805 410037 402976 404373 412571 398315 397446 395455 401112 389519 408764 395091 387014 396525 392637 396546 398622 406593 401579 396509 397974 406158 408072 397295 402972 399871 404454 396993 394381 395137 402273 405421 403987 397012 395549 397933 393376 402240 407098 394850 406044 399235 402525 396680 400473 392939 397772 402486 404426 395523 406985 400656 408792 393774 401246 399824 388066 394681 396544 400195 396973 397184 395271 392709 387954 391603 390419 401062 395409 398869 406137 400312 393269 388039 399285 393790 395110 396691 393328 400347 397203 390716 391497 392907 392199 396737 393577 390134 392662 401363 401627 392849 388437 390329 403638 391775 396117 394816 391799 391216 395208 393979 395004 399060 395252 402786 389692 395206 400178 399221 397614 397971 388973 399149 405686 415558 402571 391041 391178 390845 401260 399664 405477 395655 397834 398899 398347 396750 394897 393765 399061 397923 388157 403292 403542 393949 395125 397951 399369 406066 392079 390624 402064 393982 390515 394575 403814 394049 394954 399198 399680 393686 409610 390349 405368 406406 403655 401097 399152 399478 400637 402744 407670 397783 409030 407183 401632 393653 406706 401839 414248 404186 402278 396015 406792 403000 408078 402581 405927 400728 404968 409064 406391 400370 402622 396470 399689 398148 398348 406316 412174 404180 406292 404696 403941 405800 411571 409410 400213 405476 403192 408988 405910 402129 404958 407044 401904 413626 412703 399587 411528 410673 406537 416323 404969 397952 409767 410024 396025 408797 412156 401987 408533 411990 403199 408086 396113 399971 403710 398306 398852 405629 402851 399744 406754 408529 403740 408420 412060 403070 406066 403298 397010 401156 411270 401756 411370 410191 412333 404474 408024 572329 417291 404298
393231 404551 563786 400923 397103 407701 398111 396477 394903 410313 397602 399748 388237 399189 391762 395742 396737 394095 406931 399067 392724 406062 400286 400361 399775 403516 393465 393590 406452 401879 394199 393955 402114 401773 397615 393443 397980 384350 393210 396808 400303 398344 402187 402012 399700 404201 401224 409928 402864 406957 411436 399805 404123 395127 398457 389265 405953 395873 390035 396193 387125 396092 400146 396685 399583 392564 401230 402810 407526 397032 407455 400856 399625 402758 396052 400495 402142 405176 405303 396666 395234 401702 385991 405666 408547 395791 403689 404311 403488 401497 396291 395067 396504 400591 404736 392695 407828 397094 404707 394046 403261 400777 388148 393565 393784 397949 396697 398430 395718 391551 390341 393401 390882 405527 390700 397941 407018 393924 389915 386038 398672 396817 394734 394697 396842 399167 398385 390154 392546 395250 390417 390439 396774 395179 399214 394599 398702 388773 388970 390093 408773 390689 394883 394824 396364 394627 393234 393133 397901 398125 396151 404222 390668 396745 401293 404121 397188 399846 394091 399215 402341 417412 404275 391180 395735 393022 396644 400793 403657 395101 393397 398729 400391 399308 393475 395868 392439 396504 391367 399046 400218 395111 395557 392526 401794 409034 396215 396265 398781 389632 391389 388512 402434 389835 395396 401453 393070 391324 406294 389221 402055 407114 399062 396107 399450 403850 403068 404610 414173 402449 407182 406038 402960 397103 404633 397944 410025 398459 399660 394189 404280 402976 404845 404967 407754 394595 407875 405281 402771 398419 403349 403071 399071 394624 406547 411220 406381 402861 403631 406608 403667 407786 411329 406568 400043 403194 400279 411127 407235 406428 406336 414400 403533 412767 412020 400392 404588 408226 404549 414868 397837 394193 408699 406920 399072 406493 409827 402682 404305 415721 408176 406474 396742 396768 403024 407104 403730 406120 404839 403162 404644 408366 409433 407592 408334 400420 408301 404709 400648 403847 406780 397424 408273 407687 408398 408062 407351 571307 413422 402677
396645 402759 565900 402008 396984 400786 397754 398955 389527 412246 397157 393934 384395 396842 398294 395689 396728 398245 408918 397421 400960 409804 403939 400436 397246 400196 392837 395098 404872 400681 391655 393553 396238 404924 397568 394386 401737 389983 392190 398954 406929 400948 397663 406164 404828 400588 402066 407429 402669 407286 413139 396156 401027 392139 396872 392568 405448 394076 394569 398652 387331 397909 395436 399564 406131 390305 398097 405874 404477 398907 405275 399845 405235 398938 394641 395031 399774 400103 404663 395805 396026 396233 392077 400578 410233 399367 401949 402017 401477 394529 399777 394298 397318 399000 403924 395490 403305 400443 404490 393157 399330 400781 389274 393182 402787 397678 395057 397124 394012 394898 386242 393667 392755 402782 390736 396473 403361 398272 392677 388787 395102 393179 399691 403295 397777 397050 398345 394554 393881 394867 391090 396020 397939 395160 393610 395255 400260 387027 387728 394141 404383 391678 390934 396353 389289 391692 394746 394301 393366 403028 396099 401852 389754 394714 397516 402299 398301 402366 396075 397564 404878 415166 404417 393990 393498 393334 398649 396553 409226 395881 398456 398698 404412 392907 393754 395291 395165 394182 386175 401027 394120 397979 390002 392802 400471 402783 397799 393252 401526 391683 393240 395247 402436 389841 396546 396379 397074 394830 406919 390138 400635 406498 401256 399382 403714 405170 401339 401824 407332 400826 406154 404510 401097 396855 406632 395283 405546 404952 397515 390719 402539 403239 409734 399432 407817 398569 406581 407322 407085 401108 404716 393492 397653 401626 402542 410244 410240 401694 406059 400439 405623 404402 410096 408103 398477 407276 393137 410749 406041 405272 408525 407355 399293 412990 418503 400469 409893 408854 406226 414841 399871 398725 407167 411660 398898 407253 411829 403250 406201 414593 402287 407528 398500 397039 402690 398272 403253 402311 404509 396650 407196 409286 406595 405663 407187 402071 409914 405536 397780 400276 403029 399730 409909 407753 407886 410023 407596 571334 412944 398712
395565 404855 564709 399097 398304 403643 400403 400860 393589 407681 397288 397356 383928 400846 396486 396655 397574 395306 408635 396356 399596 403907 402210 399238 401811 397126 391754 393462 406295 398124 398394 391611 400743 407059 398462 395382 399858 389364 389645 396497 406269 400770 395980 407705 401147 396196 400646 406982 401746 410147 411883 387535 400950 392906 396565 385861 407198 398179 390791 395776 390638 400371 398218 397031 401109 396647 402722 405032 401936 396694 406576 401537 401920 398599 393797 396189 401698 400439 408776 393738 394747 400011 388493 400879 410144 395530 403708 398729 401598 393864 396019 393446 397260 396134 406464 396640 406469 401994 408750 393937 405382 396736 389411 395589 394572 400999 396515 396677 401765 397968 383464 392798 395665 397223 393016 396991 404092 396269 390837 387044 397377 391242 397276 394548 396790 399184 393506 393481 394475 393287 388308 397041 395501 392152 390116 399625 398646 390231 389031 391280 409846 387571 399633 396121 392361 388984 393877 395324 395636 396204 396960 398065 389744 395371 397614 402649 401822 399560 392425 396370 404922 410629 403963 391822 395000 393745 400157 398481 400970 400763 395962 397307 397247 399201 397375 394787 392864 390845 390097 400604 400091 395723 392306 390533 400387 406452 397672 390513 401358 393232 393106 390598 402865 390220 394101 400125 398149 392488 409193 392799 405715 408913 405421 398409 396018 401148 399397 402671 406945 398857 406729 402721 401256 399263 408681 399168 404972 404145 395561 391829 401230 405865 404412 402829 407063 394088 402962 408862 406435 399858 401024 400302 397233 399838 403691 407746 408054 407293 406827 403411 405352 408967 409934 407416 400128 407435 398313 411428 407475 404883 408098 406439 408445 410844 410798 400954 407067 408772 410164 410833 405721 400109 413242 410022 392062 407618 411044 400810 404338 416713 406098 408205 397661 397168 401538 401520 400932 402551 401423 398271 406297 410408 410582 406802 406292 401437 408739 408475 403547 401545 404844 393309 409786 408429 408993 407923 407656 574066 412865 398136
397214 408773 567738 400161 400761 407204 403145 399991 394228 412823 400039 397466 384748 396257 397773 396392 395763 395541 410844 400682 409739 406804 400072 393750 397692 403628 392680 394155 402704 398424 393283 394548 404373 406627 399998 396553 401008 388849 390347 397973 403414 404657 398500 405613 399612 400603 400610 408761 405003 409132 411364 394836 405307 392145 396526 389489 409016 391499 389964 393251 388345 399600 396624 400782 402032 394801 401881 408193 402530 394372 406130 398427 405043 404196 397310 397907 398299 399668 405041 394181 395344 401590 390097 402323 408140 393227 401676 397610 399525 394694 399363 393990 395229 398854 406915 396674 403461 398442 404968 392709 400945 396702 390090 391896 400379 400414 400610 396995 395002 394498 386955 393540 393918 395640 394327 398305 403925 398107 393091 389943 399894 400277 394299 398718 396194 396588 396743 393090 400062 394594 391377 395615 399596 396857 398302 399369 397969 391555 390590 391414 403180 392627 392297 392600 391329 391650 392657 399426 395212 402802 399503 402479 389504 396685 401220 401228 399712 405796 394361 400385 404238 413310 403407 389499 396724 389859 399144 400217 400157 395595 399297 399547 399095 397122 399896 395579 392718 394732 385329 403588 401092 392350 392281 394180 401006 401204 396908 392192 395131 392242 391284 397564 405855 390617 391331 397203 395998 392554 407248 391427 401763 405491 404143 400337 400729 408357 397250 401675 402730 400368 406739 403737 404369 392483 408544 402868 407265 401158 398464 396132 402335 403020 403742 397543 402247 397207 403161 403264 406360 398548 405491 400671 396521 394215 397666 408617 410279 406863 406211 406895 405439 402692 411167 405943 399868 405581 398102 413849 409930 405983 406912 404124 403827 413539 417681 403641 410862 411270 410110 416398 403718 396640 411378 408846 396334 407548 409195 405654 406493 413353 402959 407083 400687 398857 405057 404270 405032 402895 404924 403112 406369 408386 408533 406814 406823 397909 410341 404354 404845 401441 408009 401014 408687 411551 407199 406504 409817 569135 412148 394856
389040 406132 564113 399101 400483 406602 400225 395816 398435 409350 396566 404713 388512 402096 397268 395510 397850 393988 410664 399219 403578 408816 403651 398892 398890 401249 394601 393682 405379 403270 391592 390973 397352 401640 394890 397622 403169 392630 394687 403133 400048 400162 402502 405976 398799 400029 401261 404866 405276 409374 413163 396466 407597 391962 404440 384623 408056 392058 391661 396029 387175 398783 403160 397541 399501 393714 401834 405215 404316 395313 407748 399207 405960 400456 391388 401040 399477 402557 405142 393856 393188 402519 390958 402994 407754 395742 404991 405972 403139 399843 391679 393301 399649 400960 403954 392643 410730 397816 406162 395641 400207 400288 390485 394302 392052 399850 398090 396364 397081 393176 385621 389431 393670 402969 391408 396489 409223 396941 394642 389897 400582 399899 399558 397842 396398 400234 397564 393471 395018 393978 393792 392485 396245 394189 393356 399919 400568 389096 388590 391485 408412 392164 396040 394594 392865 388585 392501 395200 399889 400721 403398 404060 390394 393532 394774 401036 404983 398327 393997 395020 403534 416050 403298 393792 394167 394524 401858 399335 401859 396533 394919 399015 399881 396870 392600 394869 398042 394971 387128 405359 396817 399464 392361 390775 400711 402490 394918 389544 402291 391456 392817 396159 402447 396846 396228 401839 393528 397865 409289 387863 404226 408440 402994 399874 400962 405912 399400 407306 410323 400948 406149 402466 405536 398911 410703 399079 408043 402910 399916 393852 403146 400306 408823 399789 404153 397354 407821 405718 409514 395471 400982 397612 398446 398774 400022 415138 409268 406941 404873 402552 408417 407936 409728 408838 401835 406848 401321 411440 407286 404585 410876 411238 403453 412294 414130 397963 412415 412188 407925 416940 407539 395565 412229 410235 397464 408825 411763 403912 403354 417655 406100 406389 398320 396591 403058 398686 400702 398629 405827 399459 406249 410727 405013 404897 408482 402408 408372 407091 404018 402016 408952 397934 408219 406746 405846 405301 409622 570276 416855 402036
391409 396442 560823 399522 401999 400604 397450 394973 398425 409116 396713 397146 385595 401243 398939 397334 394939 394078 411139 398520 400164 399405 398466 398872 395037 397924 394200 394742 404075 405823 396140 392075 401625 403427 399060 393573 401300 388175 392164 400366 404872 403278 398770 406281 402632 407742 401255 406176 402716 404234 409785 394332 406331 392149 399756 387661 404900 390075 390598 397228 387359 397976 398242 399077 398368 392591 405129 408703 404553 394184 403475 399914 400067 397311 391381 397328 402173 401101 404228 396468 393049 398834 393473 396267 407832 398452 406057 402690 404518 395922 399982 396344 399833 404376 405211 393181 407237 399059 403841 396107 401218 404747 389896 394636 391962 397128 399339 399557 393919 396148 390387 392393 394124 400225 394025 401674 408708 396310 389885 388169 402379 397255 396790 400127 393344 398419 400898 396459 396181 397502 394421 393464 397144 392513 393568 398435 399517 388146 391606 391005 407968 391691 394921 395026 394544 388896 391931 397030 393877 398544 401104 399955 391414 391768 398412 402562 398705 402748 393199 395738 403857 417540 402328 390727 390829 391492 399066 400154 399303 396255 394304 397149 398626 396312 391595 396859 400240 398079 389741 398248 399140 394849 391090 393258 405201 404991 394460 388621 394648 389293 391464 392904 402397 391472 396600 397519 396793 391568 407084 389099 402278 408806 401334 396149 401003 407559 402059 403597 409507 400512 407501 396985 402329 397202 409216 399006 410962 400527 398951 394768 402525 402676 404559 399119 405584 397446 403936 411527 407673 398766 406712 397316 398520 399363 399002 413050 410888 401544 404583 409534 405869 411188 406833 407302 404140 410873 398066 410907 410397 405191 407411 412597 407656 414020 417052 399630 410474 409336 405747 417586 403414 398333 411667 413933 396271 408811 412167 401759 407437 415701 407388 408147 396249 401996 407420 402655 399721 403875 401493 398230 406143 408710 406285 407095 406771 401182 407183 402047 397323 401073 407426 396345 412487 409044 408960 403124 409386 575118 413894 399826
395063 409032 568791 395823 405283 402389 395707 395990 392289 412645 393957 397121 382487 398068 396397 392167 400352 396788 413566 399725 401569 404089 400362 401514 397709 401256 393468 395413 405242 398760 399199 393582 397126 403007 398847 392008 395592 384370 393936 399624 400005 399491 402892 407113 398909 399425 401490 405262 402594 409049 408978 396065 404092 393898 398619 392989 403759 392233 389241 395274 388684 395504 402637 399200 400349 391995 401162 407304 402875 400212 397561 401338 402277 402160 393893 398540 399003 400155 405749 392652 390766 396106 391057 399132 410371 394540 402616 401609 403595 395275 398095 396644 396701 400761 402114 395368 405892 393929 406373 396717 401163 400479 390048 394127 394045 403307 396496 401222 396664 397810 387367 390123 397406 402748 397302 399155 407568 397126 394401 385881 399539 396088 396466 397638 396030 401133 400934 391397 397832 394784 390563 388556 399335 393792 396256 398349 399502 389479 394018 391739 410311 390103 399263 394848 391088 393306 393893 396941 395722 400986 396963 401125 389083 390614 396938 400479 405022 399588 392840 397901 404449 418258 403992 391159 391709 394419 401737 397797 401433 397230 393591 401957 399377 393258 392505 394032 400360 397300 390541 401371 398229 393958 390143 395418 400636 406828 393010 395523 398257 389028 394028 391596 402680 387217 396486 401172 394513 394883 407041 390955 397171 407082 405085 401471 401637 403726 403684 401419 406188 405009 411422 404607 403587 400934 409442 402502 406812 403090 396534 394262 401228 403166 408070 402050 403542 397442 403638 408201 403832 402152 404416 396699 396320 398875 403393 412156 413291 403821 407696 405120 405340 406840 410800 408977 399651 407288 401175 410403 409934 403270 404843 410623 404087 413693 417726 400419 408038 409236 406095 411388 399456 405210 411122 409939 401334 409366 407229 406011 406133 420390 404013 410296 397312 399836 403197 400496 405326 404851 403042 399946 404038 410838 405487 405205 408142 398729 409462 407002 401380 401714 404617 397995 407704 405067 408795 407721 412478 576152 415522 397809
393146 404305 566983 404901 402844 402869 399835 394103 393997 408429 396883 396989 385191 398544 393927 396026 392750 396192 408765 396926 403086 403623 401798 398844 394292 401259 394094 394018 403477 400864 395052 392392 401330 405947 396498 393057 401804 390246 393309 396572 404141 398318 401675 406175 398138 400006 401595 410394 407285 405122 412010 394290 404865 394206 397363 390565 405977 395942 387442 404373 388650 394299 397097 402258 397510 393137 401848 407733 404356 395018 404341 399755 403830 403991 391410 396913 403984 397107 405530 395452 398940 401127 389759 405161 405468 399264 403852 401592 402815 399973 400477 391426 396241 402144 405161 399105 405240 394925 402647 396562 400216 398346 390952 389930 394150 401869 397113 397085 398960 397004 388713 396788 395774 401571 391553 394421 398509 397037 391509 391792 399883 396662 393375 396787 397389 399262 402429 394805 391790 392073 388925 398519 397067 394651 397640 398413 401687 392247 386409 394376 407701 395342 395453 399038 392340 384857 394469 396178 394441 401751 399126 404851 390804 393612 396939 404288 405584 399308 393771 397286 405901 416541 406218 393111 393139 393234 403912 402920 400714 397341 399898 399231 399854 396355 393068 393332 400919 393864 390109 400682 401463 393503 392027 390002 399959 401536 393169 393079 399014 390251 390938 394418 404553 389235 393793 398692 395499 392749 406049 392937 403337 405774 400189 402065 395871 406422 401306 399104 408341 400058 410612 401340 400735 398721 406332 398432 411168 399742 400905 391295 402437 403464 407731 398588 406977 398399 399638 408370 403361 397238 402016 399172 396660 397131 406349 415055 407523 405481 405866 407178 407049 404229 412362 407252 399031 404772 403518 412356 409377 407408 410097 406336 404032 415736 411002 399076 407929 406588 405708 415834 406950 395933 409799 411316 396771 406969 411278 402325 406304 417586 409233 406752 399002 402508 404446 400820 401234 404967 401814 395938 410636 414244 401827 406567 409901 402633 410856 407725 403493 401100 409467 396416 406697 408071 408212 407856 410321 569014 413698 395702
390369 408450 566230 398539 400902 398661 396716 398209 392309 405306 390705 395808 385204 396163 392391 397292 395829 392705 406622 393780 395007 400109 402979 396520 395181 397167 394753 395428 405408 398465 397300 391520 403738 403790 395318 394645 395946 392819 388627 396858 403839 397331 397112 405178 402672 401405 399347 403059 400837 406240 405117 392851 402150 392638 399118 389527 407024 391203 385107 397731 385536 397213 400175 397672 398478 394200 396780 408069 410626 397001 400316 397873 400955 398300 392274 393825 400600 398796 403359 393096 393010 395922 390700 398530 404879 396388 403052 399749 398702 396660 395985 396038 395487 398927 401922 394731 403369 396222 407757 398082 398994 401504 388047 392339 393451 396171 394458 398633 397917 392692 385460 391842 395732 400663 395023 394544 407796 393754 391336 390186 398230 396320 394965 396374 397233 398113 397294 393512 394951 392034 388974 399061 393155 392911 395878 400333 399004 388808 388348 394419 404553 394209 402113 394634 392455 393012 397247 392469 395779 399649 396988 404914 391835 399926 398473 403355 401067 400130 392438 398560 407887 416785 404116 393415 396425 393454 399763 397206 401501 397337 397497 395834 400539 392897 395004 392183 398568 396527 388487 403950 397127 391495 396068 394862 404305 404353 391177 391153 398133 388886 395432 392437 400522 390177 397033 401219 391863 391143 406319 390196 399848 404286 403460 395485 398594 399486 401154 402391 407582 401020 409305 403741 404145 399983 412420 400014 406688 403245 397088 392845 399131 401699 409973 398600 404421 399269 399630 408261 403153 397097 396962 400440 402835 400570 398580 411898 407454 406041 403091 406555 406249 401825 413057 408772 400689 406212 397003 412701 407443 403928 407718 408446 399976 413186 416869 405965 412051 409902 407863 418053 407706 399075 412319 412447 401068 409871 411615 405752 408134 419827 403454 411664 393733 401795 403155 400809 401950 403225 405531 402720 404492 407150 411012 406154 414375 398955 411224 402691 405483 401566 404553 400919 406762 408703 414707 406253 413808 574212 412409 398294
391339 403826 564410 399770 397571 399330 395593 395256 395193 408317 396198 394430 387071 396208 395443 395310 395559 394346 408796 395255 399862 404565 399985 397492 396382 397013 392454 397781 405351 402468 393175 392051 395665 404696 397267 398203 400016 389295 393229 397815 405510 397762 398840 401534 396322 400049 401950 406917 401753 411280 405180 391090 405572 394839 400990 388383 408001 392499 388944 393548 384684 399522 400456 397719 394348 391234 398600 404996 405925 396824 403980 398342 398635 400335 399450 397570 400851 398416 410406 394640 396017 399231 387951 403714 406376 393666 401339 398695 400779 398091 399004 394213 400534 398674 405587 397275 404734 394215 403063 394596 399885 400717 384950 391138 394516 401568 396098 397851 397287 395239 384420 393100 390579 400898 393987 401661 400636 398160 394892 387954 399998 397877 395056 399518 390614 403954 393700 392643 396912 393200 393277 396179 397434 397407 394870 401349 398354 387623 389242 393356 404820 387883 396080 395349 394142 388711 398282 396685 397016 403099 398679 400243 390692 394844 397138 399576 400786 403392 391959 396203 405126 418080 399546 390906 390691 392883 397671 400950 399026 398638 397418 398161 398523 399400 392515 392321 400765 396003 388115 400313 396548 394855 390509 390242 400504 404980 391184 393746 394863 391192 392812 394355 399999 391510 392076 397441 392988 394009 406697 388736 400253 406116 399308 399938 396825 405553 399932 402249 406009 399521 408546 403702 400271 403123 409874 397395 406789 403684 397402 394162 400468 402028 404812 393771 407141 394097 400841 406872 405673 398207 397854 393487 397567 394396 401047 408438 410365 402256 403225 406383 405284 408211 408756 408635 398979 408165 401901 405767 405939 409837 409214 407258 405897 414239 422022 400086 408131 407091 409385 412244 399659 400455 411666 414291 395518 412048 411852 405474 406948 413537 403318 404119 398535 398960 403348 402721 400810 405346 405394 400951 407242 409530 406250 404732 404657 398824 409669 408118 400131 402110 403143 399676 407523 404223 408219 407230 410643 572775 414388 396769
392103 404012 562982 396363 395461 403923 401063 400356 394327 410212 398303 397167 385720 395881 398845 392228 394031 391836 409603 399417 397882 407800 406565 399536 390502 399227 392868 392807 402720 402160 395491 391027 399099 404641 393813 394988 399327 392231 394536 400426 403131 403612 400023 402898 402943 400582 395549 409397 400609 407301 409555 392242 402924 396884 401258 389787 403492 395532 383753 398287 390765 398265 404007 399324 398142 394216 399318 408888 407152 395903 403631 404546 400870 399725 396750 398799 398084 399794 402147 391197 388586 398819 387244 404916 409170 398694 404777 403209 400915 397474 399131 396546 392247 403279 404032 398387 405834 398028 409998 392484 398394 398706 392620 394109 395778 399641 402339 396804 394575 394313 388416 396737 392917 400970 395622 400397 408662 396487 393803 385556 399352 396435 398586 398183 397124 402733 399570 392148 394358 394092 390776 396853 398635 394713 395286 396226 394072 395032 389732 393432 410996 390439 400971 398891 394179 390507 394693 399184 396763 400854 403920 402013 391915 396857 395345 404504 403288 402294 389215 399123 408260 416041 403957 393198 392846 390156 396881 400631 399359 398955 400311 400968 402751 395887 396234 394652 398822 401567 385902 401364 400947 392642 386387 390479 400226 405461 394500 394835 396208 392964 395155 394064 403013 393085 394533 398804 396732 391079 409405 387273 402131 402739 403070 402448 398447 406230 397970 405210 408108 393224 407365 407761 403179 396242 409900 400397 407092 401353 400875 395195 404499 405040 406283 396962 404616 396721 406839 403748 407560 398248 403423 394854 397365 395746 403316 412439 413965 406868 404315 407065 403210 403158 405832 405781 403465 411206 397642 410929 408727 406153 408043 411821 405218 412516 414314 398031 407958 406642 405382 417329 406041 399596 409090 409682 400882 409929 415406 405193 404503 417317 405113 404835 399472 402040 405565 397785 398293 401665 400327 404264 403791 409750 407568 404473 407896 401304 408484 403738 399622 403287 404286 402423 411533 408964 409994 400849 413468 572538 412717 400112
395251 409439 561480 398513 400972 399672 398286 398896 396089 404570 395805 396161 381109 398229 391912 393438 392204 388605 409954 397093 394805 404432 402973 397304 393036 393549 391319 394420 405064 399507 394128 394532 397402 401153 395281 394641 403247 388949 390694 395898 405914 396561 399646 401577 393611 397681 397256 406574 400342 400825 406468 394314 402308 394159 395809 391773 403429 393042 389104 392270 389996 395845 400748 399278 399339 395726 401622 404045 404084 396085 406859 395029 399741 399439 393262 394847 396990 402512 406258 391428 394265 395021 386757 398556 405263 396076 403830 400913 403993 394875 399141 393906 399435 400135 405595 393613 406937 391643 399634 393964 399786 402431 390986 393373 395465 399739 396145 400492 400710 396479 387761 390833 391616 399754 388590 398777 406943 399999 393765 388620 397287 398763 397838 400025 394674 397559 402216 394110 396935 395418 393237 396290 396610 396144 397205 398182 397466 392312 388726 389450 404789 395034 394913 398231 392662 390339 392486 397585 396124 399163 398338 402695 391626 397364 398910 398906 400955 403111 389251 397411 402117 410568 402747 390607 394501 398504 404523 400558 401140 393187 396525 398878 397351 398277 395856 395753 398488 398955 389463 403759 398034 393410 390163 391391 400451 403138 396675 391341 399370 394765 389013 394481 404249 394815 393072 397934 392915 391219 407532 386769 401535 403156 402237 399569 397435 403285 399692 402682 408500 400132 405753 403713 401438 397195 408242 403048 406863 403290 401288 396455 402916 401459 404823 401835 405263 399090 403450 408555 406129 397982 405190 398348 399910 400891 400484 409537 406839 406334 404362 403569 406615 406357 407653 410551 399734 404704 400607 413727 411354 402995 409804 406857 405564 415777 413756 398721 412434 408583 407068 412521 403084 398972 411265 408941 396362 409685 411893 409036 407954 411324 405262 409632 398615 396402 402893 404880 402211 406505 402264 398464 405411 407661 405570 405068 406469 402578 409586 407423 402236 400645 404122 397326 402990 409490 403208 406018 410522 574052 412994 395995
389391 403247 566311 393366 400437 398193 399034 393833 394415 404784 399083 396053 388078 399909 394108 394697 397735 393219 409454 395671 402849 401846 400144 396458 394158 404320 388465 394684 402753 401153 397072 392972 399504 398568 395618 394230 395127 393283 391988 398749 404753 401610 398410 406411 401991 396828 402560 401560 400511 407469 411466 395973 400979 395857 397156 388249 405889 392570 387632 399428 392032 397661 398551 400493 398513 392963 399669 403510 404277 398460 404459 401191 403014 399163 396072 398240 401522 399406 404658 392845 391976 396099 390135 402122 407828 393836 403735 398972 402915 393866 394780 392704 396780 400128 403511 396190 403135 393852 404810 394163 403506 394648 386112 391235 389193 397042 398626 395263 398812 394079 389206 392063 394945 402528 395522 400492 410353 403324 394661 389629 396794 394326 393945 399337 400048 400019 396787 392790 393523 394606 389580 401566 398567 394159 395408 398250 400582 388897 386125 393331 405797 390234 403818 396409 394531 392553 394204 394302 396283 401728 403341 404590 390898 395740 399536 405454 401413 401675 390811 396132 403912 412552 404487 389683 389207 394976 399992 401348 400440 394596 395104 394457 399289 398064 394963 394011 396913 394470 386371 400451 399054 392424 388797 392583 401766 403426 395189 392448 397173 389853 393139 391067 402294 392327 395100 394510 399513 391439 404004 387152 401979 404276 399724 395622 396352 401996 394979 404982 404864 396499 408012 400890 400267 398838 407090 400500 404718 401137 396969 393172 399920 402086 406865 399127 403822 396775 400972 403605 407017 396964 397369 397951 399917 397736 398203 410769 410417 402633 405142 407395 404579 400708 407246 411875 398916 405978 402875 407696 410789 411017 408272 405535 406474 413679 413657 399541 406389 406309 407833 415152 399402 400461 406002 414186 396029 410600 413336 405198 402083 410728 407700 407191 400030 402386 401579 401898 401791 401844 404271 400495 409220 406581 414535 402856 407276 400985 407676 408185 398505 401692 403450 400053 409773 404513 407206 403343 408085 575525 410489 395912
393223 404212 562417 398756 394967 402453 396438 392270 392422 408908 396606 398350 384142 397917 391418 394304 392916 395088 409546 395312 402270 403213 398806 397012 390872 397740 393832 393485 401001 397496 393385 392903 400934 398139 392596 395077 398758 391560 393974 396717 401403 396880 400973 401627 403142 403147 398352 406635 398565 404968 408519 390729 401825 390513 398967 390046 405278 394572 390196 396172 387131 398837 400435 396715 401410 390981 398572 403171 407571 398858 406231 399485 396667 398191 393314 393840 400122 400374 405812 387351 391993 400940 387705 398681 406362 396295 404688 398036 403859 399559 396161 393608 401101 394837 406085 395080 404821 400146 409189 393827 401200 400516 390532 393794 389565 400453 397627 400335 393135 393086 387847 389101 393225 400436 396568 395124 404354 397996 391589 388337 398367 396726 397238 396787 402333 402448 398789 390394 396678 394132 398129 398529 400818 391086 399319 399606 402202 390392 389359 395210 410241 391385 395279 398596 392755 389242 394944 398326 397742 403272 397036 406544 388147 395794 397322 401493 395597 399551 395741 395530 409440 420703 403745 393648 394355 395687 398241 396545 399663 397094 401200 397601 399482 400411 392646 395473 396085 394312 389976 405098 398418 394687 391468 388450 401634 401919 394426 390260 394759 393488 392759 394685 403320 393188 393830 399332 397932 394646 401947 386516 399808 401713 403752 395291 399129 405388 402896 403721 404951 401323 407508 400366 404523 394410 404193 401679 404349 397491 397489 393340 399602 401724 408092 400448 404801 398995 402660 406503 404607 398388 402272 399140 396995 399463 398598 408961 406489 404632 406506 405254 409229 403925 410667 405575 397256 408676 397354 408187 404882 404951 405605 408331 405218 412030 419542 400387 410120 413920 408098 415249 403730 400828 408569 410329 395069 409965 410038 408483 408939 413389 406573 408007 400385 398316 402522 403253 405922 405291 405114 397800 408816 408040 412158 403911 407369 399036 410690 405418 398944 403396 404380 396916 410760 410248 407268 402648 406647 573416 417517 398745
389360 403048 561418 397692 399292 401647 398603 394877 393612 407635 395144 396316 381978 397094 395478 393973 392524 390224 408760 397491 401003 401830 398461 393435 395163 402669 391779 395280 405193 399003 396703 393262 398897 403561 394031 396327 393731 391846 391474 398788 399112 396195 397420 404656 396770 398122 398660 405013 402164 406892 409550 395592 402834 394909 396275 388940 408238 392126 387941 394516 387686 398874 399994 394339 396361 395811 399141 403594 407460 396966 407823 401538 402989 396556 393091 398115 399393 400081 407134 398529 399840 398910 388588 397616 406395 398106 401642 402022 402681 393737 399479 394322 399086 400293 407047 395434 405165 400228 404525 396258 401156 400179 388687 391467 397029 401878 393707 398653 395393 395727 388862 387758 396106 405398 390479 400022 404467 398341 394566 390389 395890 398214 400148 395950 394994 399111 401031 391197 396153 394754 391666 395452 401664 394158 397392 398077 400184 391304 387561 391532 407530 393420 398860 400084 396184 390257 396850 402518 395994 406463 403246 406436 391258 397016 396766 405167 403256 403069 394049 396804 404107 422541 406016 395946 397594 398109 399805 396011 405435 395697 396906 398529 401639 398825 394077 395114 398325 395962 391064 399142 398017 401069 390887 390765 404379 402166 394668 392378 400013 391375 394439 393370 403660 390785 389442 397056 396137 394867 406831 388749 401562 403201 404510 401649 399637 402353 401162 399608 409416 401980 405808 401408 401143 396288 407400 402925 407218 402487 399142 394758 403103 402003 406582 402398 403089 396284 402428 405147 404888 399819 399803 397585 393736 397474 397362 415780 409384 403167 403882 406394 405287 406800 410481 409547 399032 405735 405725 411537 410209 403405 403568 409552 404113 410415 414397 397514 409126 409757 404574 413947 400855 401132 408805 411179 401049 410762 410430 402323 407262 421128 405818 402581 403649 404958 403633 402438 405149 405809 405830 401294 407951 412370 408143 406091 405758 397796 410761 404794 397881 403329 403158 402473 411596 412792 408641 404089 409792 569426 412537 398569
390913 401142 561440 399647 396703 399252 398902 397608 393942 407906 397405 398514 383181 399873 391829 392628 392574 394418 409196 398554 401306 404236 401273 397508 398698 395360 384652 397434 402648 399225 391095 391227 402476 401029 397505 396946 399744 388207 394450 396311 402439 397390 398344 399959 403287 401260 399550 405174 401856 408860 406930 395707 403150 391990 396509 389469 406144 392568 385464 393852 386522 391559 402445 400836 399517 389036 399913 399494 405434 397226 408335 397720 404583 399071 392224 396266 397305 399679 404701 394960 391043 396987 386470 399297 408089 396574 402582 405634 401770 397339 399320 391836 397422 398101 403299 395228 405393 396629 405699 394913 397621 397012 388124 392284 393751 397749 399491 397368 395136 393349 386999 396232 393478 407034 394008 398127 405752 400395 388937 385538 403424 395571 397541 396111 399038 398712 396528 392137 393838 397060 388620 398357 397022 397941 397620 398691 398794 392941 386728 396435 406825 393611 401170 400046 391574 389847 394519 396989 402505 401416 401114 403217 390834 398834 401653 404748 404600 405853 393919 397996 408718 416439 406056 391858 395496 397739 401646 401201 400541 396212 395153 399947 400350 396773 395274 397831 399640 394470 390966 402259 396040 390909 393190 394816 399991 405097 392019 389073 395805 392748 397451 390612 405309 390304 394946 397056 394751 389882 402779 389863 402696 403779 406970 400872 400004 410317 401501 401301 407097 401251 407606 403179 401653 395994 408049 399608 407652 404423 398304 393716 402829 402956 408439 401138 404782 398341 401538 403836 400049 399948 403287 401814 399747 398718 398300 408231 407986 401801 405521 404923 407299 405152 409962 410448 398618 407592 398511 412367 412668 407786 409639 409781 404196 412841 415771 399861 409005 409097 410042 416397 405934 397861 412131 410929 398872 405930 412678 404654 404578 418110 405727 409753 400852 402900 405323 404103 401875 406087 401859 403569 408795 412383 405900 405306 406212 398986 412016 404260 400054 403008 405882 400038 412195 411714 408127 402855 409510 574970 415510 400221
391424 403158 566896 395143 399651 395698 397102 395611 391463 403492 398086 393477 385085 396614 391785 391988 393123 391076 409658 396030 401444 402625 401710 392922 396493 400684 389933 396608 400396 402739 398565 391552 399549 403131 392728 395014 398272 389973 387476 398767 398659 402022 394400 405608 400490 397746 395245 402408 401380 409285 413522 394966 401617 389478 394292 385377 404555 388497 388422 395250 384359 400837 398237 399615 400088 393740 399484 404586 404752 395857 401105 399194 403080 402600 393619 396068 402079 399738 402571 394671 386486 401318 386995 403196 408996 395277 407504 399117 403077 396951 399048 395472 399161 401147 403623 394011 405830 398358 402552 394095 401937 399424 389300 392972 394610 398595 401292 396871 395396 392669 385068 393702 392844 402631 393217 397961 407728 398394 392300 385109 397950 398150 397515 396927 396398 401792 399262 394726 399381 398336 391526 392079 398519 394669 399256 403112 402997 394061 394677 392564 407806 394537 400643 397410 397198 391426 396479 398567 396381 402932 403301 400585 395216 392988 398026 405327 404845 400793 393816 398032 407501 418956 402784 395250 393715 396902 399815 399261 400532 396571 397833 398844 400109 397966 398335 395771 400474 395204 390458 405919 401047 396124 393691 391895 403106 400491 395736 390589 398457 392493 393238 392566 401457 391002 396631 395062 393211 393122 406535 392897 400543 403258 400419 397723 395180 400836 402032 401861 402222 397724 406887 404747 404484 397650 409381 401229 407397 402626 395304 396597 406904 401263 407717 400133 404070 397222 404191 404846 404890 397148 401119 398659 397139 402373 402215 409036 409339 401272 407591 407295 408775 406930 411235 410052 401957 404880 399543 411785 407871 411398 405301 407439 400562 414656 413536 399195 412545 409774 402979 414503 404943 401300 411916 415626 396745 411875 410681 405557 406390 416797 403935 406321 399281 401100 411677 403398 400060 406949 406194 402606 407596 408779 408253 402712 408784 397814 416221 404043 405173 403581 405009 392961 410898 408890 411279 407370 411097 575261 412341 400766
393924 400966 561786 397558 393069 399428 400637 395222 392519 410188 400303 394442 380853 393645 393472 394654 394897 395773 407233 398322 400677 403174 399456 401555 391446 397506 391451 397785 405687 399998 393742 390909 397327 404740 393251 397368 394906 387230 393247 398628 403124 396175 399451 401299 397589 397570 397382 402844 400632 406838 406034 391235 402813 391998 395951 387594 408842 393308 388110 400084 385232 395546 401808 398478 397674 386152 400579 401733 404835 397040 401464 399298 399156 401671 391884 395818 398248 399840 407028 391870 389332 397250 388978 402730 405345 394282 404023 399720 398686 396909 401363 390814 395797 401490 404583 398254 403768 395043 407210 393873 401406 395584 388635 390111 394889 400401 398217 395573 393373 392018 385281 394089 395498 402534 388929 396199 411253 395479 390155 387266 400275 395490 392492 399398 396474 399705 396877 389062 392382 394802 394374 395714 397550 398290 394669 400775 399483 392856 392247 394705 406279 390499 401800 398473 392605 390350 393833 399229 397217 401354 400528 404950 392682 396151 402389 404770 403192 404786 393381 398907 405921 420452 406495 392577 393387 394508 402761 398767 405613 394170 400247 400706 396838 398939 389234 394055 391857 398898 386764 399357 397274 393451 389786 395276 401924 399543 396536 393561 398829 390089 388776 394210 401410 394648 393943 403912 393490 388676 406746 387718 397741 408846 401793 400130 401868 406207 400297 401203 407466 397958 403645 402093 401918 396338 405258 398271 402302 402968 395073 392974 406596 398665 404376 397021 407063 398652 401348 407120 404149 397957 403740 398805 394251 397713 397890 411355 408169 405256 406015 407779 406101 408189 409527 407466 399287 402407 403725 411631 407694 406194 411480 407124 405425 411657 415854 398884 411782 406118 403047 413238 401456 397861 411191 412382 401538 409759 410400 406471 407897 417557 407336 411835 395601 397279 402021 404200 405928 404595 403936 402671 408305 407848 416156 403518 409343 400301 411456 406856 402995 403965 403770 397908 410900 406446 409271 408629 408543 573605 417103 396708
392114 405015 565901 399423 397510 399828 397529 395836 395090 407699 392966 393191 382760 392442 393728 393203 395313 390487 408671 395587 399808 403991 397501 396765 389537 398005 391354 392597 403057 399376 390582 390911 398900 404330 394640 394768 397083 392116 388821 400496 397958 401358 395955 403817 400839 396010 398258 406145 397223 405523 407149 389820 400837 389919 399605 387694 403302 390089 390153 394997 389501 393296 398452 399831 401747 392550 398306 405536 409197 393760 399693 398539 400336 398561 396830 396768 402142 398934 402665 393709 389776 402967 391137 399108 407101 393661 410178 402631 398338 396892 402015 397390 396179 398982 404438 398996 409208 399923 404317 388768 400144 397617 395216 393906 396883 397419 402154 401625 397252 392215 386754 392228 391968 402294 392383 395483 401968 396227 391318 385888 395301 398914 395348 397408 396949 396865 397524 394767 389740 393726 390677 396885 397888 398114 393755 398053 400562 391038 390051 392837 408008 392663 399461 397276 393426 392515 397490 397343 396714 401824 398187 406026 394261 396194 397693 402422 400116 402439 395263 398176 407116 420367 404440 392389 395242 395292 401297 404298 401709 399141 398776 400400 399939 399451 397054 396057 398406 397562 391759 405014 394413 397217 390984 393860 400401 407943 401441 388935 400592 390911 396007 391106 402848 392424 395130 396906 390850 389295 408115 390021 400610 404650 403132 396294 397551 404646 397979 403101 404179 399264 402036 402713 404500 397855 408464 397524 407301 401531 399399 396877 402354 400898 406266 397640 405063 398694 402823 405893 405665 397712 404341 400608 399261 393654 403270 412141 409023 401311 409620 403655 404734 404047 411926 411988 399071 403777 402705 413079 411573 407664 407552 409384 405758 413005 415838 401041 411037 409513 407862 415328 404486 401368 411054 411872 397529 408165 409890 401256 409321 418526 410093 409713 400534 401122 403632 403054 403819 405990 406523 398635 407271 406994 406521 410073 408696 403296 409465 406700 399067 405137 404865 401117 413470 407957 409461 406023 406252 575335 418735 401288
387018 406529 562606 398308 399082 400312 396730 393601 389846 409046 395887 393792 386290 398154 396490 394341 394382 390955 408190 393970 403198 401670 399834 395664 390625 398186 392977 391729 402866 400829 396796 391185 401578 401833 392382 394513 393183 389898 389941 394118 403581 397494 403292 402147 401527 395098 396589 404907 395309 405233 412280 391762 398768 392049 396712 388890 402848 390955 384815 394091 385283 399574 393381 397071 396609 392600 402498 404810 400987 395048 402490 397948 400918 397626 392985 395747 397651 400958 405838 392874 391028 395569 384391 397288 407105 393652 404635 400844 400928 395742 396227 392397 396729 397025 399422 395688 404559 400423 405243 392219 398321 399638 389093 390917 391000 399311 398275 400275 396968 392477 387595 391288 391732 402077 392680 395157 406823 399358 389690 386206 395402 393346 396051 396839 401585 399801 400907 394097 398727 387297 391045 397998 393812 396251 394150 398025 401364 390329 392488 393807 409058 395762 398594 395909 393811 393515 396763 399333 394538 403670 399961 403609 397076 398803 398773 405950 406885 400774 394933 399336 403994 413315 403395 395699 392552 394608 404375 401462 403587 397253 396001 397950 398624 399886 392599 396800 399416 398493 392645 404492 398477 395143 386609 390074 396703 403934 390870 391245 397988 389392 391207 394397 406207 390375 394435 397667 392043 396673 403339 388415 403590 404826 400703 395699 399012 406328 398203 400243 406778 397358 409625 404424 400327 401038 406366 400849 406642 400009 399164 393524 397854 400568 406970 400795 403901 397902 404530 403352 405555 396950 401985 398898 398141 400393 401919 409654 409584 405747 403454 407686 406072 405692 404753 405762 399954 402374 402342 411424 409428 409156 406896 407977 400148 410821 414569 400374 409893 406115 407887 412828 403912 401006 408733 415360 397063 411333 414595 404032 407667 419353 408597 410213 397713 400138 398127 404578 402653 404995 404297 401596 404082 408627 410739 405164 407033 400287 410473 407544 403167 401929 404890 398658 412914 406853 410401 408603 411245 576214 413847 399025
394560 399428 559860 399840 394136 399653 398236 401394 394813 405730 396044 398158 383058 398365 394090 392787 394478 391978 403763 398765 396704 408511 401338 394037 391291 397216 389864 390471 404033 398367 395525 388038 398593 402261 393107 391124 397874 388347 392434 397497 402449 396746 395489 402194 397405 395629 398999 403702 398836 403211 413974 390537 398761 390057 395270 387914 404707 384316 386950 395069 384791 394649 395888 396978 396745 395820 398369 400905 400306 393790 402948 395503 396148 396919 393009 391494 399413 401399 404730 392505 394026 399003 386753 399895 406421 392203 403316 402361 399984 394594 392765 392421 394795 400009 403846 396554 406253 399346 403295 396167 401625 395576 390327 390746 393693 399043 398857 391907 398293 396051 387046 390521 393978 403282 389865 397014 406421 393589 396405 387376 397383 395212 395896 399792 392026 397773 397917 390029 396038 393450 392211 393726 395862 389233 392936 399656 404086 392422 391958 394172 402097 393351 397621 395570 393508 388240 393863 397818 399110 403078 400382 405122 390540 395305 394283 401464 401096 402897 394182 399234 403474 412167 402375 392212 395150 396276 401996 402582 399407 395998 396794 401070 401631 405423 394558 393118 402301 401573 387914 399117 399468 395215 389572 393362 401253 406882 391294 394919 399277 386908 393417 394926 402506 387381 396097 399648 394528 388941 405003 387810 399040 399656 402347 399528 395096 403832 399115 397896 405940 401321 401278 398365 396496 395275 408507 402031 405615 398711 397981 394562 404426 401914 404143 400046 403504 400376 406362 400286 408229 398045 405152 396994 397370 400187 401766 409536 410614 407237 407531 407055 404612 406333 408533 403256 400583 407225 396797 410450 406785 409793 406819 409003 402315 410222 413603 398630 409404 407410 406880 416777 400957 399061 407484 408450 402400 409517 412474 402691 409827 414107 407079 406274 399194 397340 404512 398624 406889 403732 405654 398365 405974 409119 410666 409509 405452 400660 409073 407264 402633 404932 404157 399873 408521 407686 407203 404330 407619 573567 415761 401614
394442 405279 565170 396735 400068 401585 398152 396994 395908 404616 394349 392271 388358 396031 394825 395991 389096 395687 409692 396247 400479 404405 404290 395691 394489 398580 390391 392576 405132 400485 392467 390327 398774 404833 397446 394500 398419 388212 392795 397387 397840 400594 398533 399762 400186 395964 396816 404313 399747 406171 407575 391313 405563 389914 392921 391431 404987 390760 384897 394047 390968 394695 398257 399547 391055 389824 397987 403289 404239 388412 402890 396479 401283 399010 392345 399819 400043 397286 401886 390566 396116 399950 387670 399727 406441 394996 403570 401372 403240 391727 394879 389749 395810 399263 403750 393626 404806 398797 401952 395679 397096 401325 390137 390992 390754 398585 392973 397761 396107 395022 385569 388440 392705 398207 393338 394391 405914 394435 395686 391726 394196 397682 398079 395554 394050 399820 399100 389835 393971 394268 391882 394591 399724 395961 393733 397370 404599 391891 391128 393460 409946 395170 394320 395835 395087 389565 395985 395452 399865 399984 399204 402808 386744 396012 400258 404495 406215 399956 391950 400768 408731 420265 405574 391303 393708 396731 402514 397538 404611 401922 395941 398578 398156 401956 398313 393849 391856 395739 387543 402499 399080 391878 390227 394546 398297 403661 394765 391488 403266 392768 391884 399395 406779 388235 391174 398601 394221 394168 403794 392403 399703 401778 396801 399696 399024 404022 400279 399471 404155 396394 404343 401611 402047 391806 403888 401042 405111 406053 396032 393087 400724 399253 406464 397079 404808 398250 405505 401482 401995 396042 400298 395875 394163 398702 404075 410435 411135 399888 400399 404034 405237 406232 409415 403019 402129 404115 401145 412494 406628 403125 407506 405019 403548 408109 416558 398862 405872 408719 405990 417940 401566 399969 411387 411994 398139 410918 410657 402540 403925 414383 405127 404310 397765 401054 402399 400680 401039 402800 406765 400750 408196 407201 409094 405838 406347 399571 411477 407537 405338 404845 405024 396944 412317 409811 408492 410430 410782 570489 411695 402865
393572 400999 561918 397524 393437 399596 398030 397619 396660 405774 396285 394718 382482 394371 397378 391072 395821 390277 407359 399707 401035 405432 397938 395774 395108 402025 389419 396536 403798 401607 392986 392180 402039 401471 387212 396022 396630 389063 390005 401739 402189 393626 399479 402935 397247 402680 395487 404304 394494 406209 403143 392431 402524 388865 395917 386056 404808 390736 385341 392859 391257 397061 397205 399492 398588 390457 396062 406166 400976 397427 400920 396969 402063 394894 393000 395618 396063 398296 401936 388972 385480 399509 383250 399233 403257 395977 407102 401974 400836 393426 399682 393344 394405 401221 404188 397924 403370 398022 406394 388866 399136 395991 383492 389131 392547 401057 393849 401764 396110 390203 386046 389228 394157 403868 392067 395535 400962 396468 392746 388116 395207 397269 393461 396071 393732 398693 399060 394664 392492 391461 392231 396772 394390 394357 395467 398014 397915 391825 392215 393852 401826 390417 396691 395947 393548 394436 394490 397777 395215 404841 401647 399428 391431 395609 395558 403363 404832 407248 395642 393396 406904 420807 406648 394429 392165 395306 397959 397115 403132 397825 397755 402625 401655 399689 393376 397020 402385 397063 389575 404082 398708 391697 393150 392603 399213 404039 390582 388867 404027 399099 394272 395415 402054 390529 392165 398158 392608 394838 404728 386397 399901 402765 398631 397572 400854 401464 399396 399014 403475 397563 404991 398014 399134 399310 405077 398521 406716 402314 394919 389747 399621 405710 397756 398192 399795 396455 403946 403114 409665 400502 398580 398734 395103 398126 404962 410840 406480 401442 400938 405152 404669 403788 410428 407833 401228 409761 398670 411967 410095 406317 405594 406432 401366 411016 411447 398713 408862 405217 405526 414102 403714 394048 410161 414305 400199 410596 412430 406762 406261 413609 407636 409943 401260 400780 403899 403029 395926 397252 406568 400398 407054 408353 409307 405198 415079 405725 413683 406748 401007 403570 408508 401466 409844 411827 408020 407105 411140 575938 413346 403447
393488 402071 567265 398148 395875 399416 399078 398270 395103 407851 398618 392192 386845 398638 397966 395192 392899 394599 410567 397114 400383 403258 404469 394990 400079 398601 393729 394252 399654 400910 399751 392955 394234 405264 393819 391451 397296 390252 391348 394756 401262 398761 395241 404788 397086 396623 396583 400184 398950 406713 407725 391244 404469 390700 398646 386457 402680 389592 386413 399031 391102 398120 394620 396201 400636 390305 398194 398945 405164 394178 402922 400228 397753 398456 391351 394193 399514 398922 398225 392857 390133 396247 389618 401322 403565 394403 400725 401039 394897 393824 400055 392357 398727 399371 401398 394354 402077 396433 403456 394731 397947 398708 389538 389604 394463 396093 393273 398031 398921 392959 385508 394646 395102 402031 395182 395137 404593 397623 393338 387202 399893 391702 394883 394881 397476 402139 401000 389907 393974 394832 392441 396368 398021 395035 396898 395300 398895 388763 385698 393825 412147 393857 404110 398229 392102 392922 394895 396130 398169 400299 399952 405223 391811 393540 397644 404684 401885 403094 394704 398283 403744 418521 407878 396884 392818 396405 397809 405800 402752 397250 400257 398384 407526 398655 398215 397521 397971 396754 392673 404061 400818 398546 394754 392863 399533 401549 399166 388645 399602 388162 394870 391422 402534 390507 395754 398382 398831 391277 405390 387721 400747 402377 398507 399187 397614 406664 400360 402920 405094 399528 404237 403267 400178 398871 404503 396069 404895 400160 397917 392994 399640 401861 404692 400173 402053 400123 399632 404132 405741 398248 403548 393282 400944 393788 399536 410393 408181 398003 405430 403929 401876 401816 410258 407275 400240 401654 400201 411612 406642 404866 406373 406390 405817 411611 409664 401947 403455 405047 408122 412073 405141 397641 409953 410355 396662 411827 410574 406178 403070 414375 408878 407292 397372 398254 403461 400825 406896 404064 408246 400418 403924 413065 412174 405663 405388 403264 411172 408808 403477 402141 404443 401329 412350 408879 408182 409920 409227 576992 414085 399924
392199 401593 561651 397852 399786 403430 399775 400131 395169 406931 394844 394329 384407 398097 395847 395835 390027 393666 406572 395267 400863 406957 399052 394239 396995 401319 389383 395071 402853 398581 391159 393045 397830 402182 395996 392287 398303 385240 392036 394047 398803 393746 397158 404721 392368 397926 396675 402979 401333 398314 407605 388979 402743 389299 394026 387452 406234 391262 387522 393250 394970 398202 396341 395641 396378 390874 398840 397685 396495 392725 401166 395820 401553 399979 395439 397195 397632 401245 403013 390760 389562 392268 387099 399966 407169 390240 401282 400944 403113 390385 399251 393439 395242 393524 402078 392530 405884 397048 404131 393281 400418 394979 388396 392691 392127 400095 396975 397656 396848 395057 390417 391388 392711 398067 390224 395959 401003 395101 392023 385283 398427 395380 393701 391997 401061 395257 405077 389500 395751 396971 389325 397245 396576 398544 393813 395501 399990 389178 389276 391807 406369 391127 401975 400728 395708 388732 394271 398585 396316 401519 402333 401718 396596 400065 398438 400725 404292 399327 394761 393866 406073 413775 401568 397479 395993 398548 403176 400927 410371 397288 399856 401162 406186 400737 396818 395732 398116 397407 388654 402704 399256 397593 398125 394654 400864 402806 397375 391462 397510 391855 392238 398157 407345 390047 394504 397792 393880 393156 404656 390636 402203 404194 401311 397650 394404 404052 397690 399508 405797 396643 403796 398609 404654 396106 408458 401681 403665 394979 394815 394485 398819 405141 404618 401965 404962 398390 398576 403053 402246 396465 403592 397584 394845 395202 402320 406336 406181 405077 397679 404195 403915 404363 408770 406434 398414 402933 397375 413304 407518 405551 406776 406172 404826 413600 413403 400199 409910 409921 405517 412597 400675 398518 410198 411815 397152 409883 408153 404889 404421 417290 410402 410120 397533 402871 406302 400752 403342 406080 402052 399808 411902 408211 407738 405530 406482 401044 409882 406617 402726 402451 407597 396253 413013 414145 408476 408235 406693 577872 417414 398588
394564 403639 566539 398506 397764 402072 401834 394333 396265 408402 395890 399642 384815 394808 395532 394621 395923 393047 409551 394319 402301 407666 397899 394671 392171 400733 392706 395717 404765 396817 387329 389875 399340 402091 392648 393933 395614 390028 393117 398440 397569 397955 398325 401146 401104 401506 395872 401551 400204 404070 408521 389637 403958 388120 396061 390323 400794 387639 385641 394867 384482 399129 397614 391484 394703 387797 400424 407067 401909 393190 399928 395900 400948 398010 393457 392183 398711 399619 403611 388913 390917 395801 388406 395435 405320 393169 404888 400735 399183 396875 395119 387766 393007 397069 404362 396118 402014 396641 399585 390363 396623 394119 384767 392249 396486 398343 396871 399336 396937 392333 386500 389941 398924 396016 390916 400851 405274 393343 387881 386919 396135 397044 395991 396423 395670 398492 394765 392231 393520 394787 389976 393604 394487 392587 396705 396114 399922 390219 390727 395820 405467 397660 397411 397115 397490 390490 397023 398170 397793 402754 399910 402230 394122 393358 395877 403617 404877 401020 394151 398118 408348 417163 404424 391469 392845 396629 403328 400015 403559 400877 400452 402436 404310 401462 398427 397818 398300 398886 389534 399381 401061 396083 392228 395992 401403 405696 398065 394013 404699 391804 394667 395443 405841 391055 396951 395362 395214 392271 405015 388300 400685 403569 399988 396233 397286 406012 399747 401134 406910 397199 407187 400109 398639 392408 407635 401270 404704 403093 394376 393128 402537 401215 402991 396197 399178 394807 403950 401976 404434 397966 402735 393357 394991 396076 397102 407165 405213 403386 401899 401594 401808 406027 404924 406402 399658 401120 398939 409826 403143 407529 407991 409611 400570 411240 415058 395872 410485 407183 405449 411206 402103 397467 410424 413369 397227 411430 410422 406793 405754 414569 404799 412517 400121 402766 406890 401080 403941 406060 408247 398606 408124 409958 406033 406179 410759 400701 414052 407943 406350 405220 402537 395998 414421 408739 413731 405290 413821 577607 415055 401767
395924 407323 563099 397493 394148 404805 397715 394933 394034 411069 398591 397111 388265 397982 394760 396694 395302 389251 408331 396180 400408 407206 404397 398412 396079 399334 391490 390643 399764 398486 393088 391429 398192 403949 396225 392995 399498 385990 389957 395755 399727 397400 395230 403515 400771 390760 397860 401709 398800 405987 412751 393763 399555 391985 392729 383766 404687 394577 385837 390868 384695 396786 401110 395330 392649 394675 395215 399452 400191 394547 398195 394900 395059 399677 393266 395249 398733 400320 401306 389791 387284 398436 385244 397564 405808 396093 400414 401305 400752 390221 391202 392110 394335 394713 400016 392285 403268 395270 407625 389661 396683 397353 388657 390491 388921 393032 395698 396872 390722 389036 383106 384495 395363 402737 393549 397326 402549 396776 390182 384960 402305 395001 395474 396238 397294 400134 397019 395015 391820 392987 390272 396025 394913 397241 395427 397582 403226 393224 392186 388989 408858 394018 397661 397606 397581 390142 397058 391456 397676 401351 399455 404184 391094 395628 401045 404566 399432 404184 396601 395533 406905 414954 406842 395678 396294 394015 404230 400244 400473 396541 397067 398767 401655 397940 396962 397709 393887 393572 391534 405848 398689 400563 394301 390849 400531 404832 393870 390524 400983 390994 391330 396709 404191 391247 389781 397858 395007 389992 408347 383920 400603 403660 401352 396715 399397 404685 399148 396857 405052 402383 403190 403982 398169 396808 403620 394451 406984 402934 394663 389989 401455 401993 405842 398956 400655 392861 399551 403007 405580 396395 403224 398043 393098 396306 400013 408032 409288 401017 405408 404953 405127 403342 409145 410610 398493 404715 396611 414299 402160 406429 407644 406767 402310 410440 416004 402304 406550 405606 406582 413246 401764 398847 408264 413083 392747 408456 410582 402374 406118 415715 402438 404619 398087 402352 403464 402139 405004 405816 401473 405085 406293 409175 405976 406172 412168 401770 411724 403810 398707 398049 404203 401231 407923 409101 410386 408055 412771 578217 416157 398978
398298 406690 568855 400822 395367 394137 397185 396531 396170 406925 398616 399752 386442 396724 395096 394720 396376 390200 409821 396671 397138 399230 401787 396800 394688 401539 391985 393728 401526 399660 396875 391924 396212 405123 393085 393535 395071 389025 395351 396454 400118 396634 395251 406842 397143 398470 395872 405674 398898 404206 407060 392222 397133 388362 399722 390526 402116 391595 385059 394629 386911 396695 393132 397913 395427 390271 395668 400097 400683 393898 397882 395982 397735 396606 387993 393267 396609 396487 403220 390487 389982 397491 385558 394664 403062 392188 399578 398576 396566 395231 397860 391891 392772 397296 402529 392465 403693 396365 405997 391208 397938 395952 383045 391702 393191 397735 396496 398751 396778 392594 388613 385969 394278 398100 393313 394973 405198 392873 389211 387053 399908 396428 391325 393953 394888 395528 396960 395942 396403 391658 391859 394801 398843 393066 393311 398014 397584 387862 387157 393044 405578 389811 399530 392949 392807 390812 395454 394819 396655 401531 400888 404097 391063 399276 398210 401640 400888 401349 395310 395834 406633 418588 404773 393245 397770 398780 399723 401628 408019 402638 398453 398250 403354 402313 397723 396782 399274 396033 392033 403595 398886 393473 393117 395587 401612 407399 393575 393984 401351 392373 396999 394894 400292 390547 397684 401227 398818 393050 402898 394544 403475 404045 402220 396539 400855 402665 399783 403675 404662 401746 407201 397163 398960 395789 406858 395689 403688 403542 394260 389751 400104 402976 405678 396392 402760 398439 404144 403900 401576 398535 401418 396896 399156 393787 402882 410219 403300 399851 402823 398922 402872 403782 406433 404264 395605 403317 397495 408938 405277 403226 406086 404788 402381 408070 412422 399576 405891 405164 404908 412380 406334 398534 408042 414823 397018 409621 413618 406705 405304 416767 405121 407948 396039 403292 406436 398963 400397 406294 405836 400491 409001 407077 406400 408149 407389 400870 412271 408903 402994 404861 405991 401638 409972 407671 407802 408583 411483 575523 417452 403876
393893 405264 563026 399603 401097 400900 398492 398460 395087 407380 400336 395286 386558 399857 394601 392432 393196 395231 408669 397703 404750 406507 403144 395717 394488 401496 395673 392679 401286 397663 392319 391638 399339 402147 391098 393768 402230 389478 388981 395567 398331 398573 395399 403908 395783 396102 395075 403448 400726 407215 403450 389976 404202 392698 394784 385647 404836 392107 386526 395390 381295 391803 400561 398255 399930 393616 396733 400480 404667 396638 399326 395458 401369 392369 393868 395188 394762 397987 405082 385327 387944 397000 385804 395850 402911 390598 404899 397318 399092 393616 394648 394820 395113 397743 404702 389932 399457 397791 404209 393416 397681 394153 386357 390594 390791 398914 396395 397005 397761 393379 388565 385423 396611 393921 392713 394280 405053 397014 393198 391223 394224 392181 397154 397566 394819 399733 401435 391944 392305 392014 388016 395232 394579 396592 391522 396039 397680 386846 389646 391966 407469 388993 394726 396908 395700 391371 396544 398580 394753 400762 401049 403133 391482 393607 399002 403594 401012 401127 395403 396386 410267 417256 401863 392845 394621 398497 398601 400158 405216 403546 398644 398081 401435 399558 393828 397408 401614 400121 389879 405953 398821 395976 393611 393153 397134 406149 392598 393547 399541 390520 394634 398466 404598 389513 392198 399860 396743 390591 405871 388888 401583 406350 398677 398435 398429 406905 398145 402467 404200 400945 404531 402358 402273 391296 406059 399275 405546 401115 398323 394306 400122 400582 403039 401915 400884 394866 403886 400234 401864 395610 399262 397402 391999 393210 400517 409610 403407 401240 403427 400771 400489 405500 408092 406411 399890 406970 398040 405028 406760 406375 410363 405228 401422 407312 408904 398667 406792 405567 407894 409909 406390 400587 404650 411794 394942 408449 410386 407069 406389 411309 404633 406862 399715 402893 401941 399528 404166 403717 405470 400209 407782 408244 408081 405129 412106 401565 414508 407469 402075 404173 408714 404814 411388 411557 412339 406622 414691 579130 415505 402188
399207 407140 567099 399521 397291 401035 399042 397031 394933 407916 399812 402691 383336 396104 397685 390026 392587 392861 409660 399058 401474 404670 400478 401726 393349 400429 389498 393491 403637 400843 393358 391297 399302 401014 398248 393814 397195 388539 392363 394332 400420 400344 392073 406604 397130 398062 399080 402395 401777 405611 405187 392039 397255 390813 397266 382931 405590 390026 390362 395718 385539 391082 394300 399718 395797 393471 394208 401338 403883 395945 402678 394156 400183 399264 391799 390932 395813 399934 404424 390035 391092 394179 386293 401096 398572 396561 402855 399244 395923 394049 394390 389963 393781 393851 402763 390104 403765 395715 398466 393776 400502 395055 386844 393951 392197 398394 393886 397508 395638 390942 385199 390164 391682 398746 393311 395392 409414 397283 389130 386606 394947 395676 395016 393877 398641 400074 398477 392300 395481 394563 393821 396334 397746 392428 395333 396596 397985 390323 387320 392778 413371 392253 397130 395100 391129 390997 394824 394042 393207 404337 398800 404027 389317 393089 397988 404080 403435 404356 399709 398233 402860 415751 403593 393720 393046 397853 402042 400925 399618 400500 399071 405244 401123 398627 395846 403607 398465 400726 387503 405450 400383 395352 393278 391708 405859 403911 393988 395515 400190 389150 393910 394864 405610 391129 392984 398459 394864 395429 405050 389425 402740 404751 404702 398291 397827 402098 401126 398676 407109 399887 407773 399641 394737 394207 406860 395288 405338 395834 395098 392261 394580 399197 404547 395816 402124 394160 402140 400871 400920 393511 405110 394584 396975 395523 403480 407639 405820 401294 400471 401488 402778 407317 406822 405773 398698 401113 394732 405620 403557 408810 406783 405301 397006 406032 415961 395711 409971 409248 403708 412776 403089 401780 406310 410230 398712 406284 410117 403383 404605 410912 404511 407971 398952 398893 403247 399139 402984 403947 402819 400731 407638 411454 408471 405291 410124 402390 412759 406122 400849 399975 405758 400855 415610 407869 409409 408640 411955 578210 416292 402732
392810 404532 563343 397935 399466 401289 398553 398619 391153 408687 393197 400644 386909 398037 395830 395826 396570 391800 408680 394244 399635 405762 402014 397327 394340 396918 394866 391884 403275 402069 395055 392522 396735 400889 392389 393748 393555 387038 388867 394991 399407 401355 393172 398129 402506 401255 395223 404592 398818 407006 406164 390443 402001 391088 399426 387534 403435 394060 389248 395677 381647 391004 395781 396925 398408 389519 399755 401846 402589 392673 398607 391679 396619 398482 389686 390323 397731 397913 398776 391981 387126 396614 385992 395262 403254 391797 397917 398404 399152 395644 393995 394595 388854 399467 398496 394616 403944 397997 403153 389810 394885 399407 386029 392410 393415 399183 393671 396010 393671 397902 384061 392170 393063 400416 391969 391621 403814 394948 387446 385863 393612 391010 392260 394911 389745 392883 399486 389458 394743 395030 390409 393759 397354 392558 393116 395940 395649 386473 389761 393716 404993 394251 398394 394841 389423 391365 393893 398477 397739 403316 396106 402451 389395 394587 398595 401270 402998 399804 395387 396263 407347 417583 409183 395364 392905 399692 400043 401551 406350 397020 397721 403934 402811 401067 391717 399858 397656 399671 388526 404270 397446 393199 389927 393520 399069 401650 393693 390067 399089 393950 395979 397056 405495 386928 396337 397398 400652 391224 410595 388120 402125 404150 402648 396188 397726 400773 399267 401014 409394 402435 403109 402967 401169 396198 407883 398256 402618 396781 396626 391049 400940 400763 401684 397522 399915 398976 403490 403738 404504 394666 402076 394728 395462 398380 396859 410984 406690 399506 402372 404724 404303 406806 408831 407177 396565 398457 396578 409586 402860 406088 407500 407853 400259 409509 412283 405065 409586 404867 403865 410166 403265 400850 403214 414210 393413 409349 410490 401110 407308 414017 404741 405922 397669 403963 399118 404936 405191 408042 407324 400574 409677 407280 407850 403959 409239 403777 414185 405949 398457 405290 406976 400497 410161 410527 410531 408272 410654 572995 417181 402579
395720 404411 561751 395979 399930 402728 399283 397077 397530 412532 398411 395975 382571 403564 396832 393083 394092 393422 410707 394837 401126 400255 403839 394221 397616 395694 395068 396567 403707 398797 391335 392135 401012 401593 393578 386661 395523 390047 392797 397114 402867 396091 396189 402843 400710 399884 399428 402081 398060 404492 405157 390809 401165 390707 393687 381179 403283 391428 388878 396842 385514 393039 394261 397221 395865 392287 397443 398946 402586 392013 398655 402153 400014 395012 391957 388279 401281 396136 404600 391572 389450 396373 383821 401072 405259 392501 400732 399320 396431 393417 391702 390828 394911 396454 400820 391395 405913 394365 398339 390109 398392 395654 385102 389951 393513 396378 395118 397500 394417 393788 386571 389644 394506 397383 388833 393367 402956 391476 388295 383221 395783 391768 395579 394335 395927 398560 395390 391860 388294 393857 391799 396787 398626 390054 391052 397824 397562 392255 387063 389419 407291 388962 396610 394749 390211 390261 394538 397194 395081 401369 396862 406008 393120 394431 394280 397679 399618 399708 391200 394787 406276 417906 404091 395521 394396 397268 400252 400470 402674 399972 402315 395358 403117 402651 396879 396337 398454 392194 392537 404190 401009 398448 393015 393865 398780 408096 399097 397693 399063 392819 392041 395428 409082 392871 397376 400493 391084 395203 410576 390041 400300 402973 401224 397525 397997 404706 395515 404974 403561 401123 398511 400465 398092 394434 402017 400715 403665 400556 400128 392605 399895 396975 400857 398465 400075 393959 403286 401319 401119 397175 400566 398756 395001 393876 398908 404843 408132 402176 405386 406205 403511 401015 404831 403819 395065 402166 396987 404620 409495 404951 405328 406779 406266 411543 412681 395987 409302 407083 405014 413663 401041 400211 409365 407123 395839 405871 410448 406031 404029 416148 401867 403317 398968 405874 406037 405142 402703 409006 403374 400493 407031 407012 408643 407878 411465 403667 412208 409537 397728 402272 412412 402827 408937 408936 412014 410702 412891 578237 412157 408531
390800 405630 559200 395865 395630 406257 402979 399963 395317 409854 398362 403156 383645 397356 394944 393584 396886 390847 410709 399406 403345 407744 401655 396610 393583 399616 391614 395151 406055 398794 393461 391099 399160 399289 398574 398966 396409 390632 393008 395975 397862 398161 397058 404769 397785 395641 395552 404754 397112 404383 409968 391399 401299 390497 397999 382877 405508 389110 387170 396952 392345 392440 397549 405350 398164 393133 400024 401704 402740 393426 400850 392967 400796 397175 391037 393661 397940 394379 400822 388940 390267 395761 389986 396608 403185 393842 400318 396744 398197 391249 394949 394148 395194 394682 404002 389926 401277 392605 404039 394949 399227 396850 387733 390503 389568 400142 393674 394660 395264 391406 386595 387749 393438 397562 392329 393359 401153 395010 385261 384044 396006 396872 393658 396735 393939 398273 395607 391281 395363 392388 386876 391621 397112 394919 395295 396551 400185 389116 389939 390312 405130 390912 395109 394060 396771 391778 397123 393681 395660 401784 400327 402619 390884 395714 397303 403355 401386 401391 391160 397595 406735 416271 397748 392850 392543 398953 400671 401588 405008 394101 400459 399878 398398 400089 398962 399189 404872 396692 388053 403032 398402 398910 395971 395124 403045 407538 396964 394062 402512 390709 395360 395956 403611 390531 394563 400164 399244 394901 405548 388778 401973 405268 402541 397526 399012 402764 403501 397320 402935 399163 407257 402223 397783 396348 403728 403759 405294 400830 397916 393165 400217 401787 404888 400964 401009 392323 400604 403640 405884 396618 395791 396650 396565 395485 400105 407664 407427 398604 405221 402526 398942 400454 406229 404333 394231 404940 394739 411886 410190 403342 406873 407488 403810 412027 415189 403656 407936 406639 401837 413792 405413 397874 410107 413241 396575 404489 414387 406200 405036 414962 408750 406924 398805 399857 403214 398623 399406 403992 400713 400191 407719 407944 407240 402856 404650 399489 412282 408301 398692 400767 406404 401736 412527 405252 404527 408981 411971 571610 414826 405093
396583 405047 563705 401196 398477 404346 399859 396830 401545 411496 399406 398397 386033 398139 396248 396893 394453 391727 410759 398948 403868 405494 403531 394420 397335 401196 392319 397071 405394 400312 393937 391022 400407 399965 395340 395091 398824 387066 388357 397458 402745 398456 394830 401970 399585 398773 395072 405635 394708 405313 406952 392310 400297 391761 393693 388562 405457 397331 388753 398042 387572 397693 397843 395995 396366 386909 394875 404286 399734 397896 404190 395738 399624 398831 390088 392415 393943 393875 401223 388558 388219 399415 386793 396640 400977 393311 398198 394786 401116 393306 391677 391124 392891 395786 402067 390996 397204 392055 404995 391330 395718 396939 387025 392163 392434 398990 395220 396516 391358 390639 382030 388302 387062 398732 389131 393190 406122 394725 388610 385125 396362 392955 392103 394662 395344 397387 397964 388895 394072 392873 388170 393206 397163 391989 393283 394027 397853 390963 388883 392375 403992 391565 397478 393079 395021 392000 393569 390331 396754 404985 405266 399678 390047 397651 396175 400954 401944 400933 394246 392511 407121 420357 406710 395205 395548 400317 396611 396801 402869 397717 399335 399079 406450 399778 397362 396146 395821 398304 387159 405661 401705 397757 399304 394513 400455 405854 396535 391862 400653 393368 393446 393779 406892 391182 395579 399943 396465 395923 407680 392311 406648 407054 400737 400690 399375 403527 402591 400292 404218 395711 406256 402057 397850 395191 402291 399391 400079 400851 398398 392219 402373 401398 398411 395322 402117 396667 403305 401312 400866 391270 401954 400036 396985 395368 396797 410478 403544 402057 401601 404259 402602 399712 404156 404523 395766 406690 399215 409729 404046 405813 406362 402049 402545 410124 414607 401273 405934 411421 406964 415964 405233 399594 408063 413349 400830 411062 410966 400071 405313 415010 408548 405044 400830 400017 405563 405047 402125 404947 401402 400195 406707 408095 409144 407230 405431 402475 408940 405415 405490 399286 410368 396516 412312 407120 409998 410401 412792 578523 416699 402424
396196 401046 572820 396891 399517 403244 398798 399055 396950 411649 397483 397917 387035 395323 399489 397651 395116 390551 412058 397845 398111 403449 401265 396081 394801 401353 397197 393027 402055 398882 395987 392413 399199 404314 393862 393874 397842 391960 392233 393107 401283 397324 398564 407598 395849 403776 397995 403206 397991 410595 402763 394438 400849 395472 393570 388554 399927 388397 384477 392389 382818 397683 396373 396366 399043 391442 393484 403004 404918 394474 399064 396977 397091 396410 388255 392610 395894 398207 403819 390026 391650 396278 388700 397160 404698 392266 399442 395119 395907 391684 393937 392255 392084 394983 397750 393564 403927 393512 404178 392142 395178 395786 386588 391147 394094 394620 392223 397178 393828 388475 383587 390850 393255 399366 391196 394097 401429 392113 391743 387732 394841 394540 395726 394887 390172 399752 395023 390998 394667 392963 389231 393827 393020 391854 392722 397870 396345 387012 385823 389193 405480 390194 398218 395786 389005 392299 395656 395479 396405 402543 397907 402428 392086 396807 394770 400845 401104 400014 395179 398045 407096 414626 404690 394593 397321 392133 396575 405011 401181 396785 400329 399274 402091 398457 394062 395323 399323 398592 389921 402013 407006 396375 394802 395474 402807 405317 393554 395059 405223 392725 393745 395090 405077 390184 393811 400639 395173 390158 404139 389403 401572 407263 398638 397302 395714 404346 397502 400051 406737 395412 406072 403671 404047 394084 403781 394088 409089 401019 389902 391168 399875 404831 400247 392466 401510 396540 399229 402329 401932 396401 402016 394882 395316 398956 400228 406189 408314 400370 404919 406876 403078 405599 408984 407099 396694 403020 394940 406719 402830 402045 402127 403212 402413 411853 413467 400080 409131 405649 405406 413491 404037 399863 411790 411015 398458 409014 405663 403000 403303 415707 404834 404050 399529 398594 405513 402767 398764 405381 408482 396185 407864 409083 408116 399046 410266 401043 412026 404817 405427 402556 410437 399339 411974 406717 408651 406546 412751 578951 412802 402594
391527 405524 565170 396192 396702 402816 394758 395272 398289 408597 399668 399516 387562 399228 394643 397974 392561 396698 409585 397848 400271 405582 396301 396907 396143 398682 390985 392520 405421 400360 395762 393396 397123 402429 398656 398149 396079 389464 392970 393439 403825 399819 400913 403498 398977 401243 394032 404139 394028 409312 406990 392064 398398 390238 394782 385280 402572 392616 388177 395174 385333 395375 397640 394407 397498 390737 395917 402493 399690 395546 401949 398510 401565 398326 391369 391162 398740 399470 398352 390841 386471 393356 387721 397923 402832 394149 403274 397647 399184 390149 395372 389017 395886 394268 398375 390133 404200 396164 401086 392664 393825 396285 383611 389360 384614 395637 394688 391395 395620 390653 383695 393418 393263 391316 391234 398637 404329 394065 381950 383735 397016 393122 395094 394922 392572 394063 396293 393712 388845 392390 387242 398051 393925 391771 386338 394425 398296 387851 388263 392563 402872 389812 396020 392662 391180 390592 394954 396950 392155 405706 398584 402385 392906 395201 393807 395801 400253 396266 393421 399544 402622 416165 403541 393733 389947 389785 399641 400131 403145 398190 394906 397676 400747 399936 396179 396861 398706 399770 394373 398424 398710 400694 389932 395611 405842 404147 394502 391106 401554 391597 396150 397845 411006 391791 397165 395913 398085 397696 406149 387472 401212 405705 405181 399700 396626 407205 396530 405231 408129 394808 406289 403298 400901 395577 402976 394469 401409 400735 393586 392652 401084 400936 399980 401698 398173 397833 398612 402750 400519 397744 404553 395305 392926 396028 400074 406818 405714 400821 401218 400916 401353 402316 401518 402843 393463 402961 400565 406255 404508 407953 402066 408437 397812 410633 410681 400100 408554 406375 406359 409554 405164 397842 411502 408136 395800 404085 407010 402659 407025 413522 404535 403812 399852 400866 405785 400143 400556 402341 403691 399105 408200 407174 412963 405903 409581 401636 407430 406966 401582 401213 408166 396636 408980 407724 411752 403849 412780 577312 415345 403724
397643 401589 569265 398604 395987 402059 398378 399598 395847 408738 400704 398414 381149 397411 398870 399997 396497 397794 410787 397739 398311 402143 401430 394936 396162 397986 390960 394297 405528 400012 394020 391082 400843 402917 393203 395368 398058 386912 392534 395331 402956 399676 398544 407190 402196 397831 403802 409424 401651 404105 407829 390593 403176 391406 398238 390416 403078 391836 387281 395076 389600 395602 394706 396098 395610 389899 399372 401079 401187 394019 399519 392287 395088 396541 389760 396738 399143 394299 398083 390568 390189 396402 384489 399772 400757 392354 400505 397580 398763 391756 388967 392553 393763 396446 401192 390716 399237 396176 398072 395039 400087 395232 385689 391179 392671 396142 396465 390050 394869 394621 383409 385371 391568 396908 392588 398145 402131 396492 389073 383570 394213 393184 392954 394539 390850 396108 394216 390888 391879 393390 385418 394784 396357 393588 395179 396869 396947 389651 389165 390489 408290 390839 392811 392479 394428 388045 395699 395674 396390 398359 401980 402404 390881 395503 398871 399424 398433 397999 393594 392341 406438 417513 409647 391859 395141 391815 400995 396759 405378 394626 396192 401408 396251 400141 397730 394869 401603 395880 393177 408394 400109 394153 394216 392693 402787 403890 393058 392069 401302 390035 396735 396219 406073 392339 395643 400794 393218 393468 406912 389708 402063 408735 400068 399447 399851 405566 403734 405102 406727 395878 406848 402415 398683 391999 406527 400408 402868 399450 398277 390637 397890 407638 402257 397288 402754 394276 398377 400975 406532 390588 399999 395990 394358 391559 395847 406749 407470 400555 400581 402384 400370 403876 410174 400476 394995 400791 395596 409275 408889 407211 404518 404176 400030 409908 414167 400929 404865 402555 404051 406198 404672 399313 412481 411389 392991 408203 408630 401836 404376 412934 404104 407041 399209 399813 400710 399307 402617 400500 407224 402684 403390 406959 407919 402727 412095 400938 411819 407463 404393 401070 410749 398774 406911 407020 410201 406785 410377 578515 417905 406054
396843 406947 566586 395672 397383 403717 399604 397716 396480 408287 397940 397976 389637 398455 399162 392458 396985 394311 408338 396785 401355 404538 396934 394852 395155 400423 395517 396159 408619 398360 394577 390888 400010 407742 399247 391631 400642 392159 391493 393504 398238 399271 394018 406031 405075 397067 396724 404964 397795 405924 409267 397134 402697 395974 399683 391003 405333 389951 385323 391949 385371 398859 395731 394871 395995 388488 397991 401701 398675 393624 395906 393900 396985 401249 394466 392803 395689 392900 399740 391939 392530 392964 383323 392602 406742 391793 400636 397699 395651 393485 393616 392719 389114 397547 396918 391671 401057 392762 402578 392884 396663 396875 382973 388488 391202 395202 390600 394547 392450 390812 384268 386309 391285 396747 392246 398163 404005 391787 390737 383006 398544 394239 397371 394282 394838 396902 395891 391809 394814 395727 387695 392339 400712 386284 393399 398111 396854 391872 390321 393590 409392 387238 395163 395396 394737 394302 392443 394753 394211 403641 392987 398317 391871 392215 401869 400828 400622 398820 388175 392674 405235 414333 407066 396988 391878 397309 399045 400108 402832 396643 397286 400190 398576 397744 397821 389303 396835 397442 386956 399352 399801 397178 395090 392857 404210 404217 396805 394216 400387 392556 395221 394465 401035 393485 397459 399338 395853 393491 408043 387647 402656 402480 400666 399734 399139 406537 401983 400035 407883 395719 405114 400659 396134 395651 406622 402172 403382 399399 399704 392160 402114 395135 402554 394220 404040 397210 400132 402254 403689 396706 402531 395990 397413 395863 400961 407158 406161 399491 399720 400544 403755 406215 409617 405940 393349 396915 397982 410029 402189 402877 405383 410581 405073 411169 414839 395128 411110 403550 401764 410664 397776 400479 407355 414433 397598 406482 411921 400796 400922 410369 406778 404909 397719 401971 407489 400024 400357 402260 400863 401702 404253 405432 405873 405562 406856 401299 412603 405579 403110 400339 404486 394225 408284 409765 410991 406557 411306 572692 416708 398165
397771 403789 567101 399367 398983 401269 403349 396551 391557 406077 399567 400132 387257 398343 397781 396089 398524 397081 406132 398922 398613 407764 401873 401196 397717 402107 391792 399519 408370 399028 397861 387386 398823 405689 392649 395351 396764 391373 391624 398358 403147 398463 397785 399055 402305 397183 399710 399051 404617 406909 409842 391915 404728 392197 396417 389859 404087 393008 388773 400093 392603 395624 396637 395351 397962 392842 395694 398986 398884 390925 401316 399072 401400 398654 393316 392791 394412 400436 402341 389274 391773 398164 388321 395582 408054 399179 400259 398174 396981 394691 395392 392848 394930 399241 401831 391466 399888 398455 403612 390962 396205 396669 384966 391356 387060 395896 394284 394022 394720 391881 384439 386816 396213 394795 386691 395390 401848 393609 387719 380459 393994 390604 391318 394692 392568 396833 394780 391521 389037 386143 389092 393304 391930 392667 394033 391373 393947 390662 388378 391584 400548 389722 398055 397076 390230 389697 395461 390531 397899 400089 403295 401257 391989 393989 397031 399220 404430 399910 392461 396164 403562 418648 402656 390075 393001 398133 399580 400125 403887 395504 398197 401040 401560 399108 400159 397815 398721 399095 392738 401457 399717 394099 388249 393754 403168 405245 395622 391829 400402 393737 393560 396855 405754 386349 397847 401308 402032 394362 406580 393223 402360 403902 403748 396296 398785 406482 401569 403811 405435 399074 405700 400356 398791 393760 402242 399812 405541 399484 397164 390377 401913 405904 399449 399088 403011 395054 400641 406399 403831 396910 397135 397559 397203 395152 397648 411965 403981 401168 403698 402194 399223 404036 404565 404089 399366 404765 395370 403938 402327 404012 405746 405557 400865 408937 410495 397088 407492 407418 404007 411251 402664 398101 407753 411131 392842 405025 409896 401004 404630 411737 405580 404234 398811 401005 407364 400163 405383 403379 402677 399245 407429 410207 406534 405604 405033 400119 411944 405867 399441 401860 404699 401167 410465 410237 410852 403938 408146 575640 414672 401848
397044 403145 572730 398953 399520 400331 394899 396854 399040 407113 398130 398163 386446 398010 394952 395038 399821 395321 412155 396919 400129 405243 398826 401346 391803 398907 392766 397004 405507 400559 398231 396649 399587 406479 397415 394812 400824 393917 392199 400619 400916 399782 397361 406191 400200 399721 402264 404902 401228 404238 408157 394895 400915 395661 397441 387095 403635 391385 387822 395416 390038 389259 400102 398573 396507 391197 395727 402197 404216 390776 400670 396244 403622 398321 393720 392439 396851 395902 405759 390511 389234 399211 385739 394024 407694 390415 402634 399413 395245 392557 394390 391532 390219 393169 400537 392225 403883 396327 398850 391834 397979 393283 386108 387097 392323 397067 399336 393871 395170 391020 381575 389119 390014 396718 387316 397865 400988 395911 392381 384490 395671 394470 390950 389623 390421 397914 399267 388007 393946 393790 389447 394304 391369 391587 392358 394242 398823 389986 389840 389732 404330 390371 397828 397495 391308 387437 391091 394045 394206 401844 396435 404324 389492 394358 397313 403920 399641 401514 392580 394903 406293 414861 402232 390285 391590 397531 397764 398873 403079 393542 401281 394692 401170 401064 394501 399299 398537 396411 389629 406406 397432 396960 395721 390809 405156 407442 397350 392442 399599 394082 395537 398130 406571 386517 390606 399493 399541 395519 409065 388763 402545 406516 400839 399461 398541 403077 402643 402770 404364 405049 406660 402546 399725 394141 407630 399194 402216 404654 395919 392390 402156 399892 403841 398216 397292 396081 398903 400330 398212 392276 401478 395514 391950 395643 399401 404930 403451 398889 400636 401335 402762 400076 402082 401975 396406 401857 398186 408109 407155 404153 406002 406687 399948 407270 415522 398902 411193 402819 404732 412138 400615 396813 415177 407283 392302 404688 410644 403307 402254 414093 404585 409303 394818 400159 408385 401464 406127 408177 402187 399940 403094 405154 406268 407656 407704 399339 408477 407962 400396 401520 400949 400475 412622 407091 407987 406321 411505 575770 417733 403475
393304 404679 567170 401391 396808 400541 402538 399306 395236 411905 400749 401682 389347 397049 397703 393080 395725 391431 409592 400320 402438 402496 403801 398437 394744 400198 393556 397218 406895 402422 396125 392872 399048 404096 396930 394536 402398 392071 391504 398193 402290 399737 398837 405584 399250 400993 401018 405461 404311 408477 407002 395833 404467 394629 399557 390151 406813 393115 387013 397447 383120 393002 401507 396506 395829 388429 395582 404221 401390 397692 398185 395468 399125 398110 390670 397528 395363 399613 402100 393138 388575 396265 385416 401388 403796 393502 400219 395355 402782 393953 392187 392600 393136 391673 402567 394156 403472 395075 401994 389445 399090 395930 385329 390379 390357 399783 393112 395690 394709 389055 382832 389180 391064 396547 386771 398355 402659 395635 386617 384337 393671 388936 393691 392349 397827 401038 397013 392029 391382 392166 386784 390681 393123 393495 392035 395546 393678 389548 390369 395017 407365 389394 395067 394859 393920 390395 396286 393453 395963 403272 401082 398090 389033 399706 397473 402700 399791 396997 396336 396571 402382 417599 403195 392373 390401 395253 404725 401759 403052 396119 394267 397785 403404 401640 393908 394476 396460 400483 390759 405012 400852 397338 392601 392186 402127 400861 395390 392388 399051 390909 396360 391873 406310 390523 396616 398589 394776 396751 406904 391210 403201 407092 400643 403798 399672 403713 399964 403328 405766 401414 404797 402732 401054 396782 405735 398142 405911 404063 396822 394523 394881 403958 404308 398195 400812 392395 398648 402227 404864 397627 399650 398076 396800 390932 397752 411907 400792 398365 401035 403325 401153 402328 405560 405339 395842 401877 396236 407670 405941 404388 407686 406791 402945 409755 414925 396717 408570 403200 403949 410408 403741 398808 408527 411094 396991 406554 411305 396210 402484 413665 403911 407191 400154 400955 403734 402033 397687 402129 403301 399520 405228 410021 408082 407423 410502 402613 410550 408367 400868 401813 401358 396940 412019 408557 411047 409494 413098 575425 418276 402233
394222 408283 568588 400978 397363 402327 401616 398345 394546 407501 397610 402447 384277 398890 394138 396281 398581 395199 406336 398536 399520 405536 401939 396611 395915 400461 392975 397529 406062 402877 393251 390154 402515 406849 397217 387999 399755 391304 392571 397356 401942 399879 396893 408502 403383 398431 401254 405871 405900 405680 405858 395747 403513 392342 399767 386398 405491 393624 389815 397361 386192 398015 400556 401704 395201 392605 394286 405898 401470 393018 400394 400389 399281 398079 392957 398387 393012 398521 402370 392318 389680 395268 388560 395769 402001 391063 402774 400894 398702 392782 391990 391472 391946 395507 403733 391159 402723 395848 405631 386538 395593 397917 388997 390403 390551 396260 396180 391945 396428 390489 385099 385391 387220 397308 389350 395538 399001 390818 387853 388995 396836 393773 395371 389991 389688 394636 396418 388038 388797 391822 387630 392775 392591 391726 391983 389039 397631 385279 387784 390626 403251 392281 392855 393037 393798 388202 393618 395482 396149 397760 397428 402984 387291 395523 399324 405963 401139 401744 391572 399429 405178 413009 405306 394513 394063 393589 398183 397304 405245 395526 395667 396556 401686 400784 395420 395825 399240 396160 391080 403855 396876 395501 396033 392674 405959 406653 397329 396667 398980 392317 395407 398287 408716 392588 399468 394617 397078 393467 407736 388449 402375 409628 401893 398735 400457 401791 400847 401122 406461 399558 409687 404856 403845 398641 407124 401723 404332 404911 396341 392804 401553 398065 401658 396892 405708 398654 399986 402834 401863 395660 402273 393739 397076 394005 395544 406802 407055 400223 403868 406374 402406 403843 408273 406227 399021 401291 398322 409765 405364 399048 405044 403853 400479 409138 414250 397166 405165 408759 401780 407104 401592 395966 410546 411403 399132 407567 408494 405049 407576 416080 403429 406227 399629 394930 403037 399689 403834 405540 403102 400938 407976 409751 405937 406706 410026 399593 413643 407096 401740 401187 400413 397213 411762 410495 413180 408566 416944 577332 412781 401850
392931 402723 565479 397911 397487 397579 399211 398490 393116 410257 398050 399932 387038 400241 396772 396029 395556 393733 403990 401993 403652 401802 406342 397087 393684 402073 393589 397491 407121 400039 397932 393538 401807 404615 399699 393631 394327 391628 393160 395101 397594 400666 400286 405072 400760 397331 400512 402680 397050 407942 412565 389954 403589 388763 395727 387836 407829 391482 388149 397648 388858 394968 394236 398027 396275 391496 397643 405948 403211 394631 405910 400427 397843 397898 390239 394198 401346 400435 402051 393200 392331 394517 386927 398533 403307 390284 402465 396104 396214 392475 397980 392312 394947 397029 404528 391310 404842 397028 401957 392381 402168 395104 386354 391539 392052 399398 394838 395574 391582 390838 383232 390914 390369 395600 392074 389485 399383 396198 390652 386265 394023 394900 393118 392321 390635 398374 392335 387308 392685 392025 386490 391052 394043 392323 393967 397158 394323 390308 385668 393188 403828 387990 396797 400081 394088 391632 391616 393848 399357 404960 400170 396531 389860 392897 397928 403537 401481 399478 394649 397422 404515 418133 407684 398394 396768 394605 399589 403840 402942 395090 396180 399832 397897 396994 394691 399827 398452 398209 394853 403101 400142 392991 390552 393436 404516 406842 395840 390808 403101 392365 392874 397520 403328 393954 394495 401111 402529 394199 409596 388037 401416 406916 402958 396981 398557 404254 402939 406312 406462 399192 407135 401486 404997 398678 409712 400404 406221 400256 397743 392811 401887 401843 404414 398154 403964 397050 402063 404709 401438 398797 403457 396747 397257 398811 396973 408179 405941 399286 401410 405226 399051 399588 406557 407162 394435 402141 398128 407908 406195 403100 405302 401780 401204 409225 409615 400401 407740 406834 399968 411882 403398 397951 407129 414232 390350 407312 411698 402394 406874 415103 404527 402106 395268 398369 401973 399867 399474 407153 404922 401031 408527 411795 406544 405580 403768 401365 412441 405749 402418 400293 404336 396927 409134 411396 407633 412755 411974 572275 415182 401695
395452 400266 568217 400973 395808 403819 401145 400134 392613 406525 397246 396382 384753 397719 392565 397226 397600 394901 409213 402358 402084 407045 402816 399349 396050 403743 395273 397364 404314 403099 399746 387846 397294 398850 394906 397070 394289 390366 393691 402179 402973 400180 399580 402966 401264 398740 398509 403813 396453 407039 405033 394843 401027 392971 400212 388666 404420 394714 388600 398008 385645 402657 399042 403349 399526 395640 397328 406009 404229 395913 402939 400135 402977 397037 393036 390187 399971 397150 399059 389295 389126 396077 384875 399083 403560 390079 399112 398111 399275 395767 395019 392246 393389 397191 399292 390267 400534 401954 404223 394792 399494 392319 383305 391584 389905 394874 398155 393205 392928 389608 380901 386622 393102 396918 390993 398916 405019 397961 387094 384847 396867 390989 391631 393217 391307 393413 393806 391698 396532 390172 387771 394613 394987 394521 391628 393903 396617 384155 389935 388441 402670 390237 398896 396611 392395 388489 396304 397446 390182 401576 397548 400099 389167 390649 399919 401303 399565 400398 386671 398388 405314 418583 406886 387275 394811 393694 398339 397755 405678 393707 398437 399890 399654 395459 392724 395126 402190 400703 392429 401454 402181 399828 393378 397812 400280 405275 398652 393300 401236 392708 393025 391371 400808 392638 395443 402129 396292 393701 407835 386916 402545 408138 403873 398476 401055 401107 400527 402784 402334 393836 405508 402358 399064 396893 404498 401032 406485 404064 397958 393319 400578 402393 402500 395314 403027 397646 399994 406521 402642 399430 399840 392555 392051 394397 400065 407784 406494 397756 400914 399690 400784 406310 406390 403443 399792 406032 393576 407196 406459 402236 401813 404959 402369 405012 416472 400563 410375 409114 407800 409236 400345 399827 406740 406643 393253 409468 410125 402447 406942 410390 405160 406009 394744 398368 400614 402016 400585 404047 404861 396508 406386 407695 405565 407166 408947 402671 411410 406195 404606 400428 407292 402217 412043 410908 408399 406800 411066 574020 414359 398565
391944 403193 564094 399081 397037 399117 399964 398897 396785 408214 398657 391345 384469 395718 399112 394149 394755 393276 408244 392568 401690 405419 400881 399107 400321 401091 392341 394853 407686 397952 396142 396895 403279 402313 397064 395209 393719 391813 391608 399120 403170 395558 396088 402783 401515 400851 396358 405792 398284 404893 407982 391118 401109 393275 397614 388550 408206 390220 388731 394312 385971 394263 396494 398977 399215 389336 396476 402986 402009 390968 399240 395171 400415 393934 394281 393471 399983 397985 399287 393183 390562 394099 387981 397782 404529 390497 403257 398721 403028 395363 395820 393698 392347 393864 398848 390852 402876 393153 401192 389043 398197 395478 385672 388283 388757 395737 391808 395765 389227 390320 379878 390447 389906 395576 391196 390202 399618 395520 388166 381590 395188 390512 389809 392865 393900 398314 393260 389642 393665 392119 387027 392783 389921 392676 391404 394091 395694 383469 388284 390792 406019 388073 397871 392222 393144 389148 396423 396397 392746 399405 400030 397430 394499 390485 398991 403257 402031 396734 390646 394658 405035 416228 402189 391688 391412 399382 397801 400262 406851 398207 398507 399547 396908 400064 392566 394431 397661 395985 390732 405615 399406 399165 398109 390078 404807 405867 392173 389587 398452 391323 396759 391414 407171 392399 396101 403836 394344 391365 412264 387282 405004 410259 406984 401621 396092 405125 403493 402033 408140 398580 405527 400868 400144 396150 406490 401601 405742 404392 399043 392721 400140 405898 400660 395878 405223 395402 402469 402893 404050 392189 403924 397189 393145 398844 397540 412178 405630 401592 403251 403660 402447 402007 406863 405356 398462 402985 393609 410865 407170 401842 409626 403695 405529 408595 411513 400709 403315 404261 405797 411039 403703 398305 408727 406757 392095 401474 406692 400188 406455 417348 401331 403707 400620 396421 397583 399072 399329 407042 402400 398976 405293 407416 408516 409991 409288 399446 410654 405190 399090 400281 403989 397542 404968 405612 413439 405456 407110 575188 409886 402105
393953 405915 562015 396924 396021 401176 398285 394427 390510 408494 400455 400009 383713 397395 393416 397634 392698 388444 407306 397366 395342 403626 399420 396198 389881 398612 391385 394384 405029 399905 391045 392408 402876 404148 395987 396986 399330 386585 388975 396989 404592 403405 393765 408186 399308 402559 399342 402854 402263 408080 406552 391043 403767 394045 393508 387814 404529 393720 389001 394248 389980 397903 395270 402068 396410 391729 398923 403555 400498 393348 404464 397556 398789 398254 395028 394064 399037 399334 400263 392445 393170 396703 388156 397231 404632 389574 403705 397617 398273 393331 393934 390746 392886 393725 400564 392919 399811 395311 403885 393445 396848 398208 385253 388767 393486 396048 393787 391004 395516 392995 383843 385593 386877 398275 390445 393579 399768 394292 387789 384340 391471 394085 390104 396044 394749 393643 394816 389067 394720 386301 383891 391663 389934 389794 394022 398423 395881 387974 386156 388208 401676 386640 395494 391850 390494 388939 391610 391313 393071 405649 398956 397510 386734 394497 396228 395830 402164 400198 391252 399357 408335 415212 402588 392429 395959 398725 401605 401106 401937 394376 394558 397459 403773 401573 398870 396289 393650 402313 389614 402471 402811 395908 391838 390365 402523 405443 393189 398247 403683 393309 391627 396388 403958 390185 396451 397003 399689 391714 405853 390413 399998 411532 401459 398578 400877 404141 402281 402973 404437 402582 407464 402789 402963 395281 401398 401980 405487 404060 397888 389898 398454 401266 405395 394663 412339 394518 400587 401797 405514 398693 399348 397457 394780 396034 393641 408478 406643 400362 404014 401577 403685 405876 406106 403421 396648 399542 397415 404143 399503 401995 404237 403460 403569 409843 410495 398689 408923 404045 403036 408651 399097 395406 403837 405262 391976 403618 406997 404468 403612 414274 400703 400303 394641 400085 401744 395546 403156 400515 405007 398530 402860 406017 410646 403805 410934 398751 408639 406657 400300 401658 409136 397312 410511 411788 412411 404658 412220 580327 419791 401444
396104 398691 562693 399011 397313 403598 398858 401168 392440 406706 394868 399165 386603 398847 394814 394490 396366 393678 407823 395874 401406 403996 400505 396952 396482 395750 392075 393710 406041 399557 393057 396254 396416 405186 395983 395496 395266 389993 392277 399976 399104 399220 397585 406094 399877 397404 393343 404044 402024 405770 408537 396111 406082 393976 396766 385574 408399 391284 389741 399349 383844 395386 394689 401106 399768 389807 393640 398393 400203 398105 401622 396124 400940 398830 392452 393136 400120 397338 402389 390924 386287 395044 387714 397861 406712 388404 399827 396565 402862 397872 395211 388889 394094 396446 399355 394056 405691 393797 398705 387972 396642 395455 387753 389652 390381 396687 394212 391448 391488 387803 384628 389038 388393 396218 388483 393013 403472 390561 381818 382106 394464 389723 394950 392651 394181 391366 393841 389660 393307 388206 386280 393946 390857 391332 388975 391143 392165 385590 382929 389849 402106 387276 397184 390362 387959 389215 393106 393862 391118 398682 397019 404238 391405 391940 395038 397076 397697 401153 396119 394727 401648 421640 398098 390642 394734 391147 400495 396501 400378 398060 394242 400695 398709 402881 393145 395972 397650 395126 389250 401907 400160 396029 397644 392890 400245 406146 391037 390461 405063 390806 392030 392454 400322 390074 392496 397547 397817 393902 408101 387797 401768 402600 401026 394495 397194 402838 402441 402226 404277 397550 406357 406045 397050 399204 408060 400420 402889 401791 395433 390589 405920 404412 408398 394944 400409 398809 397465 407285 405577 398888 400306 394409 393521 394485 403258 403875 406021 399199 403233 400384 401882 402299 402460 403422 397596 402414 394176 408199 404547 404491 406747 405040 401376 411259 414859 395096 406929 401925 401469 407363 403381 392824 406133 412401 394378 402859 405549 402345 404235 413894 403762 402503 396366 404927 397876 395923 397513 401983 398625 397166 404118 410652 408970 402401 406726 401899 407510 408523 400603 399925 407408 389704 412049 405368 408702 404442 410877 571123 418331 401072
393165 406786 563803 399966 396164 397100 397393 397441 398667 410236 395250 399324 385281 394005 393004 396340 390771 391624 404886 398714 398357 405792 399036 399146 397091 399558 389320 395456 407449 396787 394197 394157 399909 397359 397631 393288 395613 388650 389387 397483 399558 395903 396217 403429 400571 397190 396564 405016 398859 402535 410611 392600 405285 390374 399245 388349 405637 390440 383745 395303 388601 395792 399438 399508 397336 394338 393583 400356 405563 395806 404892 398767 398875 396737 391866 392829 395640 400896 402939 389283 390990 396941 384395 398301 402454 387798 399151 398974 400357 392034 392490 389966 395434 396141 396463 391491 406210 394619 400656 390511 398568 396464 386735 385623 390540 394798 393001 397726 393644 389416 382880 386820 388588 394410 388784 394844 401331 395603 391269 383068 396228 391558 392258 394925 392926 395904 392030 391121 391890 389190 389009 391810 395326 392509 390574 394875 393626 387781 387654 391824 403794 388812 392896 392677 391194 385690 392176 393607 397338 401486 396606 396782 387839 390940 398757 401491 400059 397645 389504 394885 399746 416547 401520 389727 391791 391857 398205 398054 400651 395864 398044 397942 399792 399284 392758 394396 399663 392784 389133 398636 400221 394468 390926 391965 401176 405897 394004 392340 397166 386111 393391 393716 407532 390791 392509 397900 395376 394028 407662 389848 398850 406610 399777 405528 395968 406603 402299 400852 406765 398604 405940 402213 396759 398149 405209 397800 406025 402228 396355 393088 398411 401635 405815 398083 401060 397350 397982 404788 400649 397422 403363 399222 395466 395553 396274 404732 406762 399050 399587 404169 402567 402224 409535 404957 393734 405111 396269 407517 408991 404536 408027 404191 406779 406140 413372 392656 402873 401925 400682 406469 400619 399232 407409 411370 395403 406292 409257 396305 405539 414497 397192 399416 395452 395232 400214 394356 399286 399790 402837 393582 409004 402827 404880 403595 407708 401761 409708 408787 399890 404854 404670 395485 411514 407748 408336 407704 413642 570226 416173 400883
393209 398008 562309 397632 392786 400838 399169 396709 394877 405064 393500 398628 386328 396661 393834 392257 396055 390609 406890 398442 398624 403791 404834 397090 393954 399482 391517 390500 405875 402715 397157 390534 399678 402427 393111 392498 398618 391406 392083 392547 403771 397083 401718 398476 399094 394364 401873 402907 398821 404433 406401 398078 404246 392450 397990 393631 407240 390225 387757 398312 384633 402841 395800 399291 396866 395233 398277 398175 403058 397268 400788 398684 401980 402743 392836 393186 402086 396622 402801 391032 393332 394699 386959 399255 399858 393286 400924 394162 398822 395417 392346 394307 390821 395028 401425 393865 401061 393782 400247 390611 396731 394580 386259 389918 396053 395278 388059 395029 395670 391894 386091 385636 389153 399080 390374 392583 398202 395863 385265 384423 398094 389891 391894 392586 393691 397169 392761 389201 390928 386788 386962 393134 394056 394573 391220 390250 395314 386784 386340 387834 409228 389825 395968 392392 386278 388853 392329 391090 395620 399355 396644 398293 386997 394088 394933 399124 395702 400189 393713 395395 404737 413242 398895 391013 393672 393374 397212 398638 402030 394209 392168 402050 400148 400879 393325 397950 401912 395775 390135 403922 395339 395715 394158 393092 399936 402782 395587 392205 396526 392697 393068 395294 405124 390667 394214 400153 392482 394948 408282 391456 398567 402937 399355 398183 397450 400382 401668 402416 405213 398586 402153 400482 396008 393911 404011 401827 405872 400559 396672 391754 404568 398391 404451 401208 404759 396113 399394 404072 408093 395842 399102 390814 396722 397836 402362 412676 402838 399503 402005 402618 400035 400725 405186 402502 396427 403477 391139 402446 401822 403550 404608 404939 399307 403400 409568 397390 404124 400736 403971 410410 398711 397324 405307 408900 395427 403550 406306 401054 404262 412785 400982 401628 397170 398029 401124 400608 396834 400132 401429 397571 405212 403194 410847 403701 404913 401260 409100 403115 401266 399899 400430 402712 408285 407992 406606 409471 410468 576068 411249 400513
391949 406022 565604 396199 397285 399087 397639 399014 397326 410263 399353 398184 385566 398295 397640 394786 393177 393861 410438 399176 401482 403673 400996 397467 393700 401877 391501 394885 406367 398486 394327 395580 399361 400590 396355 396006 398922 392953 389664 394185 397861 396424 394091 403202 400180 398796 395612 404057 400763 401526 407963 394699 406025 395982 397794 385763 403497 388777 388892 396493 384797 398118 399185 402785 397546 390518 395734 403568 403049 395627 400129 395215 399918 398988 392694 394411 397153 397725 405045 393186 392631 398551 390636 398868 403523 394456 399643 398297 398474 390597 392612 390069 391912 398582 405033 391151 404399 396100 405265 389266 396891 397937 382827 389408 390091 396811 398462 394081 391652 391527 381696 391614 391569 396298 386725 395677 403489 394481 388699 382107 390951 395792 390520 396643 391854 397280 398122 390228 390668 393024 388600 393458 390883 390364 392442 394036 396129 385063 386224 390046 402853 386262 393710 391361 391639 385327 392824 391707 394811 401332 397308 396756 391415 393724 392307 396789 401356 398914 391620 400216 408019 412233 407269 387128 391675 387180 396895 396714 399152 394322 395863 397459 400541 397478 392357 393005 398460 396988 390824 395127 398155 393207 395257 393668 402279 403321 392394 391953 395637 391462 393616 391096 400610 386703 395864 397001 391546 389198 408331 387290 401090 406005 400054 403302 397189 401943 401387 397575 405460 401666 404116 404622 403670 397235 405624 397306 404226 400825 399857 395405 404706 403882 407947 395469 403741 392654 404746 406591 405516 394965 402390 398282 394021 396109 393683 411476 405228 401358 399002 403451 400195 400098 402548 404460 393091 403623 395630 406207 407955 402094 399330 403169 400547 409718 413575 396439 405876 400915 404072 415510 397490 390583 406675 407175 393535 404496 405558 399243 400952 411816 401946 400498 391859 400634 401558 396454 399008 409459 400767 397789 403389 405421 405163 403197 400331 399354 406765 402195 398556 400685 405177 396089 408740 410282 409246 407182 412596 575699 411936 399938
392176 403607 559653 396843 392866 401663 396256 395112 395933 407743 396531 397627 382371 398989 397186 393091 394241 394714 409749 396449 400792 403275 398512 391010 394370 397979 391722 388783 405162 399233 392446 394321 397420 400777 396347 391374 397968 392359 390269 398357 397209 397072 397595 405063 404022 399011 399425 405416 400440 403540 405945 393429 404088 392958 397445 385745 400875 392921 387532 394618 389759 393904 393678 395243 397776 387788 398121 403681 407623 394974 402603 396275 399962 398749 391538 393078 395927 399912 401618 388912 392189 398234 386730 394692 410322 392132 403143 402346 402105 390928 396792 393517 397109 402329 398945 396404 402179 394571 404823 391998 396521 397565 388891 385614 387623 396225 398337 391335 391021 389037 386723 388460 388550 397004 391269 396639 404130 392753 388280 383059 394951 393695 389784 394662 387514 396936 392816 392562 389582 388539 384084 388513 393177 392307 393825 393627 395518 389824 383261 389925 400027 388931 395090 394349 389941 389364 395325 387485 395053 396731 394573 396148 385535 392383 395942 403157 398331 396672 387930 391409 403277 413319 405033 390687 395184 396849 397558 400516 397606 391274 398303 396257 400635 400105 397075 391864 400713 399134 389872 402301 399312 395689 389131 392738 398874 401178 394661 392040 399656 395040 390318 393942 409203 391714 395483 398373 397664 393311 402441 389327 399610 408273 401096 397304 396832 402161 403748 402383 406922 397288 405511 401594 398217 393712 405447 395103 402998 401400 401754 392452 396121 396859 406724 396248 398734 399521 401744 401090 401902 395786 396777 395799 395349 395449 400271 410738 404120 399404 403962 400157 401733 401607 408619 404150 396698 400636 397955 407759 403007 404366 403697 401719 398166 410758 412102 396491 402234 402051 400117 407551 398081 393138 404693 406012 392156 409100 406268 400639 401447 410630 404991 402674 399085 397563 399340 399179 398618 402624 398025 404263 404906 406148 405231 402860 408341 397395 408031 401881 393579 400779 406377 394597 408033 404315 410575 401857 410294 574435 411617 402297
393533 404271 566193 395450 394466 403036 396618 392046 391616 407160 395846 396440 382173 398778 397311 394875 392985 392776 407789 398296 396607 402263 396044 391878 392144 395741 391194 392153 399620 394291 395040 389804 397802 397482 393731 394403 397834 387981 390431 393638 398141 400006 394554 401860 402126 393679 398572 408927 395627 406569 409564 391707 405118 392450 395116 387060 401251 395705 386912 392770 388097 397964 398840 401343 399455 393911 395004 402048 402069 393933 403424 396031 395584 398566 390981 392741 394343 400340 402895 391194 392625 394516 388608 396633 405646 398342 402830 394035 399135 391250 394868 392276 397106 397703 399532 393752 401884 398010 399560 395147 399549 398549 390427 389186 391312 397273 397492 394747 396733 390918 382570 389378 389017 394012 384876 396714 398367 392509 385568 385057 389904 390018 391861 392002 388905 394556 390160 388318 395327 391419 385966 391883 389715 390983 392235 395583 398882 387061 384312 386859 402452 387564 396626 392832 389078 388849 392003 392893 396348 399690 395844 398834 388856 390055 393161 401964 403552 400017 390634 395287 403514 414051 398627 392800 391616 390502 400473 398020 400967 396783 395627 395327 400019 397869 397608 394052 399296 396074 392189 402091 397411 398184 395445 394665 396512 401172 389423 391860 397189 392440 396142 391732 402553 387639 396574 398507 396838 394044 403467 388404 400948 401307 401391 396873 398058 401480 395957 404555 403832 401410 404259 398035 403309 395249 409902 398078 406605 399177 395238 393652 399782 405594 402767 394648 403966 399123 404738 402240 403512 396382 401935 398719 395076 398287 400297 407333 409728 403410 402845 402275 402256 404628 405402 403306 398821 404022 392274 406537 403195 403122 402746 401990 399192 408789 408148 397406 404373 405678 400860 407287 398653 392870 405038 412529 388170 399604 406212 400953 397537 409052 404119 403351 391403 396527 397821 392491 402851 401230 401200 394426 406147 405671 406791 403635 407023 400607 404940 402837 396159 400610 399038 398745 408972 411212 411913 406340 412914 575523 415326 400602
393817 399462 563637 395943 395328 400365 398436 393695 393315 411383 396742 397570 387359 394597 394841 396803 400900 393567 404655 401259 402309 404126 400654 395121 393723 400619 390900 392332 401925 400082 393184 391084 397906 397027 394575 393437 399935 387491 392452 395455 403645 401628 394379 404788 402267 399504 398886 404280 402484 404484 408045 390418 401187 389839 399033 391068 408612 395269 389401 399374 386778 395846 399378 396692 400152 391769 398994 404267 402708 391679 402879 399652 401820 397783 397473 397115 396531 401192 404131 394815 393794 394988 386272 398543 407708 394398 401306 400453 398354 393768 396113 390896 397848 396753 400753 391609 404343 398734 402738 394800 396299 399337 385460 390073 393594 400625 396865 395122 396019 391906 386221 389617 392783 399321 395491 395214 399687 399384 385343 385180 395531 389421 393812 393068 389953 394217 394578 388502 392928 391203 391099 394133 394351 391855 392810 395065 397267 386973 390424 388757 405676 394164 396177 390423 392250 385757 395416 395500 392758 402078 396624 399760 388151 391321 395351 398312 399435 394853 391024 393623 403842 413302 404884 389400 393966 390205 402607 396269 402576 391097 394954 398767 399177 395895 393473 397058 396889 396790 389593 403254 398913 396741 393142 394038 403201 401563 395901 389492 399358 387740 391432 394956 406384 389542 396462 395908 395276 392483 409437 389645 399944 404343 401384 399659 399240 402314 399482 401033 404515 398345 404370 401929 399986 394758 405204 398951 406584 405151 392908 391424 400613 404115 403570 397180 402312 396455 403359 403293 404202 396056 401593 398300 395859 393933 400239 408533 406598 403940 403336 403979 402700 403770 409653 402401 394749 407023 397526 407538 401217 403712 404988 404567 402533 407976 414696 397311 404529 404399 403225 409148 400077 396709 405891 411454 389268 403710 408001 400822 403163 411168 402463 402396 395447 396589 399655 397081 397251 399622 400318 395880 405315 407282 403344 402757 407646 398585 402623 405782 402373 396849 402374 397137 409272 404835 406633 408048 411084 578339 416647 403155
396071 404975 564534 399321 397105 399384 398354 397834 394557 408378 398481 398156 385886 398867 388739 390391 391130 391314 406607 398080 397114 405754 399738 395806 393137 395820 393619 393768 402975 399827 393481 390255 399613 402699 393361 390371 394055 392218 393207 399911 398556 401509 393862 403454 393395 396290 397802 403529 402259 406007 406867 389415 399905 390778 394983 388304 403049 391575 386724 390901 382260 394713 396928 393516 397848 387500 397221 406289 403691 392270 403371 396465 397602 396235 392321 392623 396383 397394 402354 392779 389297 400571 386463 399861 406602 389785 403167 402348 400750 392751 392162 392749 396682 398426 404576 388867 403746 399148 404935 392136 399373 397031 384581 390286 391799 398764 396266 401235 394932 390738 387642 387504 389871 397716 390672 396531 400188 394500 390646 387154 398371 391735 392010 395878 395090 396714 396313 391684 394005 390574 385868 396581 394352 390764 392759 395783 398905 383708 383559 385845 405093 386619 396347 394590 392074 389506 391374 390205 388736 399489 396720 399788 390326 395554 395354 398641 400331 398506 388015 396304 399782 415226 401587 389623 394389 391176 395664 399364 403469 396150 394888 396279 401041 397427 396278 394783 396054 395892 390994 402112 400141 397670 394670 395336 400195 406206 396885 391693 394097 391154 389785 391489 402297 391032 394001 402167 398914 392670 404379 389771 398557 401348 401811 396185 401243 403928 394244 399700 403548 397413 406286 402074 400631 396300 405595 399805 405805 401547 393347 395159 400939 402153 402964 396415 402064 397514 403141 405435 406744 401142 401966 397497 396082 396286 400314 411114 411323 400598 404057 405657 403327 404256 409788 403316 400195 405153 396533 408670 404848 406026 409849 406130 402758 410495 411060 396855 405550 405694 405244 409597 400538 393529 408883 410182 395771 407906 411352 403082 403748 410997 400936 409388 395514 396765 398874 398835 401064 406323 403059 396734 404841 406830 408515 403585 406820 394198 409784 400704 402296 403740 404210 398119 407456 404684 407810 406653 415202 572410 415572 401047
391205 401040 557969 399387 392575 400930 400679 395019 394264 405792 394264 400399 382276 398114 395179 395197 392806 396449 405364 397671 396859 403274 398582 393604 392678 397399 391780 393507 404056 398690 394349 392410 401528 403959 390905 391024 395667 392886 390349 395894 402761 402102 395043 403849 398941 397508 394547 403683 401151 405615 409742 394188 399195 390473 400185 390839 402163 391234 388936 397728 383345 397690 391974 393541 399258 392042 395247 400606 398693 397810 406561 399915 402629 401659 391316 391461 397007 397983 404891 391167 394394 397404 390192 401336 405148 392003 402802 399398 397207 393904 397165 391092 397250 396840 400033 396428 404983 398897 405237 393008 395985 397369 386653 394124 389444 398288 397251 393243 390420 390681 386186 389998 395637 400370 393147 393487 402877 395458 389105 384866 392685 393826 395531 394204 391590 398362 395859 387711 392125 391934 388425 392571 392284 393121 390257 395552 397561 388329 387342 392238 402728 388840 396739 394551 390315 387564 390483 393904 397291 400605 398292 400020 388966 391112 391301 400741 396947 396521 390406 397872 401881 410414 405955 386577 393482 396734 400875 396585 406102 392092 398981 397853 400713 401688 394172 390449 394357 398017 390452 404364 399089 397809 390593 397139 398450 404347 394360 392004 397166 390596 397173 388676 405807 390892 396025 396994 396528 391340 404825 392343 402803 402632 398014 394773 394898 403548 398728 397756 404707 399509 405360 403182 400597 398098 405649 396710 400820 398263 401410 391871 403554 403904 408041 395635 401696 394119 407185 408749 401918 397657 400487 399643 394734 398022 398305 408414 407402 403865 405265 403341 403998 406181 409000 404366 396734 401120 399178 408717 409547 409660 405492 410958 399660 404783 414009 394389 405005 401748 407896 407581 399670 397523 408245 405953 394519 404044 409323 401986 402507 411649 398975 405214 394474 395924 402521 401090 402256 404053 400847 398503 404346 404579 407633 404333 404782 398932 411526 404280 398586 401231 401237 397144 409093 412182 407365 407689 408930 571648 413310 403119
391742 402499 563385 398123 398165 401010 399485 396800 391758 407139 396784 397226 385043 400824 390188 393896 391637 393309 412159 396027 401582 398655 400663 397969 393045 397240 391193 395731 402760 401100 396128 389490 396926 398611 393481 389845 398186 389424 391117 398262 402128 398931 396207 400876 398399 401960 400229 406036 399666 403816 408528 393203 402775 391870 399810 390876 405309 389059 389537 398760 387967 396317 398280 403200 399984 391589 398888 404635 402523 394502 399643 395030 397971 400950 390437 393474 400354 398879 401087 394116 390237 393376 388437 400651 405293 394318 400775 402877 396234 396199 396231 391943 394203 395400 400715 395807 405152 395263 405394 396690 398744 391252 387102 392659 397069 395615 397337 399125 392503 395011 386218 392577 397785 403079 392462 399058 402263 394221 386726 385292 400049 393518 395076 393771 391648 394206 399182 390617 394509 388625 390770 392904 392958 393397 391779 397487 396818 387585 388978 392348 401847 392482 396677 391686 391406 388461 392902 395407 394649 398204 394805 403866 388670 391070 396091 402017 401212 397481 390915 394853 403551 416594 402044 391073 391373 396559 398610 395934 401786 395606 394963 395477 395793 397493 395622 394186 397772 397570 389553 398542 393200 397447 390158 394682 399841 397448 388558 390192 400601 389588 393812 395093 406669 390572 391051 396587 394550 392136 408092 386935 400468 406125 407378 397610 396486 406726 399119 401100 405417 398190 408320 404264 398696 397127 406813 401831 405824 399508 395098 390263 398712 399693 404891 399065 401972 396114 398298 405329 400286 395597 404078 393268 394088 397278 398945 408353 408952 405258 404114 400284 405247 401089 412403 406137 401390 409536 400984 411646 411024 405204 409150 407275 399363 412744 412096 392089 407168 403892 403063 409429 399707 393317 406797 408428 394358 405037 411967 408143 400084 409003 402528 402513 392696 397640 401347 401322 400116 405581 403145 394314 405430 410697 407033 404328 405095 402056 409144 407731 400875 398560 404650 400442 410522 408311 403899 408481 412030 576929 413961 404721
391843 402963 561404 401654 399104 401353 399070 391868 389592 411810 400921 398945 384016 393990 391405 393077 390959 391755 408536 396707 398988 401560 400951 395636 392782 398045 390684 393580 404671 400680 393561 387382 402095 400689 393265 394111 397261 385761 394215 398768 397941 398810 399207 405637 399945 399553 399162 404663 401731 404723 405988 393705 404570 391177 399083 390891 401955 395589 391292 394965 384422 396883 406291 401942 397164 392407 398164 399761 405009 390478 403637 394537 399607 401081 392208 396538 397623 399536 403591 392773 392425 395074 388247 397469 407208 396756 402063 394820 402860 395035 395561 388242 395520 396014 401845 397141 402923 396714 410144 396857 397645 395242 385703 392077 394601 400460 395720 394112 398045 394393 386837 389968 392758 399718 393471 393374 405980 399136 391048 386049 397738 394293 396668 397921 394319 398852 392723 392627 391451 393376 389371 391311 395959 390267 394558 395454 399340 389733 389365 388757 404347 388144 395109 392577 395014 386437 396586 396411 398860 401155 398345 398429 387225 398909 395792 400232 399354 399083 392358 394320 402340 412953 406014 389466 390219 392986 399501 398232 404857 394234 398735 397408 402889 398398 398541 394146 397189 397158 389214 398886 400247 397071 393184 394109 403127 399838 394612 390877 399594 391428 392433 394703 400150 393106 395885 397563 395847 390969 403327 389369 400426 403474 400651 396390 398707 401823 401242 400737 409919 400657 403808 403223 397390 394994 405225 399929 405450 401467 399513 393650 405629 406468 403440 394842 405040 395347 402746 409136 406436 397412 402278 395633 398601 398324 403407 410243 409553 404021 402989 406439 402402 403921 408645 407568 398984 403722 395692 407965 410094 404271 411254 407541 402996 409448 417174 400741 407968 406808 402999 410293 401528 394291 405129 409171 395640 406850 412677 399950 403856 414916 401630 403243 398476 399426 400548 398145 396333 401174 403380 397834 404535 404466 406186 400234 405674 400871 406490 407314 398863 400213 404101 397518 407914 403786 409915 404309 410168 576782 414495 402164
394158 404650 561230 397163 396756 401732 398197 393409 394791 409564 397800 397894 386290 397712 394759 395283 392892 392689 408612 393142 398652 405187 401839 398359 394988 397172 393357 393428 401819 404435 395099 395815 402960 405285 396351 395856 394571 387310 393010 397477 404512 402170 395127 405330 398978 397609 401194 405367 397156 404062 405396 391561 404123 389917 400075 390800 405313 391103 387980 395928 391506 397016 394107 399934 397011 393509 397277 404240 408038 396654 404175 401518 399112 399685 393732 397523 398712 399775 406473 391985 391452 400831 386480 398043 407794 395935 403249 397118 401911 393946 392458 394492 398879 399197 400643 395516 403457 397029 403180 393379 402211 401200 389386 393652 392785 402400 398028 394994 398151 394112 386613 392173 395878 401708 392331 396104 407312 395471 386099 387859 396836 391633 394004 398779 389485 399358 393723 393997 393615 393179 392594 394286 396967 390033 393744 399532 390667 390218 385509 388868 405587 386118 396532 399815 396134 390919 395238 395368 395538 394908 393133 399059 388923 393926 392212 398909 400594 398726 388974 396736 404199 412645 401115 389563 390481 395567 398461 398693 400847 392660 397189 397826 400121 395337 390286 394165 398914 396089 387153 401922 405010 394039 392189 390172 399937 404531 391843 391534 400191 391735 395786 391993 402409 387171 393676 400495 397308 395578 407340 384798 401496 402116 403708 397420 396451 403161 399365 402268 407896 401003 404778 400849 398541 395516 405167 398699 406034 402148 398998 396186 400910 402586 405126 397824 400146 400509 401383 399715 401767 396329 398864 395830 396743 393820 402198 408837 409100 402364 405811 403459 408171 405574 410253 408717 399032 409912 400782 412216 408095 404414 403618 406448 402251 404929 410961 390939 403040 405403 400262 407450 401438 397492 405456 411254 397850 406460 407952 401710 401879 415106 403600 403865 395356 400750 401633 398151 397512 402056 395641 395579 404896 407080 408423 402767 404092 397880 413015 405918 401370 392401 403784 396582 406908 406858 406798 403612 412829 577840 414737 397166
394683 398762 570021 398215 396504 399609 397299 393115 393334 410242 394543 395704 383293 394251 392537 392525 387798 392700 407026 397172 401685 407116 401990 394965 395026 399237 392394 393627 401646 396166 397131 387997 399742 399462 391684 391538 398944 388168 393911 395627 400457 395104 395372 405096 397079 399338 405577 407034 398463 404171 410440 393729 400782 387573 400994 387920 406564 386394 389307 398161 386719 393832 393870 398404 396867 394356 401962 401720 401136 395976 400319 394813 398180 392644 392757 392595 399995 397617 404410 392687 387881 399826 388536 399456 404759 392375 402652 399662 400903 396899 395061 393899 393365 395058 402179 394494 410257 395670 404291 393084 399387 396152 387689 389587 393139 399313 395168 394633 392208 396215 386314 389389 388774 398443 391671 395762 403041 398882 392185 382051 396642 395963 397291 395478 396266 397296 396384 391486 393824 392064 388676 393768 396205 394076 393269 397523 394808 385898 387965 395096 403999 387758 397218 395434 395313 387215 393674 393435 396825 399806 398314 402375 386965 390969 394240 398323 395516 397514 391802 393553 405204 416370 401660 393043 393068 391717 399552 394694 405322 396530 395525 401971 400849 399190 394435 391059 393824 397183 387913 399662 396550 395271 393329 393005 399997 399918 391301 393384 397641 386125 389166 395394 404547 391736 389372 397873 393519 391888 402383 388885 401195 405802 399379 399968 398344 398581 399807 405606 403931 397817 404422 402350 400224 397039 408677 398412 403256 403361 396694 394556 401392 401775 407219 396174 404514 397597 402837 400579 410019 398036 399525 400158 392944 395553 396500 411331 413696 403956 403036 402323 403472 402486 409196 404469 398043 406928 397306 410669 408430 406907 406345 410461 401783 411420 412925 397448 407258 407320 403071 413510 398777 398435 405319 408666 396936 404110 407252 405019 404103 414328 402696 406233 395639 397955 399197 400540 402245 403900 402653 395479 405550 404008 408381 400975 404091 397639 408930 405037 397170 399321 406461 398053 410631 408137 410139 405408 413226 574544 416185 400978
393646 405026 563197 393477 398189 402390 398185 395124 393385 409061 396947 394813 387284 395227 392999 390547 393743 389493 406535 392480 396576 404871 400119 395797 394234 397131 391200 394813 406291 400153 394328 391230 399085 401992 394522 391758 397796 390662 390376 393151 399990 397548 398253 400901 399217 400127 396970 403466 401011 404293 409771 394503 402957 388711 395963 389496 404720 385215 388492 393737 388708 397190 398259 397932 396256 391963 401741 401387 403488 390767 406155 395690 402500 397470 388202 394876 393110 400660 400374 390066 392147 398700 387146 396572 405548 393794 401106 402054 399345 392761 390617 392015 398074 397212 401323 397646 404737 399714 404644 393262 402178 395118 385129 395232 392253 395265 395168 395140 397734 388402 389146 392482 390955 400633 393016 398485 404260 393300 391505 385974 400782 394639 392385 392252 392121 398210 396386 392372 394697 393492 389577 392049 396575 394075 392792 398058 396326 388589 385620 387715 401263 388098 396331 395989 390436 388107 391669 390161 394677 399311 396878 401229 384274 391609 390985 398767 399488 398953 391867 396706 403977 417322 404278 388436 389809 392564 395039 397329 398139 396187 393464 394062 400648 397624 393328 392265 397232 393537 386969 400313 398822 392984 396552 387590 400644 404337 395227 393272 402593 391788 390482 392614 403345 392256 391633 400133 394938 391511 407453 386822 401369 404373 404747 396336 401023 405547 398623 400045 404288 405013 408454 401249 398940 392700 407431 398617 405662 398806 401138 396828 398363 405473 405866 398358 402876 396681 402099 400402 404317 398672 402391 396383 395768 397206 401296 407590 408492 402378 405718 404801 404776 404494 407799 407387 400498 403002 400224 411903 404949 405970 404194 407021 400610 409778 412654 399294 405561 403588 406114 409579 403238 400665 404452 408507 393461 401809 410227 405612 401013 412774 404923 401023 394606 397017 395190 398756 400538 401023 398910 395263 400735 403531 407105 401414 407539 402808 406836 405831 397403 400880 401324 399573 405056 405042 416261 403631 408620 572627 416731 401800
393641 398236 563039 397814 398366 403004 394052 392276 394042 408082 391590 392007 381435 396528 391108 388127 388657 387174 407154 393086 392028 398389 400993 394161 394524 397383 389159 391310 401462 399245 387366 388376 400058 402735 389982 390902 394675 389139 386793 392578 396069 397567 394010 399607 397609 400230 395925 399409 393988 403316 404471 393493 400154 387373 395603 383180 403415 387905 384855 393014 382999 395209 392987 392562 393624 385133 390932 403860 401687 391339 397525 389806 398826 396151 393692 390126 394641 392906 402356 389525 382856 396351 383543 393772 404220 396042 399039 398778 399809 388826 389893 391149 399038 390746 398832 391043 403006 393907 400733 388635 396444 393260 383028 387989 391733 394654 393935 393728 387468 389587 380361 383635 390775 398081 390188 392659 394936 394132 387726 383459 398411 391068 394077 394830 395167 401019 392587 389754 392279 388505 388305 390598 392611 392274 392191 396837 394624 385933 384614 384388 401117 387031 389063 393324 392678 389030 389489 397050 385788 400808 394343 397408 388008 390905 393678 396759 398119 397769 388884 391324 397238 415728 396558 387982 392386 391550 394602 396658 395821 396004 394455 396694 398940 398591 393410 390701 396605 393557 386943 397966 394580 388506 389071 390645 399819 398745 391542 387370 393563 388567 391293 390682 404446 386463 393245 391530 391434 390441 402666 390021 399250 405414 399627 393212 392586 397743 395788 396653 399073 396100 398830 400670 396007 395675 399165 398410 398919 400852 397245 387698 397838 397136 403017 395792 398695 395153 398306 400592 397529 398619 397641 396667 395312 391205 392153 406984 406790 399585 395071 402971 399440 398637 409863 404104 395660 399112 399131 405370 403174 401693 403484 404046 399144 404770 412739 398180 405424 405866 400682 409702 397650 390786 405037 410407 393590 405591 407050 395068 402975 410470 399736 402652 389545 391714 395921 393647 393911 397756 395691 393709 406277 406071 403207 403463 403545 397910 406448 395405 395031 396655 402840 399280 407328 404828 410853 408227 402133 573550 416512 402576
392529 406416 561211 393528 397113 401012 399003 392945 396329 405976 393498 396140 384465 396584 393784 392897 393723 392768 410321 394670 400044 402252 400438 395492 393026 395405 393919 393324 404452 400057 393468 389419 400598 401426 396812 392914 398596 392284 392845 395959 394142 397303 398664 405838 398682 398656 400957 405313 404800 404300 409754 392180 401661 394946 399500 388285 404953 391308 386731 394310 384586 398231 398016 400916 397585 393663 400749 403507 404620 394518 402309 399024 396930 401157 395993 394102 400758 402249 401369 393903 390551 395988 389420 397285 403308 397466 402924 399612 399698 397281 396207 395819 397580 401153 402508 392530 408785 394966 403822 395921 399612 396549 391639 392288 398280 399719 398188 400153 396358 395586 384319 389352 393601 400454 395301 394516 406668 399895 393295 386557 398662 392760 398241 396920 396786 398542 397482 391597 395669 389549 390227 395104 390911 392690 398631 397554 397444 387854 392631 395562 406733 389445 398770 398661 390815 385982 393850 399840 393208 402141 398178 400291 390562 394367 396058 400259 402707 402708 390100 397913 402572 416242 405556 388972 394895 395790 396707 394740 404079 394473 398601 392551 395316 398246 390652 391940 397971 398192 391186 407870 396341 397498 392847 390014 401576 403083 392260 388035 397740 394855 393208 393785 403382 388107 391018 398197 394680 390628 405708 386883 401041 405032 402224 403344 395250 401482 403391 404166 406483 399299 407797 395961 398312 398681 405864 398122 406505 404392 399966 389124 403224 403685 408183 400139 403144 395809 406298 402426 404122 396870 404611 397679 397932 396445 399517 412498 411289 402625 404459 405812 403942 408450 409587 410681 397255 405041 401163 412285 408442 408575 408717 402787 403885 409393 417276 400448 408628 410331 407379 410375 400625 402422 405182 411028 394704 402006 410850 406342 402477 413962 404580 402515 391968 397674 401163 398774 400235 400760 400143 399749 405548 409893 406486 403042 406035 398781 408935 407935 399166 398599 402393 398920 411791 405717 409451 407928 411112 576747 414755 403808
395159 404205 563421 396390 398406 402678 402830 395101 398227 408850 398020 397853 384648 400533 395065 391300 394925 392806 409768 395564 401172 405384 401876 397026 397277 394696 392112 391378 403498 398637 398987 393167 397242 399000 395812 394950 399953 393266 392353 395681 396698 398721 397492 407138 399263 399306 393874 404678 397646 404442 409607 393079 407536 390103 399268 392860 408735 393419 389321 400116 388741 400016 397716 399543 398989 390433 404012 404588 403303 392552 405685 399439 402123 396473 394233 396385 399615 398200 404218 386886 390221 394924 390210 401365 404170 393143 404080 399733 400423 395895 398078 394528 396265 395179 402760 393613 408309 394511 403660 394058 397687 400512 391536 392076 396528 397236 395601 399178 390484 397056 386877 392988 393455 400509 391972 395560 403033 398967 388894 392799 394936 394076 394932 396733 395206 397437 397042 392193 396042 393715 390806 391752 396806 394780 393393 397494 401303 386947 390537 391462 406024 390504 394360 394077 391285 390855 394147 393889 395518 398499 401011 399240 389240 394519 396301 403082 400118 401114 395950 397266 406397 417912 405971 394306 388832 391496 394667 397779 402127 394954 398926 399742 397495 403485 392534 397049 395399 396367 391184 401335 398968 398754 394234 400162 400044 402190 390995 390907 401062 390748 391305 394102 408340 394140 391942 397385 397550 392975 405412 386404 400440 404240 398243 396301 399820 402728 398816 399230 403156 397570 408682 401473 400617 395288 404649 399401 407847 399386 396566 395804 401329 401301 405700 396829 405606 394923 399135 401759 403322 398445 403417 395841 399878 394753 403006 413458 412559 402779 408130 407492 401830 409050 410545 405620 400252 411373 398979 412386 411526 402145 406591 409397 405058 413024 413665 400063 410159 407403 402950 416292 404552 401138 411148 414055 398888 409466 405329 402049 405035 408654 403454 405003 398129 400771 402388 395645 402029 400290 400289 395917 407314 409586 407157 404727 405334 400841 413217 410369 398760 406061 407581 396707 407294 404854 412080 406781 411016 571118 413683 399163
391645 406659 564052 396990 395610 404861 396044 393461 394311 411259 396307 395361 382147 392594 392330 390271 395006 392753 412459 395901 404500 405314 403027 398743 396289 400749 394846 396712 405191 398528 393283 393948 397909 397935 393842 388654 397302 388443 389032 389282 402266 400711 401783 406513 399458 397643 400806 404100 399146 406318 408208 393851 404849 390096 401443 388578 403168 393978 388690 398764 389191 397589 393377 399504 398576 391821 398590 408059 403203 395150 403336 399892 400647 397906 396722 394204 392760 398761 404658 393003 389052 397284 386896 403798 405592 391718 402476 399359 399611 397147 396158 395615 398383 397701 405495 393564 403481 395534 402547 388536 395515 398696 391457 389130 397217 398250 396198 395598 397420 395559 387287 394265 393229 396765 394605 394938 403157 392471 393405 388249 395451 396434 397495 399698 398478 400630 396003 392625 397595 395508 387947 394712 396280 394856 393712 401881 399281 381525 390011 395594 406686 393561 402613 394929 393001 390558 392475 398291 398539 403961 397760 404283 391327 392170 394996 401052 402684 401223 392825 400139 404675 414041 407084 391440 394204 397289 398870 396267 402006 400875 390914 402343 403473 399926 395456 393657 395435 394060 393993 402249 398883 392238 390422 393801 399318 401422 391846 389980 402351 390380 392342 392527 406964 388132 392297 401675 392743 393704 403765 390471 396281 405077 401153 402364 400376 403691 402076 403643 405990 396206 406801 402307 397570 398594 409910 402626 405409 400687 399022 394016 402625 404883 399701 399907 401090 398258 402255 399737 408443 398810 402268 394801 396379 398803 401138 410716 407281 404521 407404 400201 408925 403653 409495 410382 396655 408367 398547 407091 409514 402997 401735 410316 408092 413533 415478 402463 407043 409136 406195 407482 405143 395343 408806 409549 399908 409593 412477 401268 406488 412160 407697 405331 400069 398151 402456 401810 395969 400406 406920 399519 404760 406151 406861 402292 407023 399095 412692 409505 401162 400633 404418 397140 407277 410900 408540 405345 413609 575727 414289 400631
392691 400148 566507 397544 396001 398329 393578 391007 396237 410433 394040 394945 385441 395401 393784 392463 391571 392431 407314 398180 399423 401388 400424 394079 396113 399937 393187 393245 401574 400705 395686 390702 399035 401834 395927 392686 400742 388555 392305 399727 399927 401809 396321 405702 396131 400786 396011 405487 401258 407809 408198 393621 402452 395911 394928 390894 406704 391882 390196 398978 390023 395117 400651 402326 400844 392507 399591 407374 407309 398292 400333 396428 404661 394976 394267 393382 395926 398747 407594 396702 390942 396305 385824 400922 407080 393608 400951 397159 399851 397356 392485 393973 395905 399223 406317 389075 404278 396214 409826 399908 397911 391567 393065 393782 395437 400490 399723 397185 397696 390985 387076 388354 394652 399703 393244 402012 409472 397260 388547 392255 398693 397000 393669 398582 397022 402058 401557 391874 395034 390993 393416 396308 399894 390432 399171 398365 401175 393770 389075 393250 405819 390334 394136 399287 396951 389631 395555 395444 399473 403100 399664 403886 391136 394895 397936 398673 402030 399053 392287 396248 401188 415152 405742 392571 391735 397050 398054 400729 402521 396264 396045 396704 403094 399510 395616 395533 399066 396046 390475 404393 399846 397204 391750 396041 402095 401592 395207 389231 398856 391305 391520 394884 403385 388935 393593 398178 395519 389202 407245 383944 405812 405368 403913 399540 395512 398069 398220 399371 408675 401800 403540 400683 402113 393331 408891 400290 404794 403731 395816 392226 402480 401944 409109 397820 405593 395839 404266 402499 404567 395602 402562 395445 399131 393344 395371 411891 407064 401473 406921 405316 401545 405185 408055 409458 400739 407026 397473 411914 409892 405473 405781 407276 404834 414586 417856 397843 411807 409671 400592 419074 401328 398592 411550 411258 396794 409228 406973 402891 405379 411630 408614 406189 393575 395934 400395 400267 398220 405567 402000 401456 407386 404734 407600 402952 406060 400827 412603 406996 395019 405303 402423 398968 409636 410161 409021 403610 412055 577329 414189 400802
391028 403116 569987 397504 395143 402387 399647 394441 396725 410317 396915 397566 382951 400063 395904 391063 395728 391286 407816 396116 400287 403866 399496 398058 391987 400641 392815 392762 407345 399484 391152 389313 398957 402187 394720 394369 395855 390294 390778 397306 402246 396165 394955 400840 401219 400764 400567 403624 399375 408263 412759 393052 404468 392419 400759 389926 406965 396318 388912 394837 383359 398531 398312 399364 401828 391362 401269 406318 404292 393208 402544 399661 404960 398603 390643 397035 400754 400579 404124 395896 392402 401272 388164 398658 407127 396541 408917 402470 398155 398391 399640 394618 394264 398121 405081 398814 401808 393404 404788 396491 399801 397795 387516 393335 396946 401820 396334 397794 397879 396367 386361 392842 394343 399672 395284 398474 406934 395960 394680 385224 402227 394014 397986 399832 403067 397128 399384 394321 398555 395837 390301 401359 397989 396597 396326 397389 399603 392986 391858 395467 410078 393364 402474 400543 396762 393729 396676 397108 397722 402088 398530 402416 392029 394094 397461 401363 405819 402878 389084 396673 407372 414969 406485 390293 393568 394607 396733 402665 400409 401100 400302 399786 395995 398834 394477 392976 399482 397833 389435 400166 395397 396152 395851 392775 398180 405476 395820 390346 398766 390615 394470 392636 402002 391453 398023 404090 398160 393935 405200 384102 396862 401863 405217 396386 396899 402723 399412 398323 407460 399712 407770 404406 402699 399188 405718 398724 405587 402069 398528 394242 403432 406062 403289 399154 407154 396096 404311 404310 403795 396241 406967 392501 397952 399898 405402 411304 403988 402652 404200 405855 407332 404004 408597 407476 398554 406073 395713 405729 408412 406047 409254 406461 406482 409969 415241 400309 409053 407598 406015 418265 400670 399241 412849 409012 396402 412196 407765 404642 404417 414404 406375 405197 397320 400530 399243 400078 403101 405708 402372 398166 402812 411980 409023 406452 412075 402075 408264 405062 402472 406225 406079 396439 409054 409093 411304 408355 413067 572021 415989 402057
396188 401421 565585 398417 396629 402224 399534 392864 392166 410625 396464 398088 389412 399114 394877 390610 392081 390371 404756 397375 401302 399760 403183 393384 396362 398734 393281 395860 406184 399455 391872 394782 399851 402935 394405 391698 398621 389793 392392 399300 400351 395585 402570 406375 402160 397727 402252 405435 400684 405172 412596 393443 406537 395937 400929 387373 406592 391791 387607 396521 385442 396603 398928 396995 400788 391623 399158 400952 405384 398986 404910 392973 404889 397370 395053 393627 395359 401743 400662 392877 396421 399819 389930 401220 408681 394701 400113 402481 405158 393775 401411 393125 396132 396880 403327 397522 402160 395621 406539 396073 399344 401236 390294 393023 394201 402755 397779 399483 402607 394145 391679 387136 396600 396352 391979 396407 405647 399428 390664 387289 401853 397252 399819 397771 395214 398754 405500 398230 397327 393425 389955 396234 398525 397517 398051 394179 403508 390988 391220 396472 403419 396451 399698 395345 393868 392217 396092 397885 398263 399762 400327 403910 388276 397824 399903 404178 403758 401085 393092 398879 409223 419278 403576 390949 393950 393168 399411 402208 405554 396552 398630 397954 397407 401565 393405 397334 400228 396751 388041 408229 397252 392067 394018 393547 399233 401103 396529 390132 400179 392065 398910 395326 408449 392297 391212 399524 399154 392855 408334 388931 402589 404833 402561 400250 394673 404841 402777 401791 407126 398351 403292 402779 402533 397852 406607 401171 406613 402918 397623 390951 396855 399139 406602 395963 402244 395955 402564 401644 403300 394732 407073 400365 394983 395729 399182 410410 407564 401685 403799 408691 405057 402076 409357 407233 401272 406662 399828 413545 407249 403016 405637 410273 404209 416089 412108 402468 412048 408004 405110 415260 401460 399443 411637 411013 399446 410154 415142 405126 406248 413285 405755 404476 397830 402993 404942 400848 402010 402453 403874 400232 403803 407347 404898 405379 408203 400589 406564 405030 402393 400263 410365 402077 411543 407827 409580 403411 407764 572404 412925 403690
393168 404511 561824 398899 398385 400846 396295 394993 397055 408710 393773 395671 383772 396830 395216 398009 395271 389749 406654 399211 402490 403396 399791 395157 396177 401738 391576 390892 400071 394487 394581 387120 397052 398067 389087 392848 396561 394294 388705 396112 393034 395474 398575 406848 401286 398365 400859 404050 400448 404315 408232 390398 405011 389567 396866 387542 402955 390162 388452 393809 387711 397815 395528 400054 400787 395014 400526 404567 403774 394034 403570 397409 399125 397277 394168 399565 396022 401722 405988 392189 388760 397011 388066 395954 404627 396392 399480 397038 402093 390409 398289 394185 394436 396654 398194 393655 403974 396374 401124 393732 399174 396896 390224 393928 395461 400746 395238 400440 398145 396939 387468 391289 396130 404135 391753 393796 403718 395295 390170 388536 402432 392431 395076 397046 392490 399765 398275 392925 393674 395207 393296 398201 396677 393228 397458 399062 401684 390657 394309 397224 409399 389432 400866 396081 391937 394328 395099 398087 397807 403114 400232 402987 391318 393497 399197 402053 401310 404107 392119 400284 406323 419142 405891 392527 395175 393942 403033 402536 402976 396236 394595 396699 401776 397131 398624 397674 398786 396797 392563 397979 400016 393114 395750 394267 401846 403370 393729 391089 398855 390177 392606 391697 404872 391586 392908 397050 396491 394510 407291 388271 401155 406070 403950 397617 398279 406168 396571 405682 406186 399594 403823 401170 403498 396177 406822 397796 404932 403790 397967 394148 403850 403998 406078 399194 403148 398307 406509 404517 404650 402577 403339 398328 400937 398192 400310 407613 411142 402044 408929 406678 403850 404247 408893 406769 399569 408890 398731 408512 409101 404943 405784 405800 403827 409521 419036 401370 412717 410131 407840 414485 403868 400980 412282 412168 398857 410396 410189 404934 405470 418220 406241 407266 402047 396894 403008 402485 402183 402834 403820 401327 406093 409626 408045 400888 406585 401475 409745 401925 400570 399182 405202 398599 409928 405965 408240 409826 413110 577087 414631 406799
393616 403160 557658 397485 398112 402875 398552 396637 396500 405787 399533 397558 385697 400214 396706 394277 392518 391781 409143 399716 402139 405808 401825 395227 394712 398971 393917 391550 407603 402567 395763 390401 399455 399055 394326 391173 400863 394431 393200 397636 401603 395036 397562 404926 405100 397265 400366 406839 399581 403908 408362 395102 397732 394933 397185 389841 404869 391730 387602 397942 386903 395926 400945 400514 400816 393727 401979 404503 403614 399709 403923 400752 400332 397162 394307 396535 397314 401825 402114 390239 393924 395586 389151 402111 404125 392776 406057 402270 403437 393325 396409 391106 399189 400357 404505 396393 400576 395774 409268 394616 399478 399743 385736 390234 392524 401372 395804 399474 398304 396945 387718 390115 392958 401324 388943 393887 409494 398408 393309 389992 397444 398501 396264 399080 395916 399937 398867 393086 396935 395633 388568 397328 391215 396434 394877 402118 402537 391176 390758 395262 410887 393383 403391 396874 398474 392121 399333 397486 399743 400300 396168 401242 394050 396314 399098 402963 402219 401766 395196 394706 404654 417603 401723 394370 395396 395045 401075 397947 406268 400208 401376 400990 399500 399473 397770 396889 395128 400138 391340 404000 399291 393673 389503 394039 401383 406712 390089 392932 398282 391211 395517 397048 404319 395936 398581 395110 400134 392272 406962 390067 404310 403562 400566 401227 398670 402757 399219 403548 406530 400166 406042 399727 403797 395353 405823 402939 405974 399106 399449 389377 398103 401332 404635 398618 405345 397226 400911 406613 405666 398790 403195 398090 397804 398714 404334 410172 411147 400910 404995 404244 405223 406988 406925 405509 403294 405627 399533 409519 409764 406154 411482 415156 402239 415569 418477 401260 411762 409570 407239 415684 405422 403734 409903 415810 397348 409792 414282 404412 406188 413585 409524 406503 397373 400225 406784 402091 400888 404053 408383 401181 407585 410366 410823 407513 410310 399777 413306 405849 400322 401706 406479 399523 409710 409031 410698 407079 412077 573193 415736 398565
383670 386689 383434 385554 382890 385603 385919 384441 384812 390866 385182 385217 379134 385370 384437 384023 383869 382913 390096 384040 386635 385907 385165 378206 377411 381135 375205 377233 385535 380951 374664 372719 383205 386380 377265 375695 379839 371453 375989 379066 385656 383907 380043 391169 383567 380081 384273 392762 386317 392699 389105 379497 388479 374768 378632 374767 388885 376053 374204 381637 373358 382444 386032 385672 382924 376977 386379 389417 391313 382431 386539 387522 383778 384744 379654 379308 382991 384085 389909 376902 375802 381963 375773 386134 388656 377437 384495 386985 386532 379134 382728 374050 377672 383093 387946 379448 389393 380324 390146 379352 382933 380618 373938 375305 377300 386303 381045 382578 381071 375762 373774 375666 377443 384140 379549 382208 393107 381937 375447 373314 381616 380042 380618 381817 382406 385987 381784 378645 383680 380599 377193 381274 383382 380478 384428 380733 386116 375952 376231 376967 395723 376672 382606 381749 378279 372217 378981 381997 382691 387461 384279 390839 378498 381576 386988 386929 387658 388232 381730 381172 393863 403196 389625 375938 381019 382559 380760 387092 388341 384899 381732 383942 385224 384495 381451 381364 383282 383010 374175 390993 384634 382570 378206 381343 386647 389180 380144 377015 385806 374116 378464 382535 387524 376905 380545 384961 384701 378623 389202 375064 384366 386498 387818 385585 383230 384975 386251 382337 394047 378506 390043 386643 384198 380251 390013 383840 390636 389121 381693 376469 385612 385314 387638 381119 386675 381827 387415 386299 388783 379465 386532 387040 381154 379182 384419 394486 394232 384253 386164 389755 390445 387984 393143 390013 384584 391610 381618 391078 387237 388424 389347 389556 384150 398673 396816 381136 391907 388792 393020 394633 385281 382361 390355 397907 380354 393288 390446 385871 389154 396567 386011 390455 377928 381465 381139 383659 383133 384230 384032 383256 386264 386694 386694 385200 386511 383291 387079 386278 383270 384058 386024 383100 387074 386694 386090 384048 387478 384790 387677 384704
