383292 387075 386693 380723 384814 387077 386668 381957 386634 387073 387331 387314 385808 386684 381048 384489 385174 381780 384567 381790 381735 382661 377989 385157 377580 374395 379428 385181 377769 378838 386224 379144 379408 388206 372599 380374 373276 378587 379299 384028 379283 381479 374869 390803 380276 374862 374930 375565 379373 386222 378843 376276 383143 375868 379689 382223 381488 382739 372370 379886 377118 384613 382159 386805 378730 376281 378410 381422 390658 374965 378360 377662 386151 377346 384306 380694 373572 382159 377988 381642 380104 382764 379757 377128 380792 380279 374751 385850 382201 382211 378824 384445 386219 384895 380443 390449 385343 383806 382899 378536 396900 392600 376257 367547 382306 374748 376929 375602 377683 381861 375629 384642 379270 376669 372066 378389 377398 376112 383615 380479 387074 378989 369323 386157 377545 383012 376565 376909 385262 380240 381852 375248 381771 381661 377814 390150 376898 377166 377760 379518 378765 376033 378335 380113 382239 376327 379386 380124 385604 379894 380460 374392 377721 383152 380970 377780 383906 377225 385296 375510 376316 378551 375039 380423 393983 394064 380568 376871 381990 383443 376379 376493 382225 387782 382492 380676 382317 376535 396883 381122 381250 377775 386650 378898 382723 375984 381764 384065 382914 378117 376690 379216 378430 376347 381641 374633 374522 376535 381022 379624 386155 372819 375990 377235 378475 386184 379796 388223 379815 382310 389510 384753 374552 380508 377600 383303 382502 392921 370917 382171 380040 377281 391832 382169 382459 376530 383391 381387 379925 383427 375892 370678 386262 381200 379521 385017 374880 389023 378173 376462 378481 383681 382388 384489 378584 376138 377131 373982 387627 378398 382328 378797 385676 384412 383029 384257 380677 388502 369897 387119 382459 382515 380701 382721 384001 384961 383799 373873 375858 374986 389739 378816 372030 377705 384921 380503 381080 388851 381124 388626 387082 383723 384424 387073 386694 387828 386160 383297 382910 381162 386694 381776 384804 382613 383292 386379 384796 386671 386317 389275
393640 407635 565763 385874 402909 406877 403055 391465 403077 400284 404618 404980 400393 405703 390107 401199 396958 393010 400000 388441 395718 405273 396611 404713 401612 393775 395504 405291 400745 396262 405645 399325 400241 409720 393929 401607 394683 395557 396546 405636 398091 401052 395173 406038 395243 395008 390763 395641 399758 404349 398632 394571 399549 394379 394108 399784 397778 401535 395966 403098 396839 399781 397498 397311 397127 395634 397207 399196 405462 393917 392082 394741 398772 396270 402520 396981 389722 397661 393336 398585 396085 400445 397484 395447 393803 400121 393454 404457 393971 401060 399938 401544 394717 401619 400112 408094 399529 397119 394975 403676 409087 409642 395931 384394 395476 388233 390402 391147 396093 401357 391591 404232 397340 390535 391466 390699 396656 393399 402504 398216 403007 394057 388466 398930 392853 395684 391998 395497 398561 393636 395757 389943 397806 398928 393424 406404 394323 389555 395297 395664 391100 392801 394589 394096 397832 393196 392334 392947 397454 390723 394324 394132 393337 401052 394630 396159 401615 395235 403611 393356 394304 390412 393320 397242 407229 404172 397303 394333 397676 400262 396259 393055 400297 402589 401173 394864 399228 392906 408762 397029 393854 394767 410069 392530 399541 394842 393857 399241 398249 399518 395430 394995 393126 392000 397433 386697 385888 390955 401942 393259 395857 389405 394223 394735 395709 405271 397003 402449 395366 401534 407855 397098 393208 399163 397578 397789 397601 407842 385769 400482 396831 397388 404122 392761 392172 395561 397152 400000 395470 402038 395213 384609 406581 399472 396695 402625 391004 409426 391018 397568 396340 398218 396678 396248 398561 397152 394406 395572 400712 388258 400792 400835 402516 401819 402160 403378 398230 406632 388601 402407 403944 401309 399544 396007 405008 403545 405347 392348 395854 396914 407881 397443 396276 399574 404029 402876 400517 410886 404255 409480 407769 398924 400793 407824 403784 406113 403152 392819 393632 390244 406811 390525 401193 396038 405144 409330 401652 571377 406473 407704
393147 409962 574210 388096 403733 407160 400419 392721 399262 402319 401524 405910 401914 398706 390240 394161 401350 392483 396712 391966 398179 403505 391156 398120 393100 393460 399130 404893 398810 400795 405147 403786 398418 405701 393090 402782 392736 401271 401058 404337 400666 401740 390934 407808 394128 394776 388998 392148 397561 404391 397609 402123 401399 393450 391298 403219 399895 401226 384092 401937 394166 399000 399539 403031 398630 389015 397033 398740 402752 391439 393109 395688 403555 392986 400194 394378 392278 399289 393403 394385 393562 399471 396323 394079 398197 394748 390603 401236 397297 397521 396889 401444 402708 403227 393366 405907 397870 396158 398142 398582 406506 400220 392696 381377 396971 387340 388466 388992 399286 397905 392792 397858 396201 387872 388669 389799 396535 392111 399961 395428 405486 392464 386241 401918 393572 397526 391356 392886 401333 395913 399870 391818 401102 393987 394968 407040 392449 392097 396876 398311 391967 392881 392103 394703 396622 391313 396801 390451 399359 391591 397981 392055 395086 400722 400287 390376 402255 394718 400027 393031 387875 394361 390886 397884 407866 402313 398398 394187 398799 399643 388914 392228 400076 404117 397160 398672 396135 393232 409102 398854 391351 397109 403431 397544 396936 393925 393907 394003 398905 395395 393683 396054 394762 395372 391419 385903 390644 393285 395207 394302 400081 389567 392638 396830 397685 404593 395097 402545 396533 397375 408162 402962 394008 396841 396835 398075 396909 408219 390384 397824 395981 397709 401829 395755 399301 392683 397093 396761 395496 402478 396536 387921 405171 401016 400011 402281 393657 404510 391628 395113 393676 399054 396907 396806 397751 391560 395002 390556 400558 394383 396975 395908 404331 398093 396609 404817 400405 403796 388735 402298 406319 401042 398165 397036 402248 401621 398146 391843 396514 393886 410360 396267 393793 393602 406871 406670 401528 408054 400702 407214 406306 395383 397217 403675 398411 410346 403398 395290 395940 391336 398969 394921 401148 394095 399884 405965 399477 574279 407256 409354
396453 406390 567442 390251 401804 408916 399433 392971 400507 403757 405481 402520 402701 401708 388884 396294 397717 389135 391815 391530 393145 406045 392133 401128 400767 391477 398670 402511 394111 397907 403277 399300 400413 405990 393945 404814 391698 397493 396346 402395 393378 402825 392229 406749 393785 399023 389061 391507 397197 404947 397357 394108 400501 391691 393717 402211 400729 403929 390734 400513 394670 400611 403821 397719 396424 391970 393271 394459 405158 390183 395944 398755 405166 394596 397339 391217 393757 398503 390313 392504 395600 398338 394363 391619 392231 398707 390717 405444 394839 397114 397394 401365 395265 404279 395637 408698 393538 400384 397342 397905 405531 407467 397537 381900 393436 393042 387238 388726 393235 392984 390493 403160 396432 387130 393742 391612 390215 392150 403722 392108 403618 393810 386470 399031 391899 397101 387336 393217 395858 389530 399106 391148 401083 391867 395750 406420 391125 393615 396713 394887 390606 391107 385245 391417 398634 390623 392064 391152 392648 391511 396884 394925 394144 397483 398259 390533 396770 393210 402559 393831 393118 391805 388718 398658 402917 401462 395019 390776 400480 398416 393605 391075 397860 401727 402393 393344 397883 390567 406794 394629 393690 393810 405615 388810 398549 391614 395443 395632 396991 392745 394826 393112 395709 389751 390968 389155 388681 391905 396158 397141 401770 389395 392819 396442 393635 401054 397794 406093 396753 399830 406772 397841 390285 393809 395503 399657 400135 406405 388497 396276 395634 390584 401565 394904 398988 391095 398889 397980 395257 393522 392321 389273 402507 396685 393575 400319 392154 404688 391673 396415 396872 392918 395613 395336 398647 389681 394616 389477 402038 397416 398788 392342 402467 397510 398624 401364 400975 403045 385990 399655 403009 402962 396776 396841 400816 402114 400145 392642 396014 392172 410500 394969 392617 399237 405617 403374 400332 407259 399246 406264 401206 394753 395175 402526 405713 409050 400586 396703 393169 393107 400436 390588 400056 392245 402767 408161 398385 573752 405698 410863
393203 407676 572978 389710 401080 408782 402489 393829 396081 399428 403135 404066 398019 399771 390495 398628 393309 393065 392784 393553 397071 398321 392757 402487 396994 386188 400870 398805 399641 398942 400587 399087 399160 412078 390838 398564 393898 398299 396551 405945 398869 400619 389624 406332 397148 396184 391671 392126 397801 407529 397370 389603 400083 390936 392554 400766 393546 402036 393037 396341 394945 402344 391218 400987 394991 392151 391299 393719 406341 392959 391620 395935 403425 394227 399718 389300 390659 393634 394120 395906 393844 398701 391447 389582 397825 396753 386698 401076 398055 397890 396527 400255 397425 397754 397023 406475 395666 396945 395894 393547 406414 404779 394052 381265 392466 386989 390325 390160 393497 399921 390837 397784 392157 388154 393686 393843 389672 393679 399761 394774 405443 396270 387215 398478 391074 399650 392132 392620 394828 395528 395638 393826 399776 394785 393952 402398 393748 391666 395975 395338 389758 390377 390185 391807 397067 388290 390467 391428 395959 390131 397393 391418 395150 399343 394180 390126 394121 392228 402974 390784 385317 392945 390010 397925 405254 403616 396199 399254 399046 396409 393644 392533 394570 401918 396284 397518 393026 391881 408276 398864 387979 387209 402182 389377 397684 388919 394289 394999 396977 391844 394461 395776 392871 391285 395068 385610 393334 391776 400370 394162 399963 391097 392302 397500 393577 401251 400057 399085 393731 402653 403169 400867 393518 398120 393537 398008 400523 409372 387179 398378 396446 397670 399692 398520 395800 395779 395021 397989 394084 400922 394224 388684 404942 400505 400466 400104 389912 402239 396594 395775 393647 395436 400731 398826 396671 393589 388281 394273 404122 397343 395109 393859 402791 402581 402702 403708 400324 404893 388798 401450 403380 401554 396525 395175 404866 400945 398037 396469 394000 389897 409007 396325 390796 395527 402024 402174 396889 408954 399313 406824 402650 396973 398176 405298 403304 406517 402889 392831 393769 387405 403186 391764 395955 395772 397659 402913 400110 573588 406746 403895
391088 408975 570558 386390 404291 407106 400865 393650 399963 404465 404522 406851 397161 402370 392076 398319 396826 394568 392421 392730 396926 401912 396226 405220 397605 393725 399453 402005 396541 400136 400519 403509 399434 410237 395045 400970 390789 402919 402407 400268 399361 400060 388720 410404 396194 395102 392205 394383 398195 408176 396562 391794 404406 390573 391880 399217 399620 397687 388079 398492 394768 404334 397997 393490 391726 395035 395764 396227 406333 394720 392717 396231 398922 395501 403368 390696 392279 396221 390978 396625 390292 398772 389585 390103 393707 397741 390117 402297 394112 399513 393139 400589 396031 401854 397438 405997 397122 397258 390986 398343 404998 402295 390368 383394 393768 388151 389852 388084 395616 396375 390843 397285 395489 389997 394613 391700 394730 392902 400613 395440 401974 391355 384114 399075 387578 393134 386592 390448 396366 390951 396694 391973 398248 394972 394071 404736 392884 392313 394046 398757 392014 389446 392325 392603 395158 390404 391384 393317 392860 391444 395333 392971 396811 399869 395961 388988 399033 392395 399261 387175 390441 392251 391987 390779 403574 399907 394141 393436 400725 398357 389007 389815 398520 401538 398738 397187 396993 391959 406660 396365 392842 391946 400347 388636 396190 392057 392337 396322 397445 394612 390617 393210 391665 387616 393810 386759 387169 392946 396954 393494 402331 390100 395700 396655 395053 404917 400047 402857 395482 395974 403973 398736 395544 398548 392912 400606 398422 409054 387294 397442 395695 398258 405605 397433 393967 391455 398321 397406 395260 395457 390314 387093 407613 395049 397137 399652 392962 403337 394262 393250 394648 396077 396576 396557 401752 395701 391188 393743 401386 394999 397764 389957 404852 400319 400556 406316 398460 407058 392011 398628 401350 399729 397614 390634 402587 402244 400669 394785 389928 394012 407234 390535 391465 393621 405063 399086 396929 407892 400202 408958 409910 391846 396963 402794 406370 406593 396356 395938 392745 391477 395789 388458 395436 396304 401936 406613 399003 570809 404007 407227
397955 408903 566410 389140 402976 405607 400816 390075 399298 398922 402634 400818 397638 400288 387863 393371 398554 391326 396449 391213 393965 401235 393703 401108 397285 391504 394796 406918 400533 394900 402588 402633 399397 409788 390774 402627 393125 400234 395729 399961 399930 404390 389722 404690 394630 393309 393042 401754 397622 409676 395982 394301 399722 390876 393552 401081 402592 403996 386153 400479 390533 404433 395497 394558 393381 394204 393381 393813 402809 391076 393576 395441 401547 388860 397524 392669 392462 399050 391019 396292 392391 397029 394765 393684 389617 394418 389642 407819 396333 401961 395390 403451 396394 397388 401623 403090 397339 398106 395008 393400 405566 403749 392907 377880 391501 390718 392309 388237 396718 399677 387484 398683 394627 387914 388621 392820 389747 391749 399135 394234 399805 390992 384308 403523 386625 394906 385931 396497 395886 394073 398094 388561 399746 395583 389972 402780 389818 392536 391557 395769 389352 389959 389810 392110 396121 388931 390707 391264 396163 389706 390651 391138 392246 395395 393895 389408 401252 393943 399170 393728 388782 393930 393222 399073 403256 400248 399621 390343 396955 392732 393429 392872 396163 404146 396141 394209 396095 392727 408484 398969 392089 389600 400392 387668 393942 390024 398041 393276 397869 393427 389338 391123 390869 385111 393420 388281 385064 394338 395774 387033 401511 390133 395038 397299 394228 399208 396718 399174 398575 398887 408221 400001 391911 393521 396208 399091 396097 405109 388964 397931 392537 393501 399220 396874 393733 393550 398354 396859 395275 398838 391385 387675 400777 396980 398170 401213 391508 400191 392286 394233 395755 396864 399548 394971 396939 394648 386867 389203 401977 389576 397099 395325 401532 400385 404586 398884 401276 406058 386855 396192 403632 402747 397299 395992 401685 401847 398087 393610 391170 389635 409428 396171 390628 395618 401232 398624 398580 404243 402640 407275 406233 394416 395520 401347 402233 401179 401345 395873 396306 389832 398849 390247 399614 397515 398547 407323 392836 571226 404534 402367
392232 408216 567275 388140 402043 404058 398942 390668 397336 400834 405620 406784 396159 395069 387062 398102 396643 391059 394939 394200 394285 407678 395868 400912 395650 394658 395443 403880 398586 401581 402227 399778 397163 411950 394440 402960 392820 401535 394396 397682 398840 396807 393163 405633 394299 392744 389723 392354 396103 405782 396638 394535 399456 395816 397586 400506 398311 402990 385031 398395 393730 403937 397529 395532 396581 394317 397409 393686 406669 390583 390844 395428 402421 391241 399578 393522 395467 399259 390591 398745 395707 397933 395682 391615 396572 394553 385267 402876 393741 399960 396272 398039 399584 397327 396779 406264 395388 392856 394953 395452 411067 398976 396107 381954 393854 389358 388887 390036 394818 400244 386570 395389 395559 390839 390299 395343 390225 394930 401836 393355 402654 385932 388935 398840 390204 392484 391582 392799 399724 393402 398876 391263 396654 394541 393150 404236 391114 393470 393499 399431 390801 386169 385127 392593 396215 383508 390016 389944 399182 390305 398565 393471 393160 395568 397203 392089 400513 390192 394874 393797 387755 393207 392358 395540 407487 403850 393213 391431 401209 400058 393267 390571 393571 400816 399506 391334 393875 392000 406620 394731 390683 394157 407303 389375 394608 392726 396794 395748 396164 391390 393725 396436 392544 388688 391379 386989 389967 391965 391145 394910 401197 392287 391800 396597 396922 401303 394419 402753 396974 398419 402261 398516 392608 399741 394615 398158 395634 408433 387123 397563 394971 391442 401820 395544 395817 391592 397243 399413 395479 400546 393246 389805 401633 394208 397390 397274 394360 400841 394112 393554 394823 395393 400076 397263 398976 395894 394650 388660 403431 395157 395673 397432 402001 402731 398285 403134 399751 404659 387151 400571 404093 399194 396643 400294 401009 399241 402843 396225 397203 391049 412873 392595 392075 394095 401089 399996 395436 404036 395256 405524 406400 395576 400902 404831 402182 404591 399796 390193 391353 387963 400368 391162 394911 393039 396341 406042 395224 576884 403612 405480
393881 409351 571738 387798 405028 407974 401261 394067 395867 401209 405026 406334 401083 403288 390994 398485 399784 389941 395057 391754 398158 400601 395564 399586 395801 389110 402217 405140 395730 397828 399592 398346 402293 408418 393220 399828 386090 403301 397795 403052 396065 398489 391426 404982 396531 391532 396133 397424 396072 404214 393941 393738 398839 392299 391214 401315 393788 398926 389171 399667 396626 402325 394551 398541 393461 395120 392499 393679 410278 390792 391329 393761 401300 397033 402455 392897 389213 397412 388736 396405 394496 400992 390760 390420 400582 396301 390858 402532 391394 399481 394443 397464 397967 396549 397711 406649 398108 396954 394343 393366 411790 405028 391110 379326 395461 383087 391526 386521 395806 394753 386827 397673 396469 384460 388530 384344 393260 391623 403077 394385 399827 391959 385076 397010 387361 394913 388316 390092 397828 392191 398226 389275 398486 391748 392534 403118 388534 394635 396075 394954 387542 389176 388822 390554 397751 388214 388838 388007 395959 390004 395784 387119 394410 400992 395631 391482 397151 391079 398473 391948 387255 391003 392186 393793 406933 400682 394862 389314 396423 395439 391378 387777 393367 397292 395785 393898 396154 391464 411906 398843 391162 389211 402179 391619 394116 392524 394568 389200 397059 397323 394415 395288 391512 387167 390284 387011 387017 389161 395939 392665 397257 389793 390134 394150 393730 397589 396215 403618 393424 401036 408539 396094 391449 397989 395906 399290 397449 406453 386829 399924 392592 398214 401596 396325 398429 395509 399595 395865 398297 397498 394418 387952 404312 398754 400094 399115 390744 404266 392117 400456 395009 397188 399080 397165 395038 391756 399017 391123 404253 398955 397976 397195 403248 397810 400394 402766 398850 403909 390375 399284 403448 402006 399409 394499 402190 399605 397768 395770 389662 393963 407331 392142 393545 398125 400622 400410 399491 402946 402418 408461 402317 393196 399200 405016 405726 409368 401258 396747 392732 387490 399275 388388 394058 396333 399698 403034 398761 576539 403705 405551
394947 411953 567535 385658 404458 411681 395011 387563 400172 402199 401688 398527 392699 394642 388171 395694 393427 388858 393663 385207 395265 396648 394367 400122 394199 386776 396301 397541 395197 397539 397754 394831 402628 408901 390418 394114 390541 398581 392039 396386 391365 397038 387832 408607 394113 389024 389376 391113 395824 402527 392286 397532 401303 389427 391617 400922 397717 395904 386967 393364 388154 398560 393862 393574 394100 391094 392344 389573 403388 391538 387667 392633 400399 390127 398002 390691 387375 394452 387697 393183 388175 397463 390147 388921 392155 391597 386990 402468 391788 396967 396522 399100 390600 393523 397336 405015 388576 396378 391951 393806 403283 401525 387268 376895 389909 380279 385024 385932 388730 390318 386486 394995 388881 386468 393569 387771 389482 389232 393642 394984 397944 386593 382573 395390 385574 388647 386396 391356 392382 393207 386722 384425 395461 388622 387737 399272 386708 388036 387625 388559 390216 384382 389219 388793 392987 384654 389292 387466 395350 391507 389496 387952 386261 391688 386648 389454 394393 387832 395336 389521 385984 391702 386276 393812 403859 401070 394407 385362 393712 394063 387172 391094 395667 393587 397131 389918 392679 385220 406317 395590 385889 390061 400481 383849 390313 388446 393694 392227 391497 389816 390333 386916 389878 387340 388327 383871 384578 388625 392154 387148 394372 391171 387884 393004 390340 395414 394960 397662 396765 395726 405111 397537 388170 391557 386984 395294 393631 402410 382727 394543 389996 392531 395301 392816 392872 390374 391026 396842 391483 398076 387186 387362 395410 394833 394528 397851 388409 402224 387707 393623 392592 394674 397803 392253 393676 392363 390444 386744 395447 393703 394035 390533 400118 402924 402045 402273 393588 400896 385802 398502 399001 397195 395378 395680 401384 398655 395285 388208 390795 389690 406659 390408 387961 389628 397939 396969 394645 400772 398636 403573 397913 390109 393632 402614 395194 404474 394175 389134 394439 384701 401373 387343 394868 387046 398101 404441 390855 571367 402173 402577
390738 412711 569601 390552 404336 405297 399433 387088 400023 400553 402180 402535 400773 400116 388141 398390 395765 392885 398002 393222 396627 402462 387830 403434 399449 390934 396696 400815 398733 398242 401773 400037 398970 412323 392070 399657 396546 401106 396567 402950 400167 403801 389121 409601 395056 392489 392303 391776 396939 408465 395267 396713 402615 390800 394324 400501 394613 397873 388058 398024 393912 407428 394487 397515 390968 392721 393601 395039 404480 391821 390735 397913 398440 390963 399179 395702 391740 397250 391092 396438 395824 398049 390188 388696 392459 396507 393227 401797 396342 397745 398579 399302 398248 398403 395734 400529 395909 395167 395508 395162 407467 403112 391593 386111 398000 379495 391486 389394 396885 393775 388121 397264 393648 387330 391119 391935 395807 389370 398506 390785 398373 392957 380514 397182 389397 392438 392341 390328 399710 388919 394820 387556 397942 394466 393214 402110 395042 392235 394963 392296 387620 388186 392197 390306 393599 388852 388760 391992 391919 389859 392842 387696 393118 395933 391605 386758 401579 392986 399621 392598 390509 390688 388197 393452 405475 396288 394035 386764 396268 395923 393019 388707 393190 400054 397497 392825 394456 389858 405727 401470 393241 389353 401161 390844 397123 386027 392471 395289 392565 391355 388921 392100 391796 384491 388871 386014 387032 388620 393220 393894 396530 392812 392543 393191 392112 399274 397473 405291 390607 401043 405984 393640 394172 398745 393739 402789 396344 408806 389353 399154 395337 393589 405269 398281 394829 394283 401546 396863 400214 398721 391734 389456 401345 396066 400591 396354 392639 403547 392613 394147 395621 396881 399828 398434 394297 390601 391361 391691 403176 391993 398720 393858 396625 402333 401609 399316 400936 402450 384404 395878 401832 399548 394009 396905 401508 401130 393776 391378 395192 390426 408707 395432 387763 392438 406588 396264 398665 403838 396448 405328 402612 392411 392971 401286 401184 408838 396754 391458 391796 388605 401806 389385 395715 391566 399565 407937 397670 568562 403674 408138
392929 409640 568395 389329 400662 407419 397386 394350 400716 400800 401507 406660 401814 398542 389311 397069 401490 398627 394437 393416 398552 401867 396329 402839 398028 393036 393343 400203 394812 399001 404648 399066 397447 407917 392861 400114 395988 401536 394640 400084 400863 403641 393237 404330 396548 396540 390328 394476 392846 405032 400012 395640 400431 396620 395783 403821 399359 400123 389746 402027 401125 402770 397916 399905 391338 395179 395404 401368 407493 391162 394862 400761 399986 395315 399862 394370 390253 397933 389927 401461 395711 399909 392621 392822 397272 396124 390181 401232 396469 395822 396470 399599 397713 397370 399376 403440 394818 398661 394569 392999 409532 402063 392194 382006 391444 385265 388112 390429 393462 393939 392892 399721 398272 388555 392090 387459 394320 392763 398349 397348 403616 388849 385898 398848 389291 395561 392554 392893 402120 390359 399256 390070 395510 393542 392199 404723 390627 389532 391806 396632 392748 393513 387710 392493 396629 388206 390267 391229 397291 391577 394403 390059 395929 393816 396282 391545 401657 390117 402834 391116 390647 390635 387295 396339 404499 404397 396675 389184 399985 398913 392969 387653 392490 398502 398726 397244 392583 389069 409773 394745 390707 390675 405991 393335 393938 392674 398792 397240 398235 396696 389991 393227 395115 388080 389940 386973 387699 389369 396340 395876 400004 388395 392757 396081 391492 406671 396442 399989 397745 396535 408197 397943 392681 398252 392818 394419 399474 405593 390944 397880 393086 396301 398754 393799 396820 391249 401846 398823 396359 396760 394026 388251 405837 401430 399105 399331 394772 404336 393231 402391 396893 396000 400998 402845 398998 391670 392106 393276 402829 398014 399620 396181 400615 400989 404194 402949 399890 402546 387946 402448 403607 399049 395004 393426 402399 399534 396751 392518 389366 387534 408065 395549 389564 395311 399975 400393 395647 408097 397543 409230 403043 394436 399255 406056 400744 403480 401401 392820 394548 391097 399382 390114 396572 394988 396675 404850 393530 576547 402219 408417
397416 407941 572261 389066 402188 407514 401306 392459 398284 401770 400254 406139 398752 399226 390524 396123 396296 398383 392692 389365 396657 400038 391630 401020 399234 390142 398596 402187 395651 397836 402525 400214 400352 407724 396098 400749 396892 399406 401118 399358 398109 401445 389408 405047 397475 396337 395489 394839 396932 405322 394580 393327 401862 395664 396796 403576 396796 402953 389898 399934 395419 401115 402195 401941 399268 394959 395023 396842 404586 390422 398737 397534 399258 391254 402669 396151 389881 398630 386885 399214 393702 400509 399093 393716 402068 396648 387417 404648 396409 397605 395319 402679 400864 402806 395460 408991 397080 396017 391622 392718 408228 402777 395201 381933 393546 388576 391244 389699 392572 397671 387898 399054 392127 390688 390810 391842 391177 387999 399114 391283 401244 392989 386568 396395 387183 393230 389557 392113 396924 390334 394973 393692 397569 394394 388602 407248 391412 394673 394543 394956 392435 390421 387265 390905 398258 385430 389263 392255 398628 388998 390363 391758 395416 400499 391193 390087 396020 392269 399297 390124 388903 391268 390651 396174 406353 401384 397171 393929 397581 394527 389771 391951 393617 397110 396469 393278 394535 392604 406257 395490 397831 389491 402798 389910 395163 391662 400386 394391 397541 397207 394299 392932 385693 393672 392113 385689 391806 391593 394427 394493 401464 388555 388794 395504 392434 400249 398671 403280 395394 394006 406379 397553 390625 397016 395120 394251 398588 406663 388448 394578 395517 394883 403415 397338 395093 395093 400773 399118 394963 400848 392918 392497 399059 394886 398539 401498 392256 402032 392576 395038 396806 400137 397858 398667 399864 392853 391536 391814 402802 398169 394780 394752 403952 406441 401905 403634 401355 408729 386351 399733 407286 403592 398812 395669 401597 398857 396779 388083 392064 394269 407200 395162 390685 396655 395608 397896 395675 414318 403341 407268 403527 395064 395567 402439 402749 407197 397914 396434 396068 388697 401712 389792 397059 396235 396010 403311 397240 570397 405028 408876
393130 409145 567982 387809 399860 408692 402225 390697 401397 401194 406522 403401 397706 405305 389851 393685 395511 392130 398400 392452 393670 403585 392069 402485 399734 391428 398868 402589 403095 403068 406139 400371 402075 415273 392036 398469 391082 402437 396695 402694 396890 406922 389875 403260 396378 391077 391603 397681 399853 405590 402551 395897 401590 392550 397121 400972 397862 401343 391219 400649 393537 399942 398823 396446 390591 396454 393175 394169 407232 392763 393606 395574 401489 394263 401216 394745 397129 400677 388398 396626 396988 400665 393578 393120 398040 396528 389729 401475 397331 396243 397641 396473 397839 400513 399639 406899 396876 396072 389868 395995 405974 402507 393734 376030 393228 388918 387442 388889 395468 399415 389851 397906 393323 385662 390097 389891 395772 389081 400847 391569 403804 396951 379897 398228 393713 396981 386742 396580 403151 395013 394919 388588 394634 392660 393753 405219 386008 393790 395689 395807 391542 389091 391236 392590 395098 387465 391322 388800 396997 390053 390318 389616 395127 400519 395639 395794 397118 392577 395170 390561 393172 391428 391729 394378 404704 400241 390799 389677 397302 399416 388858 391576 392940 396111 396917 389195 392651 386984 407160 393113 391162 396472 404454 389659 394780 392950 397341 392062 396086 394344 392801 390609 390875 389471 390712 390864 389946 391871 396862 389811 398822 388612 393497 393794 395193 399307 399352 403310 395932 396371 403890 398726 390653 395631 395561 393807 396992 408173 383772 395412 397646 396945 399070 396398 400044 392784 396877 399509 393545 400847 397074 387815 404139 396514 400147 402226 392209 402482 398596 398635 396927 396822 398293 395509 403833 394522 389024 395299 401918 399112 398769 397660 402830 401923 400129 406629 398429 406321 387463 398852 404421 399817 395429 398008 402068 402523 400600 393022 397581 391113 406739 396217 389669 394221 404227 403512 398199 406274 400886 404378 402046 393939 394897 406986 405629 408811 394501 392856 393466 387735 398389 386090 396829 392459 400744 406594 393748 568679 402085 404324
393627 407917 572642 388669 398658 406165 403159 391721 397899 401059 402810 405616 397378 404918 388075 394825 398215 391415 399000 397393 398679 406916 393844 402825 394678 391291 398003 404498 397024 400624 402965 400285 403553 412740 395374 400889 391969 399654 401406 400824 398247 399412 395314 408382 398604 396393 396647 398685 398421 408855 396691 396734 403522 391363 394029 401329 396930 403535 390547 404360 394551 406985 399274 402050 394041 396488 394428 393000 409110 393280 395075 397546 405070 396590 400279 390416 392562 399780 393515 393032 399587 397572 394478 388851 397500 397985 389855 402326 393695 398530 398414 404856 402637 402261 398975 404322 397592 398749 398919 395564 412120 404698 394956 383001 394088 388553 393095 391372 393810 401422 390597 401896 390974 390553 389308 389793 395151 391080 399958 393995 403133 389466 382681 404706 390089 395954 392193 392700 398326 392384 396077 391397 396273 392868 392246 400590 389674 395867 392573 398840 392349 391301 389607 393533 392333 391360 390487 393222 395394 391076 396349 390533 391151 396329 392359 390750 400537 392497 400005 394924 388203 388487 390414 396640 403989 400454 397138 393939 397277 396310 389829 390370 397171 402113 396591 394944 395691 391624 409653 398643 393980 392951 404551 393678 397101 389331 394709 396740 397613 392868 394116 393537 389762 390037 394026 389072 390468 392641 397612 392790 397003 389291 391950 393668 390981 403186 398411 403111 395178 396657 407548 397190 395321 394126 396213 399841 401072 404359 391319 395212 394103 393214 401539 396086 396474 394222 398265 398983 396552 401525 397407 391333 404495 396882 402569 402179 390069 403302 395646 396155 396768 400723 402234 402362 397616 394630 393367 392517 402297 399786 399990 393831 406615 404188 409129 404322 398881 405095 389995 398089 407856 403757 394167 396782 405698 404876 400082 394129 393363 389222 408713 401411 392764 396422 405562 403239 397239 406647 404898 405802 404142 393555 400055 404454 408029 402589 401738 394299 392127 391004 402078 391885 395439 392819 401515 405996 396401 572154 399370 408737
393098 408596 573249 391539 396453 405314 402006 389313 402209 400878 406564 404469 399344 400022 393959 393967 397242 395796 401623 391422 399034 409985 395651 399859 396642 388401 397575 401867 398331 398900 403026 402123 399706 409134 392099 398490 395727 398976 398910 400307 399721 404735 394936 406136 398261 393402 395516 399901 393122 413838 399437 398639 403277 396486 393699 401134 398867 402655 391289 402406 394127 404528 399640 401035 393760 396235 391736 397793 405312 395487 393743 400521 402032 392712 400179 392772 391400 403361 393359 396367 395335 398620 396556 392084 396877 395921 391994 405235 394018 394145 396024 399964 402755 401211 394903 405387 393558 397627 392966 397875 407712 398831 393690 383424 396454 385740 388235 388269 395267 399059 387690 396523 394836 393050 386213 392116 392260 392087 402184 394458 404337 390774 381771 401141 385644 397617 389852 396087 397189 389916 398960 389025 397231 390869 390400 403730 390922 396444 393650 395772 388194 389342 392460 391158 394666 384846 393295 388200 394007 389804 395370 392945 391885 395104 389796 388053 394917 393190 398597 393094 385497 388970 388915 393120 401993 401290 394315 385303 398606 395849 389793 393464 393267 397787 396307 391945 391753 389826 411894 394647 392981 391518 403938 392145 394976 391263 394993 393830 395002 394574 393317 393424 391135 389785 391387 385397 385880 388148 398231 392123 397924 393316 386930 394779 394328 401943 399675 401172 394434 397795 404250 398662 394847 399627 394910 401726 396990 400249 386014 397652 393678 397661 403846 397968 392923 394536 397552 396129 400015 400524 395259 387255 406428 394807 398553 401109 393190 403950 395018 400576 397193 397975 396707 395236 396247 391281 390782 392075 401932 395215 401723 394457 400842 401550 404298 403365 402693 407675 389455 406661 403836 400672 396971 394861 401372 407373 401140 392554 395258 394472 408698 392314 390529 398969 402283 403181 398341 409192 399681 401030 402527 396130 394701 403752 404907 403150 398960 393029 393631 386859 402346 389504 392404 395283 395302 406212 398555 570860 402867 408540
392158 403197 566036 385360 399665 404949 403315 389153 395837 401161 402698 401805 396760 398455 391612 394982 396499 390490 392120 390578 401224 400491 394786 401969 396950 390358 395604 402584 399268 400580 404148 401302 401087 412796 389042 398130 394743 402328 396081 400785 401511 403206 388574 405990 394812 390768 389947 392004 399654 408860 394882 396534 403419 393735 396298 401140 396701 402861 388395 400896 398608 405536 397677 398264 394895 393305 393508 394770 406716 394766 398623 400080 404381 395282 401212 393170 391112 397962 392212 395691 395807 403037 392154 391736 396389 395838 389880 399471 395157 397038 396144 402620 396572 400665 394438 408542 394222 400273 391256 394236 409797 399707 393456 383508 399573 391881 390997 386055 399146 399771 390033 400641 395868 387674 392861 388596 388935 392401 402067 392558 399517 391413 381541 399409 390545 395482 389373 391448 398458 389625 392850 388492 400731 390094 391909 404281 390420 394342 393621 394180 390590 394072 390210 394029 394016 388147 392659 390270 398849 386628 394985 391200 395530 399676 389411 391651 398194 390544 400349 389989 388571 390327 385877 392308 405625 403239 393119 387733 396939 397783 392689 387930 393295 398720 396653 389249 393385 388504 404670 394918 393207 389640 406097 387893 393005 389805 392762 392432 398733 389969 390014 392756 392964 387888 387439 388263 389107 386733 392530 392479 399347 388548 392807 392542 391644 398379 395752 398754 395228 397700 405570 401144 391166 401055 397610 395206 396303 407497 386327 395976 388722 394794 404301 396110 394233 395931 401464 394110 394770 398974 393998 391073 401335 396392 399929 401271 390731 405286 392137 396765 396705 396569 399182 402856 402656 392954 393639 394378 399885 398056 394383 396199 404375 402404 404370 404344 404084 402845 384747 399977 404221 404646 398626 395443 402824 403178 402354 390530 395715 392272 414027 395736 394115 394305 404399 400895 398597 407182 402589 400555 405202 392546 396572 404244 406648 403719 401804 393966 395884 385793 399256 388311 396236 394830 393374 405963 397323 579061 402052 409467
392144 403573 562658 390939 405285 403668 397229 393055 399110 399236 408846 403663 397657 400511 389231 400597 393919 392525 399824 392397 394862 403056 390048 406224 397782 390552 401300 404696 399159 397459 404896 393173 398150 411701 391938 396352 390713 397200 399829 399888 398202 402129 393806 408894 397331 392678 390936 394047 395956 410710 397481 395079 398481 394432 396216 402532 399834 403887 391695 399410 397044 403312 398750 401396 396838 397768 396100 397867 405249 391079 395753 400509 403316 396312 398158 395563 392387 398538 392133 397184 398603 403416 394329 393693 396329 393670 390647 403785 394954 396026 394382 399884 399171 400788 397790 408194 396143 394196 396466 397729 400995 400795 396288 381229 397861 387252 388812 390985 392144 398875 393934 397113 397517 391937 389572 391227 392153 389876 403916 394781 402416 393899 383985 399372 387887 394549 394967 392985 397306 389803 395401 391199 398202 394599 391590 403692 390508 394638 392993 392983 390651 391311 388147 392763 400011 388015 390012 389517 397408 388712 392932 391791 392683 397615 391636 388823 399594 393164 395796 387600 389660 389447 387050 394045 402717 396793 390560 386744 396360 395857 388301 387977 396684 398078 398650 392377 389655 391762 409995 396568 390765 391616 404857 388142 392477 394509 394894 392039 393501 391191 392908 394635 395571 387381 391322 386628 388405 387283 396610 393281 402709 387286 393486 394464 392908 403990 395992 401333 393917 400034 406689 397232 393372 398648 396759 397185 393662 402895 387529 398762 392325 392323 398939 396046 395101 394722 403191 396926 392159 395735 394293 390130 402974 403221 401550 397366 388507 400779 393817 397059 392661 399663 397102 395437 397836 394956 393554 391480 406501 398808 397671 395643 400629 403268 398508 403114 402499 402655 385973 399646 401751 403271 398361 401670 403386 399345 396095 393147 392683 390433 409863 395775 391251 397863 405032 405547 397494 406718 400464 406826 406506 397169 398873 406518 405596 406373 399415 391812 394371 389637 399638 389073 396135 394301 396464 405523 395901 572282 405041 406073
392518 409261 570283 387333 401466 407286 399398 392017 399430 401576 402432 403195 396059 399941 386977 394430 398913 390782 394927 390556 397382 400864 392014 404563 399762 391350 398270 401938 397444 397262 402479 400520 400228 408622 389094 397728 395402 402170 397682 399822 395840 396510 388420 407772 398838 393905 397844 396445 399511 406653 395238 392425 399795 390203 391418 401518 397306 404215 391340 398345 395045 398311 395248 397086 393608 395622 397415 397513 406881 394259 397244 394304 402544 393266 398972 396645 390714 398618 392460 398832 393272 400991 390378 393532 397832 395810 386013 400723 393575 398006 390946 401811 400902 396777 394495 403985 397017 393309 393166 401334 402846 401866 393802 380508 390195 383736 387130 386064 389606 396704 387943 396628 393173 386769 393480 386772 393546 393698 399980 395091 397980 392169 381911 395587 390809 391584 390239 388893 395839 391921 396410 390918 398542 393598 393346 403107 391807 392694 393245 394561 386863 387621 388849 391121 398602 389328 393284 390759 396186 392717 394307 389838 393489 393310 395705 387739 394177 392417 394241 392405 386510 392690 388732 392148 403274 402654 392019 391728 394262 397919 391208 388578 391969 400583 398415 393739 396073 389391 406759 396072 391894 391318 403168 391585 392930 391338 394605 392905 395115 391877 393441 394958 389731 387817 389471 387331 389974 390664 394576 391759 398287 389740 394174 394252 395312 401330 397601 404649 395349 398540 404021 393978 391518 398745 395419 397906 397627 407576 385789 397112 393896 397240 406275 394257 391818 393777 395775 398246 398354 400544 395460 389586 400854 393024 396450 401325 393262 400717 393990 393708 394830 400228 400940 398882 395880 392503 392499 396814 404102 400587 398323 398497 403498 400667 402720 407907 398159 405804 390293 404609 404109 403020 396602 398270 402307 402047 400266 391628 397238 391118 409673 392520 393861 400291 406294 400031 392308 408017 398751 408103 404508 394253 393587 404194 406220 405073 403132 393055 392921 388769 403112 388679 396760 395406 395168 403156 395226 573599 401590 408495
391578 408999 572288 388256 401641 404046 399228 389229 398956 400782 401197 402959 399740 403273 386635 398942 396903 390476 395374 392188 397395 401901 398135 397817 398156 392170 397332 403884 397764 401822 402693 396678 398687 412005 391898 403973 396228 402869 401569 400829 400535 400865 390002 411783 399027 392173 392667 397560 399204 406487 398490 395403 401971 394864 397302 403958 399028 402715 388200 400751 393230 399329 392942 399312 393630 393251 396098 399875 406375 396893 394815 397514 403485 393592 405694 397454 393815 399299 392317 397797 399485 399336 395429 393606 396843 396274 389758 405264 398683 399916 395500 402376 401423 396851 395942 411256 395260 397664 396722 397267 404650 404752 395849 383662 396282 384580 393510 393595 394220 393613 391601 401822 395337 389136 390016 390964 392054 393827 400355 392375 402169 391688 384070 405043 387681 394834 387898 395356 398550 391129 395202 390846 398692 395500 390786 401159 389055 395184 393168 392565 388159 389496 389612 395382 400618 387140 392910 389120 392124 389483 397293 387663 391864 398173 390901 392325 395811 388791 398377 389769 388719 391680 388745 393777 402466 401052 392138 385675 397510 394528 386266 386919 392993 394635 394524 393534 393432 385828 407694 391818 390680 391564 398783 390567 393534 393898 395454 394348 395924 394994 392148 394837 392609 389738 387501 388029 384305 389749 393256 395667 398382 388014 390768 392230 395157 403544 399323 397942 391041 394792 403907 396541 391099 394195 393215 399161 398584 409327 388117 398677 392792 392198 403131 397362 392780 387890 397939 396507 392761 393203 394367 390388 400964 394732 398348 400356 391732 404932 392957 398607 391911 399187 398895 400510 394688 394374 394008 391925 400528 395230 400160 396286 406304 401373 404352 404146 397466 408291 386922 406016 405232 405566 399904 389953 408108 402904 399485 394269 399261 390295 408515 392665 390014 394474 405253 407106 397390 409955 400407 409126 402369 394995 396431 401649 400358 405717 401779 391574 399255 390823 400095 389229 399197 392721 392329 403568 397345 573048 403636 408009
387964 406227 567977 387260 401257 405533 403617 386968 397373 395468 401705 401801 399929 397037 388060 395437 399086 389289 396075 390716 395643 398836 394445 396680 400780 391174 398925 405281 397818 400668 403692 398809 401126 410386 391283 399316 389854 403180 395990 401287 399224 397676 387335 405020 394010 393539 387552 396618 399690 408506 393079 393282 406263 394660 396745 400875 399550 398566 388787 397403 394906 400959 396555 396954 393917 395620 393481 399736 407488 391519 395680 392580 402960 395173 400507 390799 391426 401642 392737 391898 393264 395675 393287 390582 399881 395800 390750 401876 397632 397993 398535 401492 402415 399303 399387 408766 389080 393807 395568 394602 409638 403794 392382 382950 396792 387241 390156 387319 397276 396089 391512 395810 399211 389397 391455 390545 392566 388904 399789 393552 400820 394509 384807 399960 388246 394862 387810 391664 399841 390327 399343 388881 397247 392054 393296 402442 387677 390916 391176 396161 393104 387709 388187 392225 399040 389198 389288 388930 395983 392010 394855 387619 395556 397237 392825 388272 399880 387466 396138 388773 383705 389673 389372 393403 406304 401314 395005 387892 396911 395847 393690 391813 391428 399270 400345 391334 394614 390998 405797 396576 389620 387175 403093 391325 393091 389708 391836 393444 392956 389236 393793 392839 394707 389988 388646 386873 388959 390352 392075 394553 397327 388312 391499 390722 391085 397790 396580 403158 394386 398187 406327 394627 389658 394845 394797 395548 400113 402457 385605 400200 397823 394903 399207 397219 393775 392281 398060 396760 395744 403452 390762 390963 400768 397219 400271 401879 392904 400483 394051 397316 392685 396326 397523 398610 400142 396978 392341 393873 404458 392592 397409 399157 401178 403946 401112 405459 398547 402500 387855 396586 403454 401408 398028 398001 405068 403269 399108 388898 393568 397180 411159 394227 392495 394709 405680 400152 397247 409255 402994 408744 403460 393201 396536 402033 403320 404480 398354 395392 394390 393966 397882 390245 395976 390443 397130 408513 401448 576759 407111 401874
392021 406970 571234 385879 399236 406985 400269 389077 397139 397563 400609 401031 400301 399491 390240 394616 396149 391175 391644 395545 399002 401905 392264 399891 393962 389385 395609 404231 396921 396720 402414 400475 396604 412099 388114 404043 391743 401307 398012 400434 400154 403888 394093 409911 395272 396911 385757 393553 401378 405571 397537 398314 401812 391460 397293 402918 402876 404048 387027 396147 391190 403219 399303 399372 396331 395242 395266 397854 408553 392881 394949 397308 398841 390230 404931 395229 393952 397489 389266 397788 397357 400971 397219 394896 397712 398117 384826 406154 397994 400519 394463 399166 397803 399454 394978 410131 398105 397750 392317 401347 407000 397859 391245 383391 392053 387185 391914 389202 393197 395526 389223 399738 393103 387103 392457 393038 393070 391207 403763 392882 404107 392049 383867 403443 391678 395086 390100 393477 404042 392126 393205 393868 399556 393320 391718 402903 394466 394456 392980 395542 392966 384817 388394 390686 393381 385117 393278 390428 398456 391314 393409 387692 394437 398731 391682 392286 397308 389608 396683 385826 385469 389916 392423 395560 403035 399256 392518 387792 392794 399734 391446 390378 393013 398931 396368 397207 394256 388127 405205 397923 395251 393035 402194 387925 396200 389583 395546 390079 392822 388294 390324 393617 391512 388819 391076 384322 387633 391066 394649 393117 397402 384414 387876 392849 393060 399630 398084 398361 393840 394093 403947 400796 391210 395101 397952 396612 391197 403736 387541 400118 391126 394470 401384 393041 395091 392463 400810 400095 397101 398057 391989 386217 407503 399579 397777 399382 391393 402902 391823 395785 391876 397602 399449 394123 396801 394194 394549 393553 406192 400233 395803 397626 404950 403857 406335 403756 400053 404854 392029 400709 404484 401561 400069 396216 404143 401099 399073 393991 396053 392594 411171 393111 395223 394582 403637 400878 395627 407861 404098 406669 404093 392324 397862 400901 405456 403944 397236 391460 394306 390548 402470 387181 397738 392444 398535 407314 394977 572699 398090 404732
394200 405380 567837 387297 396637 405801 398301 389330 397627 402558 402910 399120 397197 402523 387035 393174 396912 390441 395883 395946 396488 400635 393826 400062 395113 391199 391651 399518 395709 397596 406495 399252 398828 413643 394023 401020 393602 400234 401273 404682 397815 399965 392273 405780 395620 394149 392413 396120 395500 408460 396094 396717 402348 394293 396131 401188 398490 401451 388073 398953 394318 404865 398143 401027 393489 396912 393785 393531 406311 393472 393346 393665 403316 392529 402577 389821 390195 396545 391626 395595 394771 403387 390756 395251 393488 392919 391537 404933 393443 398850 399136 403453 402274 399414 400875 409419 394899 397529 394248 396544 410480 402224 397146 379862 399273 386387 392555 392509 398119 395917 391146 402088 401844 386786 391213 390331 389476 389368 400824 396200 400013 389439 386477 400733 390569 398436 390406 392680 399522 394515 399348 390588 396750 393400 390523 401514 389965 389435 394142 395857 386578 391439 385004 387349 397247 385845 388418 393301 395839 391504 392577 388504 392004 394477 391676 388921 398925 389923 394390 389762 388973 389705 388151 391657 404806 402104 393924 388001 395574 395134 390040 388581 391988 402431 394517 385375 394183 386485 403784 392012 392097 388512 406518 388385 391422 390982 395780 392113 397019 391501 390178 389950 390819 389390 392874 389126 385815 390334 390945 392810 398070 389178 393655 393129 391792 400030 394207 403949 390340 394923 404472 398825 392338 396252 398770 397041 394964 403732 384836 395752 393008 397036 401595 393751 392420 394850 396054 396781 396629 395854 390814 389216 400860 397066 395458 402842 392667 400242 395318 395860 396367 396466 397597 390847 398331 396196 391499 394744 399741 396215 400157 395168 405920 404707 406277 403223 397603 403821 388972 404621 405204 402812 402654 396661 398317 405817 401312 393780 395221 392832 411304 399378 392852 394376 404658 407048 392726 407663 406871 407147 404793 397164 399153 404738 404321 404817 403289 393316 395434 389093 399082 391604 399463 392241 398462 406043 394714 571944 401274 409143
392463 405217 573140 388585 402947 403156 397299 387444 398780 400933 402316 402272 398557 397504 386249 391377 393488 385629 395010 393184 398586 402076 396539 404300 394975 393788 401211 402076 395508 398231 405391 400450 397306 408367 389702 401935 394127 398523 398332 401009 396551 404512 390987 408320 390821 389637 393941 391964 399569 410852 398822 394388 404443 395173 395278 396009 398640 402336 386542 401424 398493 400860 392955 398116 393762 391634 394079 396626 407023 394022 394519 396319 402980 392692 401903 393778 393080 398774 391086 394112 395761 396161 393551 392416 396775 396235 387140 403927 398672 398120 393320 403462 395340 403006 395904 405865 395175 401368 395978 401478 406085 400664 390412 384126 393606 389300 388811 393575 396489 398358 392748 397819 396015 392737 393301 397239 390035 389487 403985 394729 398538 397296 388485 403080 395743 397610 392683 392259 399826 396067 399782 390190 400546 393271 391566 402990 391118 389762 394162 398429 390904 387814 389638 387951 395020 386473 392994 390404 395620 390343 393080 390882 391862 399094 391831 391167 396416 389254 399227 387595 389107 389916 390277 393197 403886 400461 392539 388596 391348 395054 388972 384418 392543 398717 394984 393712 388604 387219 409473 393346 391308 390981 406313 389737 395523 389965 394291 392900 394781 389994 390170 391539 389106 386483 388567 386279 386864 392974 397843 388147 395455 388653 388316 394658 394227 399247 393981 401452 394006 392983 401924 401612 391747 394459 395661 394116 395015 406346 387957 394520 392565 395937 398902 394024 397376 393408 397913 394682 397095 393735 387984 388600 401666 393228 397040 399566 391286 400335 394836 390039 397970 398811 396868 396745 399282 388292 392568 390963 409015 396865 397034 397036 407691 399159 400669 402705 396600 401738 388450 399889 403173 401354 398006 398577 402559 404915 404282 391450 395583 392220 409391 395015 393123 396146 401446 405780 393636 407868 396397 410476 399984 394492 396418 404158 402529 408214 397883 393632 397796 393086 401007 391331 395286 389630 401256 404338 394965 574415 404551 404899
390873 405026 574453 387803 398991 403608 398272 394558 398687 396057 402446 399949 399960 401517 387462 395997 399087 388609 392476 391678 394192 398237 396243 402546 388865 386964 396344 401938 395073 397214 406788 399736 399256 410145 393422 405233 394743 401202 398812 403463 396807 401651 393672 408526 396574 393975 394070 397247 397583 411528 398775 392956 402346 392433 396697 400707 397426 398770 388645 396071 399591 399061 399045 404513 393711 394513 395444 395929 406167 389511 396613 393390 399569 391381 403817 396262 389832 396525 389642 396666 397158 400990 389389 394490 395656 401149 385711 401715 397545 401282 396194 410665 398318 399875 402710 404538 390897 395281 394270 394383 410513 403456 393102 382676 389618 388270 391604 390536 393231 395349 392406 401836 399082 390358 394853 391294 391463 393332 400799 394114 407536 393497 386637 400972 388263 390068 390486 393216 399660 395862 394608 391413 395946 390505 393493 405743 393702 393000 394421 393437 395583 389077 392077 391104 398233 386976 392203 386856 395922 385797 393003 389102 391662 397983 390926 391014 399548 391287 396346 391394 383663 389158 389557 393861 400199 399328 394189 389788 396387 399150 391131 389343 393300 397138 395072 392979 394639 391309 404171 391917 392053 391018 404144 390322 390835 392024 394161 393422 394028 391203 393121 393379 388752 390935 389330 384156 385689 393140 397475 388339 398868 387280 389223 392399 390431 398410 399337 404806 391732 396352 399979 394450 393181 393565 393013 395112 392284 404220 388805 396669 392190 392488 395817 397283 394010 395804 396593 396725 394575 396356 392092 386702 406142 398808 397314 403627 389815 402846 392093 392862 394879 396938 399500 397556 396663 393056 390961 392083 402363 398737 399397 396942 411735 403438 401938 406463 400885 404543 393338 402916 402086 406053 395046 395840 404675 399739 397543 389792 394456 390812 407734 395253 393948 396685 407766 401126 398456 408331 404124 407482 404151 395909 396587 403152 404695 406862 399257 395425 392045 387397 402186 388672 396592 395334 397289 399221 395249 570960 404525 405487
391242 401519 568679 384371 398937 404084 395995 390318 397366 399056 398445 405061 396702 399692 390538 394446 396146 388673 391086 393193 392934 400235 390935 398700 398237 387294 404249 403510 396097 399318 404380 396961 395057 409869 388118 400230 391243 399453 399030 401132 398861 407129 390014 405354 395303 393921 391924 399040 398133 403170 395213 396458 401215 393727 395215 400229 399410 400013 390208 399811 397528 401160 397532 396621 399739 395043 392656 394560 409183 397373 392934 397430 400850 394258 402363 393086 390735 397448 389287 394714 398152 402293 393394 392452 394487 396113 388077 404307 399869 397049 393836 398596 395501 395337 395804 407482 398437 396986 394103 393732 405026 401417 393881 381397 390775 385126 389323 386333 394948 398522 390443 399356 397610 389491 390753 393302 390252 388244 403349 391776 402693 389799 388608 396715 388268 394858 390546 395288 401994 395627 396302 388117 395773 398200 394289 402562 389790 390748 393193 397319 391849 389179 392014 390126 393048 389774 394464 395246 391897 390752 391851 388114 398175 395850 398533 390049 399512 391661 400483 391905 388285 386864 388615 395055 402977 399896 390637 389638 396319 396006 389657 386827 387594 396714 396822 392205 397581 385748 403939 390593 393629 393067 398401 387681 390678 388549 388553 395027 396130 390685 392288 391260 392182 388230 392796 382495 386463 388303 393920 389036 397327 383401 388879 395496 392694 397993 398723 398934 395325 393589 404545 397848 386280 393978 396542 397892 397052 403173 389200 398397 392207 390638 400445 393946 397568 391839 401013 397534 397500 399350 396190 388458 403170 394396 403354 401408 389878 403031 393911 388280 398253 395448 400058 398607 396392 393484 392971 393787 402134 396417 396358 392396 404271 403734 408172 403871 398366 404569 390010 407607 401295 403051 403714 397804 404323 400724 398654 393415 397351 395002 412315 394359 394548 399154 404806 401478 396913 407641 400539 406843 408066 397196 398900 405609 403357 406373 405558 395564 395440 391796 397729 389767 397979 394153 396573 405021 401447 570644 401856 405595
390734 405190 569080 392105 399724 404911 394834 390381 398221 401894 402291 403272 396364 401161 391358 392282 396546 389959 392505 389731 392766 400560 391867 401477 396046 390287 401276 402529 399248 399922 402597 401778 401480 408072 393230 399876 399323 397199 399519 396958 396993 406101 388368 409235 397721 395722 389778 393232 399893 411582 395697 395248 400547 395462 396709 402399 394925 404128 393425 398947 394719 402653 400488 398048 395772 392401 396720 393368 407029 391699 393086 397043 403431 396192 401406 393697 393318 398844 389132 395653 394318 399070 392987 393516 395758 395056 386113 403754 396621 397210 393914 403048 398766 400610 395326 405428 398994 396525 391948 393508 409263 403273 391701 382672 398886 386974 391685 389474 395247 400316 393013 396294 396626 391772 390723 392084 389437 388247 397385 394130 404231 393888 385190 399308 396101 394285 394041 393425 397845 394436 399089 391628 398545 396535 393297 404176 396355 393070 391528 395141 388150 391324 388352 392896 395789 387063 395166 388905 397905 391259 393379 390656 394326 396212 391045 390366 395980 390425 396807 391436 386764 390271 389135 391422 402196 398764 390497 390714 398266 394146 389868 388262 391122 400351 394352 387818 393732 386192 409587 391645 389194 389939 402406 389487 390265 388111 396279 392982 397956 388881 390808 394514 390421 389786 389261 386607 386012 390682 392808 390680 399306 386561 391671 391431 390893 399449 393333 396134 391557 394326 409098 396567 393239 392694 394906 392821 392471 402870 388059 395164 390950 394521 398971 392679 393662 392575 398336 398268 395486 398607 395383 388158 406980 394709 394439 398559 392413 402965 390996 396989 395884 397253 402221 399270 397998 393071 392947 393832 401666 399261 399415 393943 401737 398335 400089 404255 400971 409897 387808 401246 402599 401672 399294 398726 403381 402095 400679 392735 397401 391473 415005 393705 394258 395744 402408 403226 397332 411708 407658 409864 406438 388798 398932 408221 402565 404397 400693 394901 392616 389131 398694 387414 394279 394821 396763 407601 401550 570332 404032 409316
390207 404339 568136 389438 397868 402223 395464 390802 400205 403547 402694 399769 397095 399126 391894 394380 394924 392543 392891 391798 395033 403447 391699 398255 394560 385759 400135 398829 397463 400577 403684 403503 398382 410749 393927 398706 389369 400159 394124 399075 396349 399334 393615 412015 397254 393843 390942 394533 398094 408232 396079 397402 399425 391852 389970 401564 396243 403240 383283 399400 397713 400889 398813 404745 394004 395909 396134 394224 402306 389515 393823 393053 400732 394055 403697 393596 394349 400687 390630 394364 393611 403304 396241 392940 397095 394693 388319 402658 392345 398808 399740 401916 396533 400137 397678 406974 395680 396649 398776 394638 404159 401984 393529 385713 394730 381607 389266 390253 396117 399471 393141 396400 393097 390670 389274 390658 391556 392094 402480 394675 400249 394163 384686 401000 389561 392813 387841 392965 395757 393623 402645 388781 401404 394037 393288 405519 390457 394901 394323 397967 389435 392644 391151 390781 393425 387590 393315 392329 399284 393262 395589 388034 393396 396251 391424 386727 399058 389224 397679 397272 387222 391737 389556 394792 404587 397905 394545 391249 391494 397299 387490 388592 391281 399299 395137 389601 393746 388314 405953 394655 388745 391696 400373 390684 391689 387776 392796 391670 396062 389621 394991 387967 391135 387756 391084 383791 386423 394362 394241 388324 394810 386420 392437 392108 388575 403271 397305 399938 394256 392703 402520 395913 387643 391948 398679 399321 397233 403922 387064 397196 394226 393818 401150 397952 399113 395410 394856 399038 392488 395191 393615 390398 407580 392437 398366 401002 388346 407153 392310 394106 397564 393624 398301 397305 395829 389597 398037 389308 402435 394905 399187 393728 400561 402133 400375 404629 401416 404841 389762 403278 407251 400428 400975 399945 407037 404944 402171 391524 396656 392785 410023 395144 391124 394934 402177 401232 399334 407869 408130 403460 404202 398284 398535 405726 401314 407480 401887 393156 396950 390085 398275 387049 399585 394521 400255 402512 399283 572758 406689 408829
389598 406397 571172 386222 399545 404107 399787 390496 397121 399134 400294 398768 396126 399651 390693 395272 397788 383397 394951 395272 394957 402345 393542 396730 397901 389684 397991 400987 400246 399778 403336 397151 396415 403379 387138 396630 391740 395571 394674 405080 394755 399053 390955 405423 396517 392053 391352 395117 400491 404280 394207 397876 400364 392075 394705 400517 397770 401104 389410 398987 397270 403030 397372 396611 396564 393709 394962 398623 403770 390056 392149 395205 401202 398778 401820 394075 392844 397661 393195 396671 394337 397823 394503 395375 397551 392574 388586 404452 396069 402344 394948 400493 399768 397657 394052 407183 394767 395301 391720 393994 406687 401835 394167 383629 393982 388481 392385 389433 394137 401690 390994 399064 392932 390399 389496 386946 396364 391068 402544 397213 403292 390666 388627 399347 387939 395084 390193 393898 397867 397737 392369 392240 399608 393086 395638 405916 393829 389372 394805 394466 389484 388360 390286 394407 391706 390922 392651 396270 394102 389828 394738 389676 394652 394198 393070 389551 397063 392716 394351 387984 387264 392245 389156 394356 406622 399895 394526 390024 394510 397982 390868 385556 394971 397410 395530 392163 391986 388562 403497 390719 390552 385209 398845 386566 394201 389513 389149 391921 394128 392463 389327 393665 389380 385538 392813 386205 383730 389156 394650 391815 399233 386211 391997 392924 391506 399027 393000 403329 392262 399762 403729 391935 390993 393402 395862 396239 390518 403860 384808 397780 392892 391881 397450 391026 396796 392302 394844 400552 393357 398099 391531 389545 399794 396240 398797 399089 388948 398384 390891 391909 394983 396537 399980 398528 400548 387887 390822 392805 404165 397534 398738 396245 400631 404093 401142 405204 400044 406529 388387 403257 403848 400972 401938 394834 404342 407678 398013 391848 393407 390427 410385 393254 395551 398207 402496 397742 396411 409513 401509 408613 403508 394474 399072 403898 406130 404777 399539 394194 397486 393000 400420 393593 398910 394653 397583 403651 393870 570943 408729 406467
391429 408323 565477 384965 398517 401122 403700 389959 397024 402864 400252 399819 401459 399818 392647 392035 396075 390094 395853 392201 396289 400965 393251 401071 394457 388445 396663 402458 395120 396174 402648 397459 399318 410980 391876 400994 390622 402977 398669 402112 402446 402817 392381 399331 395817 395205 395720 395929 394089 408361 392875 397554 401146 392144 395802 400778 397862 402391 388426 399900 391485 404521 396447 400720 394124 393405 391211 396689 406647 391642 391510 393299 396997 393719 395455 389668 386679 394958 391283 397042 393914 398747 391893 393973 395643 396645 390330 402080 395553 396084 393496 399450 397956 402634 399025 407914 398022 399799 396784 391315 407228 399151 393933 381549 391566 388597 390480 389364 395718 399292 388640 400645 395365 390681 387456 387776 391987 391415 400535 394858 401086 392929 385926 399955 392697 399561 386110 391858 396842 392630 396412 390110 398575 396264 396233 407705 388635 393089 395829 395574 393325 389356 389959 393161 396800 388256 388959 390243 395446 394289 396487 391068 392206 396913 393000 389718 397385 385684 399584 387456 386172 385988 389777 388781 402230 399273 395233 386818 392914 397518 388042 389481 389819 400669 394086 388720 390493 388994 405114 390103 392048 389571 397507 385253 391670 388387 394586 389937 394159 390459 391696 390304 387965 387735 388017 381868 389606 388808 395673 388500 396310 386300 389318 395051 396094 400565 394050 398650 393138 393837 401767 398734 390304 391081 390821 396234 394122 405555 383138 392739 392950 392337 397673 393849 396161 392503 394376 394204 392950 394872 389200 396125 394500 395904 397921 397469 389003 405860 392748 390693 393953 396407 394283 399097 395696 396843 390724 395523 403266 396263 395336 397338 401437 399073 401773 403855 401333 406265 392098 404047 402458 403207 395986 394870 404193 405572 398875 391640 396599 392045 408517 396568 391606 395220 405674 399591 397237 407800 400362 406689 403910 395973 396326 406880 404890 408716 401484 395502 392849 388039 400031 394447 401571 393605 396053 405176 398804 567507 405781 404373
393738 405895 568398 387191 398818 405403 392932 387797 396940 399810 399069 399654 391652 399687 387942 394010 393709 391116 395114 395170 392716 403010 392173 396513 396476 389863 396465 402693 399225 397753 398965 400798 400006 414411 387146 395839 387861 399720 400107 396814 397730 402842 388927 408911 395291 394487 387027 395509 400676 407973 394792 389901 398276 389300 397566 401024 399041 400239 391110 394649 394402 402785 394824 395056 396270 391099 398656 397568 406740 389775 396542 391744 396654 390972 401293 391808 387992 398027 390632 394698 396939 398455 395523 390764 393062 395235 390050 401138 394043 398568 395411 399181 398268 401544 398888 404428 394172 394339 396818 396617 410471 401759 394753 382768 394800 392708 392070 387563 395896 399139 389183 400565 391149 391075 387687 387748 392974 388087 399162 389594 402760 393084 387086 400789 392938 393514 392133 390670 395198 393320 398227 391476 400453 394325 392053 401793 394162 389614 394832 395494 391589 396630 387911 394863 395748 388764 390822 389644 400782 393245 395249 392617 390385 399972 394764 387868 398751 387142 398376 390088 384674 390249 387865 396358 405103 398622 392815 395685 395676 392922 388460 389598 390595 398296 393439 388938 391993 388573 403461 391422 388398 389243 400138 390970 389091 390044 395168 391897 393632 386915 387648 394886 388661 385997 392015 384845 386099 392141 392506 391684 401763 388160 391929 395219 394197 393250 393527 398979 389597 397865 404794 397845 390034 398079 393530 395860 400040 403690 385465 393667 392655 393877 397333 394524 390595 393242 394864 397254 394037 395350 388087 388398 399304 395072 397654 399351 391933 405133 391821 390535 392978 399327 398964 397744 393947 392321 387957 396985 402746 399235 401008 395056 405522 401357 401854 402757 398805 405191 391556 400802 401943 401307 398306 395558 402329 402718 398033 394969 397564 392438 412423 394245 391389 397638 404488 402790 400082 408383 398681 408126 403660 395575 396027 407424 405409 404362 401142 395893 395613 386658 404017 388671 398100 392206 395923 406777 398372 575918 404929 410613
392506 409843 569076 387902 400496 403302 396660 388863 396723 400681 401900 401080 395539 398321 390385 396173 398439 388820 393541 393214 400785 399944 392449 402877 397988 390930 398552 401968 396432 399579 404786 397407 396731 412804 391156 399046 393362 399897 394934 402324 399324 403323 386394 408472 396413 392897 391793 398874 399052 405964 395094 395829 395452 393382 399085 400270 399367 404235 390912 398747 396658 401682 393259 396723 388718 396428 393659 395233 406688 393137 391806 393967 401281 395615 399810 394881 393192 396927 390000 395884 397643 393329 390009 391149 392630 397475 386868 403390 396901 398458 394918 400846 398669 401104 397500 410212 397127 401271 394755 393824 404894 401291 397554 383095 394772 388641 390676 391611 390681 397111 389579 404314 394354 394655 390687 388300 394469 391866 403476 394270 400685 394242 385845 400926 389867 396461 386900 394882 401530 394469 398478 394122 393941 393492 391092 400138 392552 395318 396609 394852 389085 389253 389038 393699 397321 386225 389204 389751 399710 393007 391843 390893 394407 396814 398494 392002 397156 390970 398224 391402 387702 390969 387148 393231 401670 397880 393927 389041 395631 395615 391778 387478 391155 399545 397313 388533 394038 390054 404176 395443 390079 392049 402881 388167 389181 389218 393213 392638 395873 389795 389468 389970 387306 388935 391719 384180 386631 389571 390474 390084 393346 390366 389903 395293 385775 401660 391045 396307 394071 396554 405106 397765 389349 393832 393016 396064 396893 404664 384444 392802 392198 387901 398533 393643 395480 393686 393477 397388 390072 396957 390812 381667 399609 395386 398168 401853 391426 401390 394066 393839 396806 397706 398205 398899 395403 392927 392645 392344 403403 395105 395661 394542 405886 405027 400890 404962 398791 407869 389243 400755 403613 405687 398129 393311 401660 401830 401571 393995 397970 392160 411769 394830 391530 394716 407137 403410 397339 404613 395652 409985 405408 396503 398769 407004 403876 407132 397793 396119 395870 387861 400064 389600 393996 392818 396927 405491 396833 573272 400795 407337
387430 406691 566254 385300 399743 403856 397723 389683 397977 399016 400578 404365 397485 402903 389633 393896 398778 393523 395488 391071 396386 398294 396809 402734 395972 391410 397429 399328 395887 396324 400830 401944 399894 410270 389314 396635 393140 400016 399824 401254 399220 401118 389976 405938 396285 394462 393151 398279 395437 402510 397841 392937 400554 390731 395834 402147 397850 397881 388010 398091 395393 399156 391460 403470 396247 395244 395143 394863 404524 393211 391224 395968 398264 392739 396486 395080 390023 396898 391266 396688 397013 398237 393446 389553 395871 395038 388532 403454 399749 394485 397086 403569 399064 400152 396007 404347 394130 398942 394776 395460 404438 402078 392869 382789 393896 386778 392968 387259 390080 398643 392253 405472 394855 386967 392339 391621 390861 391228 402339 392954 401636 391376 384403 397999 391761 395866 391135 389109 397646 395984 398285 388207 397993 392046 392212 402940 393525 390483 394677 394934 392571 388591 390520 393319 393713 390505 391059 391640 397597 392529 393130 393123 391399 396370 394111 392540 396157 390519 401650 390930 393423 392916 391498 394420 404147 400059 392895 390302 393523 393618 390338 384239 389326 399642 399749 392378 394729 387675 404936 394632 390875 389141 400957 388679 393858 393530 390463 394269 393721 389248 390920 390645 387144 388762 389850 386285 384939 392108 390443 391516 394657 388445 389542 391867 393852 392477 397027 401800 393534 395163 400964 395212 390323 392511 394507 395848 396466 403735 390815 392772 391139 391715 403435 393709 391675 391490 394737 394157 388983 395649 393937 388969 402954 395195 396162 405022 391587 402603 393460 394895 400140 394986 397680 401277 398073 390411 390095 388744 405753 395584 397166 396492 401756 403380 400939 402190 399026 405514 386286 401657 401966 404381 395235 395159 404796 401296 394945 391641 397364 393088 409701 396253 394083 396231 407740 399916 395895 406679 404292 407706 406188 396559 397593 403177 403172 409530 397776 393518 395144 389129 400370 388656 396533 394097 396571 404733 397882 576112 408626 405483
392443 403566 569524 387756 397446 401580 397105 391240 395859 397616 401122 403703 397734 401025 389949 392604 394162 388299 393072 391846 393943 399057 390957 399088 395835 391338 394112 400847 398780 400489 400626 399100 398456 408565 395581 399529 391702 398001 395596 402449 395986 402403 389083 405926 396804 393416 388536 393037 398793 407451 395385 393157 402612 395036 400710 399891 396362 398797 388455 398420 390859 400958 396773 397095 394942 391902 396300 391393 407063 388472 395833 392396 401110 390782 401740 392601 390282 392530 391474 395850 392883 400981 392101 393059 398820 392327 390101 396361 394441 398200 395472 400677 393137 397235 395306 403514 397751 393467 397052 396324 406304 403690 390030 381183 394115 391270 395211 387667 395258 396399 390710 396787 395699 389447 390427 385302 392596 392169 399133 394406 398867 394588 386243 397413 389724 396256 392083 391475 397896 393485 398290 391507 398017 394453 393450 406758 392479 393266 397732 398056 389025 390275 389612 390541 395311 389694 396926 390464 397805 395519 394453 388203 396381 394607 394184 388113 401035 390702 399062 392157 390917 394635 389740 394149 404927 399935 390612 386960 393727 395450 389788 388044 391168 402788 395073 392199 394993 385929 403070 392100 388401 388600 402147 390998 390033 391414 391212 389108 392944 387795 388339 390471 392818 387843 389439 383664 387612 389646 392648 385757 396297 386882 389879 396157 394047 401321 391027 399764 389546 398237 402046 395978 390345 394502 392243 395056 392404 403668 385344 398615 393035 392116 398503 391807 392348 392706 395569 403304 390838 397779 392373 385952 396116 395446 396898 402267 390616 404578 392339 394513 395737 396667 401585 397002 398410 391985 394207 391384 400117 399588 402276 397287 399066 401078 401121 406066 402699 408682 391446 400786 405207 403341 397248 395161 405580 405254 397105 390763 394206 394511 411850 396930 394788 397941 399658 401787 398797 406310 405264 405685 407023 395083 401434 404661 408214 406564 399227 397047 393011 392261 402505 389367 396630 395686 395741 404799 396286 570542 401568 409944
393540 408375 563451 381838 398553 404181 397673 390751 399178 399150 398525 399916 396904 399765 386392 392200 396599 390177 396022 390441 394458 399965 393861 401290 393174 391398 398921 401977 396869 400889 401146 398528 405275 409060 391711 401180 392987 399662 397628 401085 396312 404284 385695 407231 394526 396426 392351 392729 393981 405114 392606 394463 400241 392014 394375 404084 399266 398400 388580 398133 394862 400065 395898 397684 395436 395415 394252 391473 405413 391076 394358 397656 403829 392202 400102 392177 390584 396975 391057 397727 397199 402165 391028 395016 397089 400776 386160 400808 395614 400599 395571 400899 397393 399341 400162 409602 392907 393326 393682 394119 406635 404909 395857 382853 393766 384398 390678 390085 399067 399677 392099 399639 398498 390438 394683 392825 395025 391579 404068 392955 398927 392183 382185 397358 390101 395634 390891 390403 401386 390577 397983 391040 396243 396683 392422 404251 388597 392188 394988 396457 389527 389665 389333 387677 395903 385498 396358 391546 394857 394128 393612 393333 395911 394548 395934 386488 397484 390998 401494 391100 386902 389428 389382 395778 407271 397328 394991 388343 399757 394549 393487 391436 394973 396970 394006 389363 395779 388710 403765 394593 389458 390528 400606 388801 392287 387304 396999 393527 393165 386775 392182 394911 387718 385351 395180 382996 386993 385256 395447 394039 396274 384792 388529 392815 390215 399536 395732 400877 396113 396232 400771 393973 388624 395672 394127 399737 397087 399116 388554 393772 390380 392024 399202 395284 394609 392430 394362 397070 398611 398522 394607 385007 401109 397900 395417 402991 392056 404118 393691 393666 395047 392751 399773 403361 395796 390016 390186 388408 403330 397032 396423 393334 401432 400406 401628 401355 401301 407354 388200 398878 405805 402645 396977 396341 401199 402223 400652 394179 398559 393183 411279 395330 387422 400384 402835 401706 398920 404711 401261 406015 405732 397831 401570 403905 400559 408748 402906 393787 394164 391326 403167 390123 396724 395290 399730 402915 394627 572613 404695 409443
388557 402401 564404 385354 396906 402909 397317 389613 395992 397439 400676 398150 396371 397835 386452 393629 391802 390098 395616 393469 392057 403044 394687 399244 396487 389909 397263 402359 397650 400030 397445 395289 397353 408146 389121 402048 388474 400029 396665 398065 399706 401528 387859 406386 397032 397365 391737 395966 397242 402960 392879 398028 398809 391368 391480 401674 394175 397793 388334 396536 392535 400784 395973 398447 397081 391717 390271 399153 403146 388193 390994 390294 401427 388449 402478 393003 393339 393485 390616 395846 393261 402858 389036 392760 396529 395753 386881 402618 394805 397326 392445 396993 400445 399705 395570 404810 390756 397527 392044 394773 410756 401838 393085 375920 391228 387001 387311 392425 392176 395548 392738 400078 395406 386040 388257 389819 392865 387545 395739 392997 401254 388702 382385 401464 390039 397876 395498 391600 402567 393452 399460 391552 395296 392182 393747 401452 388960 390352 392132 392823 386660 391412 389541 393413 393758 384380 389413 391402 395934 390201 397219 391428 392225 400884 392520 390408 399344 394319 398039 388418 388926 389927 387995 390730 404900 400226 394190 390230 396588 399849 390950 390123 394124 398478 399842 391965 393737 388466 407308 393438 387286 384880 401186 391038 392022 391472 389965 394457 395215 388152 385746 388057 392697 389104 392215 385463 385579 386078 391837 389559 401588 384275 386441 392017 390433 397814 394272 400925 394066 393843 405846 396062 387832 392830 392145 397073 396331 407252 386445 394407 389640 391723 402357 391048 392216 394162 394845 397995 393369 395034 393601 389403 400649 395729 397166 397036 393739 405693 393912 395473 394057 398440 399871 396661 394986 396065 393431 391087 399189 397010 395104 393955 405276 402373 402991 407357 402994 404614 388290 400567 408261 400360 400091 398821 400982 400914 399144 390837 396097 391810 408103 395451 389321 398499 402840 403336 399155 408362 401607 408629 403823 398874 399960 404731 403819 405184 397832 393973 394190 389934 404080 393794 399033 393650 397254 404411 396773 567181 404330 404318
389869 405854 568355 387153 396252 407528 395490 387404 395062 399487 400671 399518 394264 398963 388801 391013 400051 390608 393628 391755 396545 398297 388305 398502 395499 389831 399513 400776 395921 395499 398155 396057 398762 405367 389568 395794 387867 397857 396452 398064 397090 402472 393259 405900 401574 395814 390885 393201 393928 406643 394062 393865 397277 393969 391171 403204 398689 398519 386649 396552 395245 401592 395685 399714 394842 392661 395901 392497 405611 394801 394466 396914 399262 390743 400150 389956 389939 396426 391215 393728 394359 397407 395290 391120 396251 396686 386863 401839 395079 395473 395822 401104 394964 397293 398356 407864 392023 393113 393419 395763 408383 397966 391470 378389 397120 386756 386988 392730 397005 398793 391791 403528 394981 389591 388893 392946 393427 393409 402683 393487 401253 395811 385205 398342 390748 392060 388429 394492 396071 392188 400996 391737 397014 395158 393761 405002 390819 390171 394789 395822 392145 389789 390220 391906 395873 388317 388674 389049 394663 395002 393548 393001 389466 396759 397605 388075 400313 388866 400379 396604 392466 393897 391499 392247 403982 398905 397532 391254 397046 395565 393810 390416 394231 400335 392716 388763 391038 393223 405534 392198 383662 390605 399719 391031 393290 390633 392409 391784 393144 390130 388656 391127 388448 388081 388666 384781 384395 390155 392682 392516 398034 384910 389377 391486 392977 400549 395072 396508 396050 396269 403716 397231 389026 392518 390731 395380 392635 401207 387739 395221 392897 398098 405239 393871 392162 391385 395898 396868 391540 393348 394016 387894 404372 394788 395988 402660 392891 399651 392375 393259 397988 396287 396851 393346 398601 390512 389379 392350 403183 394152 401314 394472 405764 401646 404370 405777 399600 404266 387971 403225 400900 404502 396982 400594 400287 402667 402797 393169 398861 390364 411309 398353 389649 399025 405008 402823 399466 408681 401067 405583 406777 396314 400136 409221 404315 404964 400619 396565 392306 391772 397123 394370 400847 393612 395453 406787 399485 570450 403881 408218
387732 404513 565897 385406 396011 406417 398577 389876 395058 400549 395197 400418 398692 398281 388759 392072 396166 388638 392312 394595 395358 399268 389517 398427 399543 390955 398014 399743 400115 399305 402409 398608 399413 411921 393181 394408 390136 401487 396369 400004 397006 400558 388649 405045 395598 394826 389520 393188 397560 406764 394158 394759 402234 394694 390752 401387 394395 399627 385295 398446 394505 399575 396932 395630 392204 390815 394128 394278 406251 394401 391996 392082 398828 393497 401328 392697 393706 399479 390673 394613 395638 396799 393468 393227 396750 396689 390393 403064 398415 396492 394240 399154 395921 399403 396820 405236 392856 398483 393458 393777 406913 399258 391862 385371 391280 389362 393412 387422 394708 396467 388152 396652 397867 386849 390406 388733 391351 387977 398296 394333 400556 393898 383594 404821 394783 392170 388932 393600 398872 389119 397360 389111 398600 392075 394554 401573 390581 395243 396227 396930 386971 390354 387966 390680 397374 388126 393055 391786 395740 388147 393774 391655 393021 396554 394432 391121 401364 391055 398750 390986 387276 391440 389801 394840 404053 403293 397829 390568 398400 394985 390675 390237 394869 395293 401740 393381 392886 393902 403556 393180 393679 392342 403319 389181 389447 390418 395299 395309 393259 392566 390833 389423 385149 389049 387527 385904 383412 391695 392617 388732 401441 384479 387214 387718 392601 403265 397496 402546 390500 392475 403757 396730 388901 395566 394343 394571 395801 404378 388906 394847 390999 393718 404931 393765 392519 393017 397946 396505 389851 396605 394814 387978 399785 394606 397113 400821 389511 402249 394828 392612 396470 396007 400649 394304 396793 393427 387706 391912 402578 396019 394016 396070 401216 402495 403228 405583 398421 406179 388989 402236 403893 403577 397698 396595 406932 399548 400519 393196 396811 395910 412019 394841 392722 395968 405357 402431 395863 405123 399098 408628 406462 400365 400029 405503 408729 409605 398529 391775 395922 393335 401731 389071 402065 395769 394656 407633 396677 572695 407229 407883
392152 405295 568369 388367 395810 403081 396373 391493 394844 396903 399863 401437 399387 399918 390619 396723 399189 389120 392969 388422 392898 398763 399230 401724 397602 390871 400747 403318 397932 399626 401151 397036 400734 407768 390179 399670 391142 398103 394397 400205 397265 404081 391186 405738 393628 391415 390506 397799 393541 405992 394819 393974 397048 392468 394230 401955 397851 401238 385865 396934 392233 393095 393571 394051 393523 395987 395221 394807 405740 392337 390585 394462 404658 391289 402121 392955 390370 395079 393308 391140 393262 396320 395215 389686 389034 392608 384824 402783 395870 394423 391886 402440 397183 395098 394784 406094 396633 392711 390136 394657 403754 399210 395417 378794 395886 386866 387877 387275 391825 400813 390296 402365 397822 390181 390671 391780 392616 390407 401050 394465 402505 388581 385045 401222 390600 396607 386107 395155 399339 392345 398754 388641 399974 397507 389677 409079 392335 392190 392233 398414 391773 389738 389452 393161 396645 389157 394647 392316 396881 394174 395078 390428 393805 392791 394940 388832 399426 392717 397720 391209 390127 393312 391304 391716 407169 396991 390426 395138 400439 397571 393225 387258 397445 400732 400690 395446 391153 388754 408186 395704 395029 390505 402411 389327 392249 389990 394355 394072 399180 392077 394883 390270 389655 388365 386134 382909 384358 386664 392862 389380 396676 389008 389428 392624 391061 401427 395681 397695 390966 399169 402555 394481 390580 396542 392257 393426 392102 405489 386822 395779 395643 392152 398319 395261 395864 397126 402526 398555 393847 393616 392257 386913 404483 395185 393951 400691 389004 400056 390219 397133 390173 395538 398391 399998 399147 393578 391279 393425 403310 395863 397385 394592 401999 400910 405752 409809 398814 408434 391072 404569 408162 400184 397029 393193 406855 403604 399379 390982 396052 390325 413948 395303 391313 392386 400231 399341 399469 406481 402528 404737 405989 394431 401463 404910 401102 406089 401228 393692 390757 393039 400760 392808 395008 391099 402240 406562 400545 579004 406228 408362
390904 407997 568006 385689 400249 402997 395191 384099 400174 397360 401056 398991 396053 401349 388908 395341 394257 392381 391341 392208 392649 403029 394093 401502 396938 389022 397255 404316 396529 394879 401264 400236 398596 407656 390729 398280 393175 402254 394721 400348 396323 398061 385712 405096 396578 391230 385754 397593 399831 408649 393518 391278 398189 389830 393538 390769 397757 398114 388350 398592 393143 403110 394376 396253 393830 392821 394705 393355 403195 389968 396034 393579 398959 391321 400140 391578 390815 399658 392507 395749 394065 405265 396068 390409 395026 395817 389390 401615 394390 396145 395483 401386 392290 397996 395523 408917 393042 394985 398395 397218 408925 400646 391401 382253 394896 388409 387323 393574 394957 400040 392332 398333 392435 389463 391655 389775 390029 390472 395797 394315 401399 392626 385546 399969 391615 393048 392449 391360 399348 394171 400337 390094 398403 392139 397114 403191 392815 393847 394612 397202 388526 390773 388871 393088 395980 392341 393094 388045 394548 389223 396900 390940 391586 395636 396777 391860 401382 389279 395416 393905 388760 391001 387202 393391 401503 404394 399455 391590 392019 398607 390678 387416 397012 400162 398264 393045 393956 388533 405728 393961 389664 391402 402139 390538 393832 387237 393026 394374 396934 393813 390335 393045 389637 386174 391671 384402 384393 388167 393197 388522 398289 390083 390691 391366 387735 394479 394572 402589 395465 394325 403395 401176 390206 394530 394338 394861 393686 403613 385016 392965 392328 387442 402430 395314 398927 390457 397343 394569 392749 396978 396226 387330 402709 394067 396532 399938 387867 401936 396051 395639 394010 397936 398403 402689 397870 389607 393452 389759 404287 398131 396157 394528 402829 401939 403494 406295 399954 405855 386696 397608 404761 403780 398159 397862 403054 402096 403975 392962 395581 390219 409107 393256 392406 400810 403724 404054 394063 406726 403502 407934 404568 394212 394646 405392 404350 403290 398509 396400 394081 387898 403031 391884 400322 393766 396035 405032 397783 571608 401367 410213
391026 403573 568967 385673 397437 405847 397552 386347 395600 399603 399525 398095 394409 401558 386851 394735 393423 390988 394040 392058 393302 400790 390635 396715 398804 391423 396077 402078 397415 395582 400509 396163 398734 408870 387780 400348 387225 396656 398649 398292 399957 400250 387634 403030 394966 393128 387309 393516 394179 406468 392516 392881 397842 388889 396620 401008 396969 398783 386591 398650 392832 399016 394803 397196 399340 392845 393064 394613 401742 389287 395770 398053 401191 391833 400299 390584 391281 401663 393604 393941 396655 399014 393912 391277 397730 394068 391214 401143 393297 398261 393663 406665 397024 400096 392688 406969 401742 393788 392793 393263 410053 401811 390988 375563 394117 386617 386925 390477 394438 396973 392013 398175 398368 385244 387992 392180 394028 391291 399116 395671 400806 387300 384545 398797 389526 397697 387931 395775 394683 395218 396915 392113 400001 395043 391252 403792 393385 391358 398287 396299 393198 390120 387736 393215 398029 390435 390684 390475 393660 389458 395827 389967 391999 396246 394691 390783 398884 392302 398334 392828 390043 391703 392270 396512 402733 401912 393268 389432 396302 395310 392780 392097 392916 399016 398250 394162 396226 388087 406501 392181 390704 388813 398635 389810 393029 389653 394937 394172 401190 393341 388448 389597 394560 390332 391699 384546 384956 391531 392661 390318 397362 385760 386149 390920 390620 400935 393179 399362 393609 395037 403035 395351 387606 392850 401433 395420 393819 400422 385795 395245 398094 394145 399549 394565 395349 392375 396021 395003 394034 395818 390796 385633 403128 392446 395518 400636 390091 404026 390158 396191 391214 395071 398808 398048 398099 391376 390759 394715 403354 395739 399627 392748 398970 400057 406698 404318 400915 405423 389301 400620 402631 402037 397051 397196 403404 403680 399010 393236 398103 391033 411285 394048 397782 394947 400630 402157 398163 407797 399113 407789 400180 391965 395098 402752 399847 407260 398478 393355 394183 389608 398233 392914 401698 395327 395866 404834 393127 573760 405665 407788
389836 406450 562986 384489 394417 401982 396973 389940 397565 399001 398350 399975 394788 398078 385739 392816 391834 389326 389623 393856 393605 400428 389756 400817 394857 394036 397186 401625 393863 396607 399371 398970 402717 406482 392470 395619 393760 398491 394589 402604 400657 397337 389923 404888 393502 391624 390526 389821 393770 408181 393456 390542 401687 390904 392075 398807 396879 402154 389453 394786 392930 405942 396762 396015 394269 392742 394471 389997 401881 391520 392373 396471 401461 392076 401810 389494 388551 396168 390276 391157 391652 397187 393473 391109 394834 394453 386158 402231 393189 396237 398587 401326 396016 395248 399277 406277 393201 394926 393520 397275 404824 398149 388347 380919 394215 388121 388488 390683 395828 395366 393026 403361 388642 388311 390261 387373 391507 393846 400761 393752 409597 395400 382007 398785 389428 395509 390947 391003 401807 391976 397855 389493 397321 393477 387648 404139 391328 394237 394209 397813 390047 393289 386179 394478 395438 385896 393777 394527 398925 393226 394816 387083 394792 396268 392492 388496 401869 389700 397100 393583 389748 389918 390703 392668 400911 401196 390747 390731 399863 396850 392955 390436 397881 398667 400238 394245 394696 390746 408677 391263 392432 388713 399706 385978 393754 392240 394244 393471 398969 389516 393129 394648 394419 386822 389967 383150 386621 386632 392559 390438 395668 387976 387012 394249 386869 399145 398358 397815 395395 395146 405355 394870 393234 391935 390663 394388 396144 406662 382854 396817 392633 391281 398368 395989 395694 392662 396052 397027 391084 396853 389168 384548 402531 396233 401238 400566 388816 402425 392782 391594 393039 399636 396712 398087 398333 391604 394014 393307 403215 395102 394184 395034 402012 402570 401931 404238 401674 405009 386358 401574 403651 407767 394507 399426 404055 407721 399115 394987 398941 393982 411149 398373 388856 398313 402794 400155 392490 408845 399232 403984 403709 397174 400769 404784 406548 408211 398145 396418 395880 389215 401101 390622 396909 393626 397527 406714 394825 574386 404685 411940
396307 405732 569509 387613 399161 403435 397405 389758 395445 400270 400604 402047 398767 398307 388728 396900 399748 386120 392200 392977 395700 398043 394188 398032 396756 388731 401613 404348 395665 397336 400968 398218 400030 411304 387533 397665 393300 400676 398674 401739 399180 403170 388915 398687 394701 390828 392960 390868 399204 406678 394152 391234 402746 393545 397029 402007 395711 395410 390530 401921 396551 400192 392355 395872 391589 392262 395850 395015 408593 393240 396033 397398 397801 390576 403009 395026 390393 394132 393504 395111 393111 399695 395951 389921 397830 394756 387163 403471 393869 400680 397029 401029 393496 398101 397828 409146 394556 397427 397620 396716 403894 403519 392623 380241 395875 385907 386148 390998 396209 396340 389574 399552 394594 389314 390348 386489 395447 391705 403288 396127 400296 394743 384752 399863 391021 393934 389964 397459 402139 400260 396374 393657 399216 396374 393965 408426 392464 389081 392663 397212 389488 392085 389340 392444 396286 390199 389083 394653 395351 396890 395392 392087 388963 395907 391553 391548 394553 392099 400773 389998 391274 391277 394192 390500 410335 399756 393976 391539 399089 396377 391450 395468 392721 397869 396038 395393 392596 393244 406456 393831 394675 394267 404190 389426 394907 390548 395120 393897 393346 388523 389890 389778 392992 387253 393058 387829 387848 389713 392568 390142 394446 386658 388487 394725 391300 398169 394248 402801 396458 396297 401610 394559 392038 396365 393054 394893 396437 406793 387531 394369 389711 393652 399975 393323 392467 393460 397798 395286 393687 394750 391873 387571 401226 393706 395192 397930 390072 402140 389897 398894 395924 397880 396249 397719 395701 398467 386564 394365 405245 394573 403016 393604 398750 403677 400360 405463 399837 405487 389403 398228 405864 401271 398922 401447 402031 402037 404404 390984 397078 392084 409297 397478 399689 396121 405637 406898 398074 407249 397386 410997 404774 397735 397641 408504 403082 409109 402237 395715 393795 392567 403008 391996 402667 393687 394066 405358 397232 575634 410052 410159
389106 402665 566188 381795 398278 403741 396505 388181 395753 394664 398825 397841 396541 398735 388025 391829 395731 388017 395155 392337 395002 400363 391223 398222 397197 389616 392670 401782 396155 390451 397346 395194 397844 412742 391826 400776 391168 399200 392542 401274 395338 397462 386996 403441 397771 391192 387330 397524 398064 410551 394510 398202 398785 389390 395518 398755 399331 396822 386246 398885 393574 396996 393329 394167 396987 392895 392634 394549 406451 393560 395316 397642 404884 392510 399178 390490 390701 394963 388758 392472 398202 399564 394514 393795 393127 394160 388950 399749 392481 401421 393498 400461 398349 399828 395786 407530 394281 398067 393645 396149 408695 399113 391946 381828 392466 387908 389439 385707 395507 397557 391461 397597 394095 386680 389292 391023 391860 388256 398743 395019 401526 392268 383649 402043 391094 393896 391194 392769 400106 390160 398439 390404 399657 392511 392248 406266 392028 392593 391904 397335 391986 392182 384814 394665 397676 390201 389584 391831 396550 394943 397378 393068 392070 397636 394924 386264 395835 390133 400894 389492 392463 393239 388643 391731 405772 398490 396063 392066 398638 395855 391755 391890 393631 395244 399248 389391 394607 390602 406605 397999 395353 389511 404307 389662 394973 391121 395289 398582 399620 392946 394435 390304 391278 386121 389459 382273 383185 392238 393532 390143 397017 386962 385041 391833 392585 399613 397058 400176 395183 397092 405238 397484 393923 395701 394158 394641 393318 407407 386100 397340 397414 395378 401180 395988 392976 391607 397243 403301 398410 400443 392730 391515 403671 395969 395523 399647 390457 403439 391793 397548 394401 401252 395949 398412 394982 393544 393276 395381 403944 396646 394798 391051 403130 406454 401422 402858 400146 407942 390020 403779 401602 401784 398319 397791 398126 402119 402440 395631 394852 391806 410611 397978 395565 396184 400763 405436 395961 409600 403097 408250 401820 395247 398863 409363 404420 407687 400689 391946 394462 390454 398081 389009 398099 394278 402538 405371 396221 575159 406031 406890
390068 405116 567669 385380 399831 406165 395463 390848 396249 398954 402795 400427 395353 395111 387992 395507 394857 389653 391944 393808 391404 397710 391773 400262 394815 387515 396621 397865 395982 397188 400320 398432 398881 406985 389882 397825 390440 401770 393361 396637 397528 397121 391592 404367 396484 393700 389677 388033 398838 407395 394004 392176 397500 390392 395153 396861 397725 397295 383239 394836 394048 406941 395254 396661 388120 391706 395772 393417 403928 389150 391744 394273 400238 391566 397231 395676 392200 395883 390943 395933 395936 397403 392010 392752 394366 396727 388295 403642 398009 397306 393649 400288 399787 393723 395000 404071 396537 395324 390424 390085 405055 397134 395704 379165 395392 389999 389077 391539 393870 399776 389609 396453 394295 385730 391329 388785 389776 390394 394305 393630 401591 392676 382585 398227 389520 395657 389298 393038 395106 392932 397375 389911 395370 390169 392468 405749 391289 391891 392315 393533 387788 392377 386527 391913 394648 390128 395049 391595 393404 394783 394132 386798 394768 398818 392047 393743 397728 395813 399732 390437 390560 392220 391326 393680 408121 401682 395081 390495 398273 400330 388782 389551 395529 401246 396798 391934 391906 389626 408778 396949 391949 393404 399978 390985 395592 391291 393348 392097 398226 390573 395430 393050 389275 382136 392677 385234 389121 392587 397059 391939 401921 387089 386797 394467 391829 399969 395121 402382 392994 400101 407902 398570 392140 395285 390272 396189 397210 406607 386794 395688 391981 393645 397774 395430 397651 391326 397734 394604 393166 397297 390220 384829 403396 395102 396364 394774 392577 404378 392101 390513 394570 396523 396743 398891 396162 393056 390541 390699 408284 394757 398164 393776 401133 402759 399682 404272 397670 405723 391662 401349 402984 400869 400453 397889 406113 403610 398565 392546 396360 392684 408020 393451 389514 397667 406580 403654 398061 404344 400692 405590 405738 397164 399193 406497 401317 405157 399742 393773 401270 388962 402338 389769 403846 391432 402374 407479 402331 576571 401976 411222
388591 400771 568006 384032 394715 406851 401098 384683 398069 398765 404033 399775 393794 395190 386579 391802 393466 389572 393368 392378 395026 396963 388910 395403 397316 392288 394769 401903 395069 395139 399605 395517 400615 403497 391059 395692 392584 398836 394894 400658 396225 397483 392254 403347 393766 392275 386087 394619 396040 404307 392874 394988 400747 390399 390998 399235 397658 397826 389880 398384 392845 401217 392448 395010 389681 389965 392665 391629 400462 390567 391253 395243 399245 391296 398265 390681 387581 399961 391607 395752 393863 397981 393926 392954 395333 398759 387185 399177 395863 396546 393429 401148 398085 398275 395546 404466 396834 398522 391500 393573 402594 400758 393193 379577 393515 386343 391622 386060 392455 394636 390002 393413 392543 388414 386882 389114 393988 389496 400535 389049 401817 389041 383337 397100 387733 395912 388452 391832 399890 391485 398913 389889 395024 394669 392198 404605 392845 395653 392551 397407 388603 390248 387905 394706 393122 390238 395564 393188 392247 391752 392349 385019 393122 397904 395565 390926 398042 392863 397622 394439 388560 389728 393156 393956 407131 400781 398421 390259 398729 394512 391024 390185 396278 398918 398470 392401 393690 388797 405323 394028 392523 392110 400529 393270 391652 392142 393556 393613 395014 392426 388538 392817 390197 388151 391901 388780 388692 393893 394194 388947 399022 386253 386465 390929 391558 397770 394911 401455 391070 396190 410574 401277 390296 396228 392612 397258 391772 402484 386854 397142 396152 392711 400914 394167 394244 391033 394741 395252 396851 395700 391649 387803 402252 396708 395545 401359 391727 400557 390393 396404 392210 393928 397362 400760 394934 394157 396135 391285 396971 392583 399768 394140 401578 403361 400976 402738 400058 405086 387365 402539 402973 401911 396925 398507 401730 404351 397775 394243 394399 389201 409317 396671 391382 395718 406557 402718 396261 411260 401483 408784 403397 395406 397691 406661 404657 403609 403861 397238 393473 390119 403758 390403 399986 394380 396528 407075 398926 572203 406184 407172
389645 404698 572044 387295 398445 407428 402258 390990 400957 402413 400560 400774 394131 396771 386407 392281 395039 389462 396184 390557 394403 396802 391010 399831 400727 388826 395039 398023 395353 393332 398034 398882 395240 409372 390450 394556 391547 397134 394649 394752 397756 404093 387338 405112 395529 387421 386264 396285 393678 405723 394554 390678 399915 390035 395701 397670 399647 404046 385802 395019 391314 396407 393394 400256 393906 393799 389390 391856 406982 388740 392162 394341 399370 392149 401899 393935 388864 394755 393741 393492 391360 398914 397563 393026 396595 394438 390331 400990 399429 396977 391901 401606 397717 395533 395879 406557 400742 395333 391159 396958 406583 400114 391401 380422 392568 386699 386491 387353 393467 398270 391788 403974 396404 390187 386644 389427 392719 385574 401661 391665 404139 392342 383430 396913 391088 393420 388586 391674 400041 388440 395022 390946 395715 394070 389813 405921 390031 395470 394071 398119 388889 393397 387770 389173 393515 388421 388709 390874 400765 393062 396553 388678 396179 398451 393823 390679 397426 393110 395361 387417 392039 395533 391229 390513 404387 399185 393353 390158 397400 398229 391299 388316 395972 399179 398122 395514 391969 387586 406087 397024 391149 391694 405236 389466 395551 393355 402908 398136 397819 394399 394694 392676 394409 388061 391754 386835 392586 388222 396354 390477 398242 387587 390733 388488 397877 402885 397436 402145 390634 398637 402566 394363 390435 394724 396866 393393 393825 403513 382381 396311 391858 391829 404415 396663 393806 388888 395574 396566 390091 398017 392712 390923 402639 397105 398232 393735 391504 406595 391695 393820 395597 395237 399779 397044 396471 395484 388913 389404 402311 396193 395411 394117 403861 399900 400876 405607 398217 408174 391436 399212 407184 402059 398515 396787 405851 402866 405792 391932 394218 391883 406420 397610 390641 395853 403656 401119 393993 408754 401712 405530 406171 397086 397670 407069 402693 404813 402464 393712 395391 388672 402287 389599 394175 394732 400126 402773 396957 568364 406378 405329
390682 401468 568027 385434 403903 405193 396055 390562 395857 399217 398254 403213 393552 396851 386019 388781 394771 389759 392663 390242 394686 400275 393746 398882 392376 389393 396901 403483 395897 390971 400327 399980 400114 407855 386571 395951 388754 400045 394921 398151 394190 398307 391622 402018 391884 389197 390624 390154 395292 405772 394437 394215 400181 389228 392022 395161 395320 401610 387648 395969 394527 402149 393437 397285 389619 391172 392983 395102 403698 390992 390777 392442 402088 391259 398261 394996 388421 396503 392163 390251 393646 400476 390539 394333 395110 390631 387150 404743 391819 398657 393751 397828 394955 393153 396508 404244 399378 396772 394748 393611 404599 398920 394182 377463 394845 386968 386934 390514 392749 396313 391687 394379 399116 385576 390710 389818 394452 391316 399137 394044 400044 391082 380597 400461 388129 394457 387286 390785 401141 399268 397285 387158 398625 390707 392285 405469 390398 393748 394017 397673 387741 393763 390035 396739 396538 389114 391541 390514 394115 392361 393400 392177 393957 394838 393500 386878 400247 394333 398241 389521 387244 392192 389377 393379 408275 404611 396318 394187 399706 400669 386066 389090 395745 399499 400915 393251 395089 392800 410231 394567 393462 390132 401301 390965 392378 391135 396057 395430 391595 393756 392462 392947 392026 387179 394874 383894 388849 391758 392402 395079 399595 387820 390423 392468 393162 400680 392269 398922 394017 397379 405859 395739 390171 395073 395817 393659 394250 404996 386834 396908 388912 394363 400882 394106 394983 393845 395339 396650 390426 394613 391384 391553 402736 396963 397499 397962 390470 402332 389146 396073 394964 396001 396634 396631 395288 393236 392957 390193 399658 394293 395136 396461 400473 404071 405633 402949 401025 405132 388220 398777 400741 403235 394124 397181 406166 402924 400148 393664 394338 394354 405999 392929 395738 395632 404029 402452 391986 411848 404847 409807 405290 398982 394226 406517 403686 408409 401572 390528 395563 393204 402223 389509 399998 388291 395767 406927 399950 572193 404754 406709
390602 404874 567543 386803 397526 405591 400458 386868 396491 400802 400860 399295 396183 395950 384842 393283 393882 390351 392136 390283 391762 396942 390164 403227 397050 389419 393359 396275 395181 394006 401481 397710 396635 409483 391264 401896 392332 394460 399464 403315 398032 399265 389591 403671 392874 390379 392131 394357 399367 403535 395897 393032 400370 390616 392956 403992 395824 398070 388269 394767 393143 401138 394308 396080 396554 392700 391772 393615 404893 387346 389954 395496 402106 392736 397730 392866 388460 395968 388564 396843 394763 397460 388548 393682 393361 398983 390634 396724 395299 398385 393331 400267 394701 397715 394841 406206 399600 396320 394127 395712 404893 399762 388714 384246 392416 383726 386675 388144 396077 395558 389762 394840 394212 387507 389245 387471 391132 388371 401338 393516 399391 392033 385580 401439 391134 394569 387247 397311 398037 390736 397577 387456 397499 392120 394472 402299 392254 389466 390059 395136 393780 392066 387910 394227 399207 387093 390523 389955 394341 392008 392661 392536 395385 395320 389900 393004 401758 392820 401019 390534 390289 391020 388051 395569 402789 400809 396607 389944 396852 400422 392235 390362 391206 397051 398032 391427 400441 390668 406856 395093 394170 388803 402395 390042 395867 394273 395900 394496 394864 390716 391306 392450 389312 390120 390679 385355 387533 392351 393944 393563 397821 390334 391240 395884 394715 399043 396364 400019 395169 397384 407923 395474 387301 393675 394757 393466 392604 407561 387130 395862 393287 396920 397302 397078 398589 393151 397397 390723 397387 400902 392786 386318 403919 395646 398777 400136 386766 404099 392318 396794 393800 399245 398775 398482 399246 392395 392216 389425 399368 394464 395878 393669 401007 402062 398233 400144 396215 404626 386806 401833 404271 401875 395119 396603 400384 400899 405321 388470 397860 390454 409696 394128 389925 394379 400739 401583 397268 409081 403354 407033 405669 393867 396768 405192 403090 408759 400723 391402 395477 390716 399203 389106 395378 391813 396752 406796 395142 573230 403221 410256
391509 404105 571393 385326 395920 404358 398074 394698 397792 402042 400708 400342 398032 399328 389087 391078 396524 388914 393088 390666 392456 397235 394305 397862 394843 388257 394527 401491 393485 398233 403062 398086 398888 403123 388078 395676 390375 397390 397854 402739 395214 398158 389781 401276 393693 394933 390630 393168 397893 402742 395374 392929 393283 390807 392336 399328 396194 401063 384637 396024 393248 398288 395226 393704 389375 392462 394575 397566 403588 389748 391853 395143 400413 391423 397701 391862 385452 401295 390772 390037 397160 395388 391060 390281 391966 391450 386392 401344 393765 397897 396378 395802 393759 392000 392031 407192 389343 393925 390650 392690 402675 401749 394313 381530 393860 385973 388334 388255 392968 398269 392085 398945 393861 392113 388673 390352 387999 390135 399799 393525 402657 392048 384414 397629 385992 396617 391659 393901 396259 390841 396595 387859 400149 395038 392261 400983 388895 391280 395763 399969 391273 392738 387232 395814 393018 385126 392484 393639 394487 388699 391237 389830 391550 397241 394035 387579 400798 394943 400531 391369 384133 390468 394057 389808 404519 399149 395619 389440 396445 398163 389814 392107 393298 394911 400351 392487 394486 392485 406973 395788 391274 393844 401806 391336 399236 396175 392589 393686 396893 391963 393752 394401 391740 391654 392712 387118 387195 393104 395599 392381 395720 389561 393360 394746 398403 406431 396913 403164 397645 395506 405358 397817 396544 395834 393612 394367 397437 403759 389893 394622 393179 393725 401560 395952 394844 389785 393250 395648 391146 397540 388765 390314 402266 393833 394062 399509 391606 404178 392157 394508 397394 396419 397951 393639 397351 392957 392367 392009 405425 395621 397795 397054 406164 400695 400098 398732 402244 404148 385135 401756 406715 400137 399869 394766 401454 400086 400853 392191 394013 391040 407398 390254 394747 395778 399858 402573 398470 412083 402475 412032 401760 399021 398080 401061 404327 408285 400997 397497 393541 392253 400503 387390 395012 394610 399300 405673 399199 573098 407546 409224
387492 400183 564564 385461 398332 404552 396260 389168 399135 400086 403413 399711 395744 402822 387742 389063 395274 386184 392220 388878 398023 402136 393145 399154 397088 389613 396979 397587 395363 397885 399511 396772 394809 406036 388046 397921 391540 399631 394335 401264 400645 401102 391226 401949 394333 391182 390654 395555 397013 398059 397600 392946 399434 389636 392894 398656 394673 397610 388079 398210 389516 399319 394225 394152 393561 394440 391164 392935 403435 392311 389054 394330 399122 391974 398904 396570 388540 398041 389323 396681 394969 399692 394023 393993 394196 394664 386449 401063 395523 397170 395533 398675 394295 397399 393454 405298 394982 399837 394170 393542 405691 396399 389492 379347 393163 382488 387240 385942 397003 399720 387661 397208 395218 385486 390681 390051 390771 393015 399894 396192 401859 389386 383146 399396 392205 396269 388237 390360 399165 395966 395907 392301 395058 391223 394883 404398 392869 391110 393268 393086 389471 389131 386652 390879 397780 389511 394139 390523 397246 393381 393562 391878 395070 396121 392739 390027 400719 391090 395904 393207 390213 389554 391160 397142 404276 401323 395444 391258 402229 397595 391502 388269 393225 401570 397366 392198 395700 390499 409203 395118 390824 392946 402067 389551 395283 389843 397654 395792 394762 391548 392071 391971 388963 388198 386956 388372 385904 393371 392142 392842 396632 389070 388241 390901 392422 402320 394354 406280 392014 400079 408253 399929 391007 394582 396489 395843 393746 401505 387391 396326 392925 397350 405398 392544 391340 392729 394765 395297 394779 396230 396960 391433 399843 394110 395425 394959 387739 400338 393773 395813 396857 396680 394140 398757 398311 390141 391790 394571 402517 393675 398122 393635 402377 401503 397783 401449 400213 408482 387014 400447 400987 402047 401244 397882 403981 407146 402695 391625 393495 392387 407646 392676 391646 394242 400878 403699 396787 410033 400494 409231 402615 393948 395868 402465 404178 410427 399711 396930 393945 390932 401042 396197 399967 393097 395928 402659 398063 571703 408124 404077
392448 404872 571687 384834 400887 403494 397224 388500 399372 397930 399371 401277 393102 402610 386391 393009 394493 387431 393137 391263 397120 399407 390837 399913 395403 390033 396612 400328 394488 401927 399101 397542 393247 406745 387260 400180 391212 396628 393284 399791 395229 393512 391488 401189 393406 393231 383362 393875 394107 404790 391648 394470 400876 389420 393566 397849 398514 399392 387441 398634 391679 400128 392132 397012 392115 397289 391401 394071 401014 390154 389799 393466 402265 390361 399539 391070 391567 392961 389969 389537 392178 397265 395637 389266 393443 399389 384016 400086 389665 398695 393566 399509 393443 394032 395137 402350 391789 391716 388531 392401 407782 403625 389919 378820 391518 386209 391173 386770 393822 397342 385330 396340 394718 388701 383706 389487 393087 391518 399017 393130 397759 392880 387139 399178 392116 395906 390944 391291 394560 393103 394733 388300 394096 393189 391164 404027 392299 388885 392506 396772 392043 393116 386570 391292 394699 390508 389918 391403 394245 389614 394081 386836 394338 398089 395328 394810 393433 391177 395636 392157 386578 390318 387434 391007 407916 403703 393882 393077 397822 399880 389513 385771 395999 398902 402249 395098 395129 388668 406230 396232 393922 392276 400254 392097 398442 394686 393493 397378 398378 390334 392468 391693 390459 385654 394862 389791 387327 386938 398032 392093 396896 386582 389174 394717 396612 403186 394086 399026 395083 398744 404413 401554 392124 394780 391437 394226 396682 403574 388746 397937 394600 393627 400604 391195 394911 393482 399013 395343 391496 393911 394526 390870 405229 392649 397687 399117 391840 403693 390868 395152 395337 397018 399814 399313 396376 391956 388853 391222 399736 393284 397218 394494 399253 402925 401987 400682 398327 405965 389446 401449 402717 401096 396504 401463 400346 399598 400361 392482 395350 389932 411747 397239 391435 394339 406215 404100 391480 409637 401300 410701 405903 391516 392832 406717 403208 405989 402663 392023 397788 394287 399193 395012 397080 392590 397531 407824 399133 572440 399270 403677
390262 405908 566895 386230 397413 404407 395837 389565 397615 395367 404565 402890 393324 399974 389222 391722 398615 394601 392224 389045 393433 399577 392564 400850 395293 386733 395681 400216 394043 400057 400190 398274 396471 409712 389513 395217 392214 400426 396347 394534 396219 397585 389349 399485 395905 391142 388880 391862 395006 404383 392151 392369 398908 387766 394084 399350 393391 396228 384437 395504 391754 397850 394502 392170 388531 392488 394652 393038 402772 387011 392657 391600 397545 387782 397452 388851 387508 397045 393321 393682 390938 396225 391214 387602 392682 397182 385822 398304 391949 392803 392188 396748 394852 392863 392654 403364 395298 393076 391558 393881 411864 399457 392156 379797 391303 383228 392302 388421 394364 397205 385355 396516 392163 387562 386559 388693 390394 386169 396682 391359 397147 391867 385337 396686 389664 391173 386515 389301 397841 392686 400085 391038 394237 391842 393170 401482 389772 389916 396381 397602 389184 388618 386614 395055 396653 385328 390952 391207 394306 383960 393181 388382 394149 398690 393765 391557 398203 386920 401284 389499 386535 392613 388461 394799 404780 401426 393373 392493 395883 397000 392570 390826 396353 401285 396767 392003 395368 389487 405265 394104 390903 390645 402516 390816 393584 392643 395796 393484 395594 392017 392328 392423 394120 388641 391157 391061 385045 384904 397655 389805 402855 389800 392808 394066 390884 402018 392659 403556 396044 398322 405575 400317 393565 399061 391132 396436 397886 404489 390134 394003 394669 395281 400364 395402 394574 392962 398384 398523 395890 394023 394051 386147 401593 393276 397113 400078 388995 403509 391450 392859 393031 399214 396407 401902 391581 391819 390053 392520 396109 396217 394221 392874 403046 401376 399460 404444 402363 405369 387537 398169 401456 398027 398203 397601 400164 404416 399595 392776 394841 390734 405906 397132 392726 397606 401502 399977 401669 408403 400804 404773 404483 396041 400224 406504 405242 406408 402872 393810 394645 385720 398342 387294 398900 393021 400083 407629 399232 576952 407286 404384
391216 407045 569769 385055 402214 404882 403467 389903 394964 397545 402083 397938 396459 395885 387240 390780 394092 387595 394919 390407 393253 399925 390527 398529 395741 386210 393803 404070 393042 398205 401223 400708 399504 403614 392171 400371 392775 399269 396649 398357 399865 405710 388289 402772 395303 393275 391696 396257 396175 406863 393364 393326 401752 391021 393715 402650 398888 395683 389147 400666 390440 396768 394175 396965 393787 389640 393942 392351 404274 392163 392779 396550 399022 391024 399025 393016 392034 395396 387439 393224 395720 394670 393949 393426 395308 395734 386481 397318 395981 401191 394944 400587 397053 396440 394930 408718 391238 395949 393639 393961 405131 399099 390341 378097 391838 383999 386192 388346 394391 397572 392010 397279 392765 385936 392110 389071 393413 388028 398011 391737 401334 388498 384801 398653 392493 392359 391026 392402 402629 392617 394490 392423 401091 393847 393118 408557 389488 393352 394953 397764 391766 390634 383372 391929 397185 392826 391004 394356 395508 388400 394121 389945 393984 396779 392655 390036 397416 394261 398262 391870 383826 387812 387637 389874 403843 398831 395198 393836 394836 397905 390176 387820 394377 400581 396022 393867 392028 392161 408296 395028 392207 390175 403168 384165 394147 388442 393902 396415 393934 390935 391993 395219 394108 388756 390968 388653 390834 392319 392638 393305 398750 385498 389506 399521 392104 398580 398016 400024 395136 395759 406698 396032 392402 401016 393736 398553 394147 403164 386620 394582 396829 397556 404800 398359 398672 393114 398798 396049 397031 393999 394940 391782 401942 399341 398238 403520 388174 403429 390279 397241 396263 394802 396664 394852 396036 394862 392849 391012 401132 395308 398734 398892 404264 399993 398573 403796 400718 403334 386338 401168 400492 398711 398305 398059 403570 401924 403238 393531 394845 392128 407880 392665 390399 397644 403295 403524 396075 408488 405283 411215 403347 396770 398709 405110 402943 403314 400057 392505 394808 392301 398200 388090 396753 394978 398749 408457 397390 579655 406075 409507
390652 406857 566597 387579 401853 400946 402511 389386 395353 401849 401366 403419 402008 400639 388708 394181 398649 390814 395214 393107 392199 400197 395651 403418 394789 387926 395576 401378 397372 397986 404959 402094 399468 407359 389599 395832 391536 398738 393081 396060 395399 401344 385959 402586 395547 394202 391061 398442 391334 407112 395036 390384 398449 389917 390520 393865 397016 399595 385842 395879 392221 400206 394584 391808 390903 390142 391308 393520 401395 392011 393006 395153 401759 395192 396780 394407 388817 394361 387417 394637 391026 397966 392902 389296 394296 390227 387648 400972 392669 392987 392658 401500 396942 398985 395245 406323 394110 399533 391809 397719 401951 395992 389598 381877 394471 383950 388228 389904 389187 395303 389254 398089 391792 386839 387654 390367 387009 384861 401404 394059 401320 392906 385376 399879 392987 394179 391727 393188 399568 393850 393304 390935 400674 393024 392965 404221 391636 392955 393189 396600 389376 390050 389384 394129 399752 385526 394482 392908 395917 398453 392246 391058 389729 396315 395940 391170 400519 394410 398356 390009 385603 390845 390452 396884 403030 400463 391881 391310 393227 396616 389255 388827 393351 396921 397583 392667 399614 386099 404644 394367 392665 390356 402648 394029 391647 395408 392078 401245 397472 397965 391585 393124 392652 388373 391395 390230 387153 394812 392477 395974 401263 389625 391635 393558 395190 405224 397384 400089 395316 396631 403227 401417 391222 394171 397171 397175 395956 404378 387342 400443 393870 391796 403566 393513 394971 395881 396736 392148 392471 392297 391508 389656 401160 392218 397216 397856 381817 400236 389586 392605 395414 397815 399725 398328 393700 391165 391410 390549 403222 390660 395773 395894 402844 402495 403349 402942 398906 402147 390326 398404 403231 402602 395033 395539 404387 402417 400387 394351 395178 391119 410656 391855 392131 399595 404944 401171 399775 409027 404368 407824 405871 396744 400188 405066 401317 404910 402448 394703 391505 388886 403693 387675 399386 391440 397496 410944 401766 579380 408009 403052
392010 405640 566787 389602 398699 405831 399452 388439 394939 403397 400885 403793 391361 399673 386590 395103 398552 392021 390312 388164 392345 402659 390257 398839 393403 396001 395988 403721 396590 401076 398560 401467 397973 408460 390837 395538 394604 400746 398900 400523 397117 397165 390258 403559 390730 395505 387498 394647 395677 400708 396095 392816 397262 389640 398294 398143 395043 401301 385905 400411 393444 401310 392749 395816 397462 392061 390244 393663 406265 389022 390701 392073 399205 389271 397837 390878 389107 396358 389498 395721 392778 399109 389949 390191 390972 393036 387634 402861 400047 396736 392083 400482 396853 396066 394893 405718 392467 394904 399176 393487 402237 398517 392921 379766 391979 385624 388061 386982 398910 399110 386395 397589 398602 389796 391955 388017 393897 389959 397528 391837 401025 389626 386150 398906 388878 390813 391238 392382 399849 391819 399904 393337 399052 393656 393276 402299 393611 391340 397569 398422 392364 389428 389396 390325 396515 385968 394495 391675 398232 390212 390421 391463 394024 397554 397243 389754 397616 388331 395014 389152 392579 387100 391588 392167 405070 400236 397373 391543 397161 397555 391931 391210 398427 398587 392037 391985 396819 389505 407328 391738 391073 394383 399700 388718 393201 388865 395505 393202 399232 391161 394347 390348 396998 390480 394358 385495 390806 391389 395416 391196 400435 387761 392740 397040 397221 398693 398796 407359 395338 394249 408306 400102 388194 395468 396911 400598 393345 406690 390674 398711 395794 395250 402474 391238 399815 398019 399741 396675 399696 396225 388567 388301 400800 396648 398256 398660 390859 403370 393917 398215 395675 398270 398495 397666 393109 391786 392363 393307 401481 397814 398128 392353 400071 408191 403289 399772 399278 406351 387331 403864 401603 401171 400926 395824 403241 401926 400266 392513 396864 396744 408393 393408 386745 394456 401851 401411 397063 405729 399077 404750 399792 396010 397353 402327 405589 404764 394643 389986 393231 387957 395519 390337 394392 394473 399010 403310 400075 575850 405633 406825
388547 406570 562924 382940 399389 407121 397619 387786 397859 396864 404344 401169 398128 398511 392218 398080 398149 395479 397835 395876 392970 403270 396095 396912 398850 390974 393554 402497 398866 396544 401500 398334 400968 416044 391375 398034 391083 395433 396627 399097 400757 397968 389697 403607 397354 391741 393424 392103 397336 401855 392260 389811 395986 387203 392883 398523 397166 393823 384155 398834 394619 400100 394028 394732 393356 392840 392372 395631 403474 388170 392713 394909 398604 386815 396900 392541 392686 395268 385914 393435 393483 397661 392731 389299 394310 395098 386642 400770 394657 397975 391845 398592 398084 396014 395062 405788 394484 392039 392057 394653 407345 402359 392394 379593 395384 387049 390548 386514 392346 395447 389924 397929 393156 385861 390479 390025 383063 390093 400490 392497 400380 389879 384753 398954 390119 392994 390913 386513 396868 393469 393355 390886 399392 394292 391417 400376 387974 389636 392342 397060 389384 392100 387327 390150 398229 388396 388970 391147 398776 392590 393957 388202 392546 396300 389639 391980 401226 395711 398329 392279 390789 393220 387543 392758 404855 398817 392322 395262 397632 394564 389447 393461 392841 396142 393543 393920 391101 394202 404101 392909 392404 393078 403772 388163 391723 392974 393949 395313 394909 392477 392682 390726 389702 390112 391297 389364 389423 390541 393062 390743 397358 386669 390730 397218 393342 404042 396759 404623 397018 399945 408099 403767 390813 397419 394528 393815 396922 409930 391661 395529 394663 392301 403200 397316 400098 390382 397588 399589 395662 395949 392027 389396 398864 396746 400746 402053 391569 403723 392621 393295 397404 394775 396476 399924 397728 395355 390147 393316 404147 395600 397994 398532 398640 401778 399990 402228 397994 402292 387295 399067 408823 400782 395607 398538 402920 399215 398849 391139 396623 392245 409020 395199 385538 394999 403150 399823 397338 404727 400788 408665 402794 394936 398228 407337 405743 406663 398480 394166 393515 390624 401081 388221 394965 399465 396531 410295 398589 573460 402178 405584
390610 406298 573342 388115 401819 405196 397515 389527 395854 403732 403456 404339 400429 403837 386001 394954 395916 390703 395640 390730 395037 398988 393950 401391 393893 392329 396100 402505 396877 392406 399824 398178 403326 411350 390330 402058 394610 401579 394929 396631 398402 400658 386446 402531 395121 394263 393916 392179 398412 403390 393051 396241 396529 390632 393250 399648 398279 394022 384994 396241 390963 396727 396119 397252 392889 392984 394385 395064 403592 390003 392913 392798 401015 386415 397664 391071 387238 392935 390433 392261 397132 394754 393926 387660 394717 394082 384940 403237 393024 395864 391691 403856 396155 399218 392130 407216 394172 390072 391860 393511 403648 402397 390648 381773 391343 387624 391895 387495 397883 400365 391807 395778 393698 386468 388823 389358 389231 388779 400726 396675 399201 392961 383158 400719 387750 390570 385685 389517 401009 391827 396355 390251 399425 396794 392688 400825 388916 391307 393986 394946 388338 387739 390581 400002 396745 388325 392391 390991 395580 392558 391335 392570 391683 398210 397109 391266 397748 389586 399136 392065 389727 392676 392775 389623 403625 400857 396582 385798 392810 395870 391269 390118 398266 396511 402828 394253 396459 394899 407175 395205 398000 392494 402452 387865 392957 390217 393380 394592 399469 390709 396089 391851 391176 387830 390314 386722 390244 389243 395927 391917 399843 393200 391568 390584 391724 404061 395223 403175 396054 400110 402141 404528 394117 395940 396571 397579 397384 403459 388545 399418 396308 394448 402645 393318 392915 396334 402853 394567 394121 395888 392918 391235 404270 396963 395225 402394 390162 403400 392139 397747 392384 392824 400696 399802 396222 393910 391843 392561 403481 396761 396460 397064 400527 403359 401811 403775 398190 404261 384125 400394 400543 402347 395269 396526 404526 402722 400326 392775 393764 393050 409494 397090 389474 397296 401378 401710 399296 406478 396633 405638 407077 392798 396526 403440 403713 405065 401236 396501 392988 388208 395884 388243 399789 391770 396600 405418 396061 571419 403530 405374
389862 403791 568057 388106 400575 405344 397096 390821 397433 401479 403683 404815 398957 401085 388410 390868 397656 393009 393050 389110 396195 403112 395811 401090 399130 387938 399298 401667 394601 396841 402563 402367 400129 406565 389517 396454 388946 402130 399047 397246 394302 402975 387538 404097 391687 392722 390437 392457 394369 406905 395693 394363 398492 389068 393886 399357 395554 404962 388165 398632 391411 399801 394641 398075 393991 391629 393181 391565 404758 387358 387866 394352 400466 389054 397980 390462 387966 398609 387138 395915 394059 396997 393579 392147 397644 395003 385451 398166 395650 400448 393990 397706 395022 398608 395146 406044 394632 397257 391471 394877 403222 399905 389159 379460 396576 385372 390706 385677 392042 398199 387574 398868 394829 391308 387655 389386 392606 386887 407661 390786 397361 391587 385360 397602 388073 395690 388942 392732 395102 396530 395710 391033 397275 394874 392628 402513 390740 393018 390850 396446 390135 387853 389971 392131 393741 386327 389880 391674 395579 388699 393703 392380 391849 399055 393488 390545 398547 392809 395494 393077 392950 393116 389708 395142 406088 397709 392973 394294 393439 396393 390409 390333 391433 396766 399239 399186 395117 389808 409557 394817 393780 391911 404571 389347 396073 393802 393095 392144 395781 389280 392896 392444 390307 388306 389611 387521 389653 394528 391718 396242 401500 391367 391337 387168 392440 398637 397851 400832 397315 397660 401962 398448 391158 398529 393073 399270 395854 406372 389905 398945 391818 396914 400333 396073 394733 399596 397781 398319 394098 399776 391500 391287 402312 395962 400483 404323 391899 401511 389150 392230 396910 397228 397667 398909 391317 393542 391364 392738 405105 393151 398824 395496 403716 400616 401032 402563 396936 406507 387064 399561 402405 403531 395949 395997 404154 404285 398686 389657 393843 392074 412000 392397 391933 398120 405096 398500 398024 403519 399582 407581 405444 395869 397437 404332 403872 406107 398999 395204 390863 390963 400843 386143 394750 392762 397016 405945 401712 571402 403889 406758
389002 407733 567918 388052 401994 403449 402082 391706 399064 401257 401388 402458 398702 400341 387135 396424 397465 389781 396474 395324 398037 402744 394309 398323 392598 391695 398169 401404 395704 395646 400519 396307 397526 409488 391524 402298 390614 399413 398868 400555 399425 403251 385899 405711 399414 395514 387509 392503 395353 405409 394261 394330 398552 395261 394814 399098 395184 397440 386046 395853 392089 403078 395639 395059 392768 390897 392346 393876 404367 388504 391177 391163 398026 389135 398180 393362 389487 396358 394014 393445 391746 395731 391909 393233 392336 397152 389630 403075 394516 394919 391385 399121 397576 397805 394796 405078 392577 397253 395281 390672 402943 398897 393250 379765 390592 386939 389766 387494 392034 393357 389689 399304 394157 387187 389749 386321 390540 391589 395854 390959 402208 390102 382719 395424 386343 395700 386895 391061 399027 390127 397805 391061 393782 391365 391035 399965 388276 393135 391231 395226 391422 388883 387901 393231 392606 386913 393403 388183 395373 393807 394022 389544 393968 399327 392134 390927 399210 392381 397075 392948 387943 392654 388565 396151 405471 401791 391158 389942 398603 400173 389273 388568 392794 398388 400500 394412 394503 387146 404784 395458 393361 389726 405345 389323 394057 390242 395396 395745 396978 389573 389604 390841 390773 394358 391719 387737 385350 392615 395907 389957 400690 388307 387813 393301 390829 399509 395196 400144 395054 393989 408211 398491 396443 400723 395762 398679 400063 406475 387362 397064 396403 392593 407744 397029 397101 393946 402200 398562 397175 397651 391747 389017 406279 394054 399007 402645 388097 400545 393778 398120 398662 397311 396475 400617 396485 393422 391739 392509 404537 393339 395342 393438 398926 400942 401058 403684 399314 406621 388459 402054 405183 398840 396744 398247 398844 402890 397820 393159 395403 389253 409885 393299 390323 397583 403755 402383 398285 405262 399030 407924 402771 390618 394506 404747 406017 405677 399694 393506 392062 389315 403261 387380 396291 396374 395885 403166 395156 570695 405165 401777
388122 403634 569060 386389 398352 403765 399141 389140 398126 398562 403157 399537 401154 398204 387773 396799 398969 391378 396497 390655 397979 404801 391944 400875 397925 391056 397801 402335 400310 396281 403544 402001 399315 408351 391710 398689 390199 399165 398078 399841 401121 404881 394918 402575 397245 393287 390447 395915 394776 403986 397470 397251 399398 387604 395824 396156 396989 398475 386345 397702 391037 400531 394615 395339 386784 391250 392255 393391 405899 386721 393450 396207 402681 393141 395576 389151 390041 399605 388691 395024 393968 394405 391553 387751 393096 392672 388703 401633 395119 391624 391806 398515 397988 394897 396079 404687 393524 396063 391377 395231 409143 400243 390952 373640 395202 382809 389451 390216 395111 394370 386813 394092 390802 389258 390834 388709 390183 387617 398266 390951 396181 390399 380915 396515 386628 394422 389360 392717 396123 393429 396638 391488 397359 393122 392205 403794 387616 390807 392335 394182 391373 388320 385039 392724 397349 388151 390979 390719 393596 389861 391601 389667 389768 399928 392438 390014 395602 388631 398183 390759 388971 392866 388958 395664 404348 398356 398010 390368 395702 395286 388716 388461 395685 395860 397254 392629 396821 390938 408483 393148 393954 389320 402875 388651 397558 387449 390523 394259 393689 389172 392137 391340 395172 390925 388446 390100 387809 389010 393687 393596 397989 383693 394873 397781 393552 400007 399467 406275 395376 396721 404784 397810 392859 397924 396535 398758 398967 408411 387719 398145 397291 396051 405893 396100 396364 394245 401725 402379 397197 395772 391820 387493 405262 397488 398801 402761 391136 407898 388496 397633 396512 398057 396764 397893 396055 395091 388852 391736 405255 400288 402768 395276 404795 406555 402732 403516 399345 404083 388796 401831 402611 405345 398676 397337 402528 401332 399896 393690 392053 396818 411654 393647 389064 397467 403255 402732 392914 409955 400566 408597 403901 396303 397599 402497 400820 408191 401854 395368 395574 391703 403000 389420 399469 391011 393366 406289 400783 570930 403761 405295
390575 402884 572355 388721 401956 405203 399475 393258 397093 403404 400198 400498 398035 397353 387662 393151 398121 391318 398105 393288 395047 402933 395416 400664 396131 389098 398571 399650 399027 400672 398596 395948 401921 408308 395700 403567 393322 399894 396057 398071 399842 398728 388571 407145 393828 396158 388708 391708 396199 405326 398843 394933 399636 391399 394944 399212 396703 400846 392112 398108 392312 402279 396075 398616 393225 390868 391116 395860 401491 395542 395151 394962 397642 392653 394448 393823 395592 396972 390456 392393 390849 399704 395276 388539 392415 392168 385782 401838 389588 401622 392138 402719 399238 396334 397068 403626 396149 396680 393106 397582 405982 403400 389323 377622 388727 385358 388042 380838 392600 390734 388459 397421 393832 389984 389537 382158 393292 387482 401971 392145 398859 389815 379354 395947 388027 398575 390372 393007 389660 393501 400292 391907 397552 393088 394550 404414 390528 395660 395132 397080 389705 391476 385741 394713 395047 389840 394658 391825 393074 390868 394575 386477 392620 398427 390890 389283 396360 392753 398981 390665 389278 390681 391640 393938 404607 399905 393558 388902 392882 394925 388451 388665 395362 400007 396698 391459 396903 391934 409299 396516 393782 394343 404409 388945 393262 391877 397338 389325 394362 392300 395819 394322 393011 388134 391060 390057 388983 392708 397895 392178 397644 388284 390423 393285 389632 403758 394877 401495 393650 396134 403275 396884 390397 395556 396781 398732 397103 405372 389534 397485 390017 398531 403681 396059 394018 395342 398187 398245 397251 396438 395102 385395 400943 396525 398580 403805 392972 399639 393767 396867 397473 399322 398873 398652 395577 395613 391917 394095 403044 393887 397153 397055 402750 404107 401450 402973 396905 402364 389416 395567 404964 401986 401738 392609 403771 404244 400126 394410 394586 391542 410687 396442 389559 397043 406545 405960 398476 405760 395938 404547 405579 394487 400655 407618 403014 407983 397402 390823 392200 392468 395544 386950 394793 394465 397099 406564 396672 570259 403491 404428
389808 408688 567049 388226 401579 406718 397344 391304 401731 405192 404853 401987 397552 402890 387874 394518 396902 392160 397623 391832 398222 404131 392195 399318 398208 390469 395851 403667 400285 400697 400181 399391 403280 405466 397100 400201 389137 400817 394312 400794 396673 400723 390242 406090 397615 397785 394047 395231 396496 404051 394757 393202 398445 393384 398408 400059 396874 401082 387908 394650 392093 402190 394611 402353 391570 393216 393717 397283 400956 393460 397909 395749 399029 392974 402474 388849 389807 397436 390871 398203 393192 400610 391335 393849 399929 394860 386623 399646 390906 396859 392594 403567 391760 399156 394729 408865 393882 394031 389612 395967 404303 402260 392825 381281 393581 387490 389646 384776 393272 397308 387441 397088 393882 387441 393037 390239 391018 393524 395821 393614 397320 391328 381340 401359 390551 392186 393336 392331 399518 394651 396775 390557 399149 396894 393171 403042 398496 391994 394851 389285 387998 388130 389085 390231 394221 389943 385942 394635 397404 391861 396751 390570 389194 398053 395176 391718 401202 389336 400140 397877 389419 386938 390189 393767 404724 398028 394766 389096 395673 395465 391090 389225 393447 398455 395654 392844 395838 392115 404740 394119 394825 392865 402156 389948 395751 388613 393820 392871 393855 391080 393710 395529 394397 390831 391176 386924 388337 393387 396519 387042 401123 386435 395000 393478 393578 406521 397287 396287 398265 400005 404092 398948 392980 397997 394758 399902 396759 407930 387140 397744 394166 389992 405615 397003 396111 398048 397204 396466 398698 397177 396174 390734 404998 393621 396212 401180 389734 402035 397355 396251 395861 399233 399728 397365 398019 394049 390444 392700 410640 397165 395875 397759 403460 400348 402481 399968 401211 405466 389054 400246 406576 399500 395819 397521 406944 400463 396310 393262 394935 391724 410873 395043 392169 396124 403382 399888 396976 407080 400778 407454 401086 389235 397914 402433 404018 400811 401643 392405 390847 385244 397115 392231 398271 396430 393610 404323 395976 573414 403367 404945
391003 407155 577746 386538 403117 403436 397362 390158 402082 404899 400418 403831 399222 404420 388926 399360 397354 390811 394305 393272 398613 400821 395071 398880 397408 393427 399478 399790 393498 400190 401304 395561 400562 410895 394989 399055 391472 394554 399296 401459 392841 402863 389775 406763 393377 394643 394488 391178 400093 407041 395004 392032 402431 391430 392608 399811 396849 399248 383104 395518 393248 400022 395237 394248 392834 390667 389523 395243 407979 389567 395245 393021 400499 392617 399502 392908 391048 394007 389047 397403 392691 401632 395510 390321 392146 395857 387819 403229 390424 396461 395499 400448 396265 395907 395262 406887 395569 396222 392510 398713 405099 402214 392250 380054 394109 385064 388226 388323 394616 394904 389446 392880 391631 388371 384906 389432 389435 392756 399877 391111 396608 394005 382979 399898 386151 393908 387998 387819 401732 391904 393727 391036 397792 395406 391495 397435 388489 390312 395141 394710 393201 386257 390668 392927 392812 390239 388205 388935 397563 392485 394084 390013 395944 397335 391421 392935 398127 391019 403139 392027 384040 388656 394073 392035 405118 401566 391586 391106 392622 395799 389567 391526 393980 395595 400667 392067 396626 388533 408689 397662 389806 395182 409620 391808 394709 393523 392224 391755 394199 389441 390815 398778 393711 385934 391862 386958 390417 389795 398170 394232 399192 392073 389515 393405 393387 402209 399221 399539 394925 397665 404658 396376 393309 395781 398625 396645 398718 404953 386144 396111 395677 394203 405166 396550 396052 396849 397515 399029 394852 396272 395740 389312 403842 400209 397680 404049 392144 403925 392854 394434 396864 403866 399396 400434 395065 394425 393027 393228 402434 395044 398801 395315 399191 404803 399107 401932 400547 409131 389288 402387 403636 400739 396071 399981 404228 403651 401136 391610 395624 390936 410160 395901 390061 400199 403309 402502 395997 404726 402587 406384 406725 394970 400234 404736 402376 404623 399293 397534 392704 388412 401646 386392 399348 393815 395800 408534 396914 567813 404357 407514
389289 401394 568319 387680 402874 408943 399901 391759 398540 403330 398969 405259 402920 397036 386651 393733 397598 388931 396043 392710 395112 400162 393549 400923 393004 390513 397634 402300 397403 401622 403587 397215 399732 411188 391469 398454 392632 399063 395942 399109 396465 399911 388877 402124 396444 391978 390911 396235 396647 407783 396561 395063 399850 392722 393379 395483 399915 396882 388735 401056 396048 399144 395743 396500 391427 388931 396595 397812 406548 393831 395203 391929 400412 386896 403018 390056 387561 395117 393788 390101 390928 400744 392262 391242 392567 397695 386480 403749 395142 392911 394543 402075 397210 395391 391628 403849 393375 395097 392784 394686 408914 397935 392566 378546 394285 385070 388843 384421 391940 397150 386233 401221 392354 388387 391651 387176 392021 385387 397131 389480 397485 384172 382900 397839 389177 392059 389126 389667 399383 392582 394436 391867 396803 395868 390467 402370 391917 390534 394806 396468 389608 391727 389010 390794 397476 386716 391034 391508 394842 391085 394699 389583 392096 396946 391469 391552 398569 391941 398686 392119 386761 388205 391496 394805 406328 403228 391645 393026 396288 398262 393042 391512 396380 398980 397110 393396 395172 391865 407070 393096 392034 390357 402622 391352 394250 393514 396453 398587 398241 393811 387795 391114 389307 390405 392056 384428 389068 391670 398766 392100 399346 388095 392254 395635 391262 405340 395666 403384 393056 397176 404980 401250 389571 398649 394342 396609 394091 407687 390603 402042 392292 394742 406844 395535 396468 397516 392250 398796 398504 398890 394348 394578 403887 396693 400354 405263 393576 403677 395713 395267 401166 401177 398714 397946 398585 392832 393591 388384 402444 398566 398701 394726 403633 402358 406208 402812 399682 404736 389780 400446 402526 403346 394950 394612 401205 398685 401462 387795 395302 392505 408043 396114 391493 395214 398299 399984 396355 409197 398683 408374 407906 389632 398187 403147 405303 404415 403065 397325 393413 387925 401220 391039 398332 393112 397976 403352 389518 569537 399663 402193
388702 409794 572738 391402 399749 407016 402020 392942 399208 402484 401886 399787 401724 402689 388837 397125 395744 391703 395814 393949 393913 404520 393201 401399 399657 392809 402888 405751 401998 397823 403296 404318 400596 407062 392333 402837 391802 395174 394367 396753 396192 400139 395179 407196 394874 394282 392620 395620 398089 402960 394096 393285 397589 390254 394650 396844 399326 399504 385999 399077 394867 403570 393481 397118 391169 392845 396063 392872 405883 394977 393092 393814 401221 395041 403086 395475 390797 396833 392369 395444 399190 397826 392647 392281 394254 393633 386830 397521 391943 394858 397203 400573 393366 399598 395537 405817 393729 399416 391050 394905 404797 398677 385842 378389 394315 386248 391040 387493 393977 396915 388251 399254 395351 388344 392192 387742 393106 391076 394994 394210 399366 389765 381594 402823 387600 397206 389412 389732 399657 394584 400229 392568 395762 390693 390363 400525 388835 388139 392790 396640 390288 391163 390554 392120 395251 387967 392382 390696 397670 393487 395895 387443 394222 395977 394249 391216 401098 391995 402005 392293 389099 393556 390253 394726 405642 398884 393443 391331 398540 395185 392514 387083 395398 401673 397289 397775 394959 390586 406630 392027 393615 390051 407680 391101 394145 391213 398970 395199 396391 391409 392960 392857 389521 389910 394350 384914 388320 392134 394351 390747 400637 390167 391570 396844 393122 402268 400406 401798 395136 398904 410563 404414 395638 397102 395739 402043 395186 406138 391480 401195 399992 394983 404355 401509 397292 394225 400722 397477 395530 401190 394322 392800 404194 396721 399454 405294 393340 406481 394638 393525 393712 399452 402097 401694 399409 395524 392853 397650 405271 396025 398342 393109 404242 402924 402762 401876 401766 405604 391500 405248 406438 401751 397015 397455 401359 403733 402242 394560 397414 391293 407686 395102 390055 397968 405867 401797 397403 405267 397515 411223 401615 395667 399667 405566 402270 401564 401830 392843 394502 390993 398945 388841 397598 392806 398516 405682 394864 572488 402468 405283
391932 404919 566737 387956 397600 407097 401123 390252 400165 404848 402977 396885 399512 401277 387531 396523 397746 391750 396775 391913 394535 397456 394157 401036 399251 391719 398254 401614 395919 401362 402997 400496 400675 407121 390397 400167 387839 401480 395414 401844 393556 401282 391192 401428 393508 394732 392483 397386 401614 409703 393730 395990 400928 391132 394307 398624 399812 398728 388489 396487 393561 398325 397348 398374 397112 392647 393291 397556 407078 390576 391020 393405 401154 391920 401338 391074 391457 400771 391931 396467 397940 400657 396010 392052 396894 398211 389038 402038 398185 396437 395075 402055 398249 401261 398994 408984 389691 398172 392929 393769 407063 404623 389834 379680 391422 383616 389923 384914 396228 398776 386186 397398 396874 387125 389692 389018 392090 389831 397126 391778 402119 391847 381351 397260 390228 395704 389974 390611 396427 391741 399029 387045 396273 391181 397109 404559 393238 391455 397351 394252 392954 387337 390089 393194 395514 386160 389454 388106 398264 388490 394698 390893 396008 396092 394034 393314 397828 393747 399466 386444 390880 391891 394215 397202 406909 400991 393238 390833 397857 397230 393504 390102 395885 400319 398161 398627 396013 388855 406200 393883 396100 391933 402651 393695 395892 389378 395643 399076 396234 391179 390383 390908 389367 386835 391135 384088 388332 391587 393615 393255 398227 388868 394409 396265 394802 403971 396324 406360 396947 395784 405017 396600 395594 400235 397654 398048 399197 409207 391061 402549 397649 395564 405160 395026 397963 393474 398126 398338 399512 397941 393693 390659 408607 400657 397739 401915 389726 404057 394403 398971 397049 399622 398245 400861 402092 392399 393858 389439 405459 401591 399466 395754 403598 404630 405320 405846 402578 408827 388565 401366 403322 405569 399831 398763 406489 404862 399121 393659 399009 392354 414530 393157 392290 398787 408532 401268 395333 406062 400692 406560 406436 394348 398419 406401 399918 407377 401657 393379 395487 389616 397803 385438 395272 395806 397495 405362 396774 570464 406986 404804
395003 404647 566805 387408 400292 404014 400068 389126 397100 398218 401830 408279 396688 399212 388304 394285 393342 391896 391976 394430 397693 401561 397093 400608 395377 391419 395448 404684 396690 396607 398613 399110 396136 410085 391494 400785 391258 400549 396830 400503 397054 402744 390464 404347 396587 396832 392348 395301 396152 406510 397135 394448 398329 394542 391738 399881 395893 396223 387377 400741 392361 397342 390423 395938 392570 392722 396052 394056 406760 391557 394981 396640 401087 387209 397599 392807 393080 395898 387991 391720 393344 400809 396341 393372 399596 393239 387399 402474 397046 397908 393442 405773 397084 396778 394113 405122 396174 394897 391802 392604 402317 401532 391186 379083 392349 385268 390065 391168 397336 396915 386954 398761 393793 389036 390352 391233 393298 395307 397519 396435 401086 388498 387484 400257 390253 401598 393198 391554 400516 392809 392885 387983 399459 393038 394191 404296 389800 391627 391867 396295 394875 391354 388305 393742 396138 388314 393007 389694 396037 393727 394698 390969 394214 398833 396491 388257 397521 395994 399648 392291 389232 390995 388728 393769 405290 400067 394638 388712 395097 397644 394848 386068 394064 403352 397785 391246 396930 388210 407715 394865 392364 387130 401615 392391 398496 391889 396103 395320 398601 394243 390465 390029 391520 389269 390440 384527 387184 391413 392866 393415 397041 388397 395592 396027 390630 402622 395645 403546 398359 398306 407392 403238 392951 396699 395643 397945 400563 407460 387886 397598 393723 399150 403539 398106 398450 396991 400683 400949 393443 400768 392388 390898 406939 393742 400522 405832 392811 405737 394438 396388 399342 398445 398605 401359 399789 393943 392613 393842 403388 396480 400271 394635 401215 403099 407734 407472 403403 405895 390242 399322 403663 400548 398744 398345 404373 402861 402983 393541 396206 390879 411687 398609 389715 396594 404115 404043 397388 403911 402606 410195 401045 400129 396082 405851 404248 405950 401189 393858 395887 389509 401563 384803 397511 392363 398278 403277 395831 574089 406241 402701
391734 406791 569985 388545 396567 406620 396453 391657 396430 402379 400363 399734 397894 400335 387373 396263 394452 387669 395597 389769 395591 398173 394816 400268 401335 393756 396880 399277 396872 392741 398719 398608 403561 412935 390657 399745 391853 399744 397918 400635 396904 402827 391316 407330 395307 392331 390954 392224 399015 408429 398014 394511 398730 395699 392062 399343 395681 399104 387015 401328 398239 400289 394851 397153 393585 393908 394999 395591 408330 395348 393833 398629 403136 395374 403769 393705 393018 396207 392395 397653 399287 399627 395507 393644 392746 390259 384247 405152 393035 398000 395358 400323 397884 399122 395389 403333 392728 396915 394358 396614 407171 400732 390272 379126 393838 387136 392014 390885 393102 392962 389521 401455 393021 384342 388651 385689 389459 391702 398179 393722 404707 395831 381918 399153 389454 396051 389840 393734 397924 392483 396962 387915 397388 392598 389409 399126 391028 391019 392683 395627 390167 388350 386858 390007 397967 386669 392204 390074 397374 394666 392486 390258 392593 395154 394765 389734 393783 389614 397580 394491 391621 392224 392686 392722 402817 396786 393550 391590 396187 396505 393683 388043 395935 397626 401421 394048 394211 386741 409260 400269 392266 391383 399993 393691 400227 392633 398620 393456 395699 397082 393339 391668 388913 391538 387213 388892 389205 393064 394501 392496 398033 389668 391949 394625 397231 400214 396190 404201 390923 402480 404632 398293 391401 393755 396704 397491 396870 408851 389698 397173 397703 393221 407069 396753 397187 397544 395986 401360 396920 402382 396912 386424 405454 403733 400549 408531 383281 401992 396642 394311 396762 398027 403718 399011 398522 392720 395456 397277 404542 396976 404733 396253 407804 404666 403473 406539 400607 405030 388135 402857 403998 402067 399498 399915 403321 403592 401448 392318 401640 394858 409210 394151 390973 395124 406278 402168 393181 408330 402182 410477 400123 394477 395765 405444 402289 406095 403919 392148 395275 391181 400642 393953 397741 395644 398254 402305 395626 571068 402051 404234
389680 407094 564817 386982 399606 408157 402917 390158 397930 401981 404451 403054 395644 401332 389479 393842 394451 392128 399147 388246 393750 398725 390850 400215 401270 389145 395024 406659 400196 398997 397713 397973 400428 407967 390626 396423 393675 399856 395837 405232 402524 404135 387742 406837 396494 394815 393594 392273 395332 407463 393869 393566 402541 393065 397285 400037 394028 399873 385656 397175 393228 403945 397365 395970 396771 392030 393032 390859 402810 391965 393048 393157 403657 393302 404155 391898 388172 393485 389896 395404 392608 402980 389750 393364 396632 396030 386232 403155 394768 397247 392919 401757 396821 398391 390904 404725 393200 397921 392728 393769 405442 403164 392513 381281 395198 387747 386548 389639 393065 397500 390337 397372 392908 385732 391286 383438 391931 393456 402863 392808 398724 388312 380189 399266 389859 395370 390959 389775 395286 396529 395213 389771 395389 394962 392464 403556 390219 391688 400010 399031 390392 390126 393058 392352 396110 387329 392957 395400 395325 390728 394891 389704 394190 398103 395989 389959 392987 390124 397543 389895 389127 393026 386489 394536 406443 401919 396944 388489 395452 397151 391532 388082 390250 398494 396809 394551 395399 393325 403343 398801 391133 392847 401395 390340 393733 391632 393834 394273 397245 397293 394601 393678 391575 389055 390264 385847 386787 388601 393759 393148 396348 389445 392238 398283 393361 401440 400447 401513 394546 398269 408548 398193 393444 394499 395336 394712 397956 413655 392241 402446 391358 396152 404227 395063 393788 393899 396225 405164 401881 400802 392614 388969 404109 397342 399327 402348 394828 406044 391015 396611 395726 401920 403958 396482 398616 399746 394693 395953 408115 396743 402242 396178 404256 405076 404074 407245 402885 409000 391319 403113 405915 406140 401151 399202 405174 406061 401945 397603 398756 391806 409432 395117 390873 397259 401984 400155 397209 408205 402406 407689 402108 399381 398988 403385 398221 401502 401519 395714 394060 389155 400503 386608 400626 392421 397633 402076 393805 572970 404742 403341
388608 407266 568974 389302 398183 405532 402237 391355 399741 394921 402116 402186 399246 403982 388298 395372 394778 390768 392934 396095 395511 399544 394375 398111 397741 392335 394019 399327 400512 402763 400192 399856 395907 407098 391391 398260 389019 396638 393058 401228 398145 398589 390637 404200 393459 392814 391772 393436 398121 406523 393315 394962 398895 390185 393033 402092 393418 399973 388168 397883 396011 403349 395672 399050 395416 394814 398188 400062 406826 393708 393153 394502 402299 391350 400039 396589 395320 398923 390454 393270 392452 399834 393452 391045 398437 395448 388561 399726 395116 396949 397011 401610 397445 402580 395266 407034 397208 394425 394747 396562 405407 400930 394637 379702 395987 384917 392605 387201 393413 395776 384619 399697 391775 384182 392418 391426 394228 387873 399343 394446 402269 390357 384327 399358 391211 392876 388305 391112 398017 385983 401623 388998 399369 394640 387531 406186 389439 391443 394884 396541 389710 389875 388631 394203 400059 388631 389877 390019 389145 391800 394246 391190 392557 397160 393462 390823 396614 390227 399341 389781 389075 389165 392564 392996 403492 401981 394358 388030 396221 393917 383848 391739 392314 398906 399501 394574 394086 392374 404979 397710 394517 392383 405353 392905 397858 390984 398727 396367 395003 391783 395678 391768 388821 391240 391872 389839 385214 392723 393014 393215 398798 390199 394842 391792 389298 405581 397274 403789 393943 399067 407458 401942 393415 396635 397009 399338 392504 409234 391317 398163 393857 396824 402694 395935 395687 391157 401675 402767 400110 399440 396351 390565 406400 402464 402174 404180 394558 408752 397380 397450 396766 399320 397055 398884 399405 391727 392768 397596 403132 400178 398891 398117 407359 404227 405449 407278 404584 409572 393329 402027 409154 401778 395946 399975 404457 401373 401675 395883 396302 388840 408477 397906 393917 402094 406594 399766 399840 406178 404361 408282 399061 396970 397191 408167 401366 407200 400428 394616 394591 392613 397437 387414 395306 390931 397764 405640 397940 573702 404935 402370
390865 405624 572483 385898 402929 409697 399112 395170 400382 404115 402655 399174 400071 395777 386906 394994 392067 391083 395520 390933 393639 402662 395216 402893 400187 388486 396387 397679 398884 399523 400973 395622 398112 410220 397216 402564 394142 397940 397231 398433 401321 399310 391752 407250 399228 393506 391627 399368 399765 406451 392970 393632 399826 392446 393438 400422 396146 403210 392737 397672 394748 405177 399021 398493 394455 395068 395269 399139 407532 394450 393571 394921 403407 396488 403069 397549 391787 397046 391701 394773 394558 398853 394568 395180 397883 395170 389186 406790 396249 394510 396858 406379 401463 396718 396399 407573 399188 400717 392989 395954 407279 405086 393129 382369 395951 388228 394900 390860 396730 397179 391776 397789 393401 391294 393180 389796 392849 391144 404892 391761 400650 394715 384931 401556 385559 397428 389112 395119 398219 393875 398241 394819 393552 395442 390033 405661 391838 390468 394213 394121 394696 389801 388083 390097 395192 388589 392384 393577 398982 389680 394154 390613 394606 397779 395765 387633 403570 389034 395122 391842 388690 393848 389560 397876 401865 399116 396483 386317 397150 398868 390373 389492 392333 397179 396680 392734 396351 390457 406289 394145 392212 389264 403407 391107 393722 392998 397065 394238 395722 388599 392351 393067 394586 393181 391807 388719 385313 391328 395375 391592 396522 395600 387907 394397 392519 400519 396836 403179 398213 397787 405356 403904 393933 396889 397882 398404 397838 407350 389058 398568 396565 393404 406003 398350 394172 395190 400333 398792 395713 401565 390593 391571 406673 397119 401153 403062 393448 408352 394130 396226 400208 399856 402013 398727 396600 395946 396885 397921 406260 399685 403089 396739 405479 407541 403944 406397 402057 400535 393106 404613 405789 408615 403956 402479 406281 401682 402325 397018 395043 395299 413380 400291 392174 395496 403749 405570 401118 409862 403811 407579 403423 403310 400667 405622 404568 401121 401807 392736 394441 388610 405446 390198 398680 392950 395586 405286 397453 575018 407779 404259
387089 407919 567809 388341 398983 404414 399869 387225 397096 402911 400674 407461 396856 396618 389500 393038 395366 390098 395813 390585 394947 400965 392372 400912 400409 388955 399715 401622 400476 395928 402744 399855 397442 407310 389143 396079 392271 398316 398082 401794 393915 401776 395855 408411 396690 390389 390373 396172 399599 406488 392381 395331 400265 389989 394883 402051 399940 398639 390613 399980 396036 403164 397141 400248 394436 395187 394749 397878 407223 393827 393899 393599 405631 396142 400238 396291 392164 397497 393328 391372 398836 404029 394103 395179 393260 392850 387756 402414 393168 394105 396748 399510 396555 398765 398346 409826 396558 395199 394787 399155 403986 401562 392433 380120 393277 389785 392540 388935 395668 400048 390991 395647 394663 388250 390143 386476 396982 393037 400916 393035 404580 392171 383414 402820 392232 395844 388253 392193 393861 385692 392320 392268 398008 393733 393959 403805 391222 395331 395188 395559 387789 387819 391195 389431 396275 390427 392230 394972 392068 394458 394385 389104 396170 397327 393097 386535 397074 389840 399978 392800 390233 395220 390811 389348 402758 401686 393454 388698 395930 395996 394090 388771 394223 397975 396170 394475 393945 387283 405778 396886 391447 390011 402166 390542 397717 389178 397634 392068 391026 391846 394374 394659 393673 390796 395346 388885 388495 391241 397589 387832 402226 393422 389166 392034 396176 400926 400840 401732 392457 400074 404390 399641 395522 397435 399123 399393 402298 407761 390118 397482 397152 397589 403014 395821 397259 395911 394955 400116 397973 401690 392967 387546 405790 394398 399934 401349 394038 408544 395235 395398 402123 396971 400535 400287 400892 397533 396272 396137 402487 396933 402176 401051 402250 400040 404591 401955 403970 411304 389723 406087 408930 402422 403655 400014 404141 404760 404309 394828 393054 391447 409622 396535 393539 400144 406159 402528 399940 408618 402400 407849 406657 396329 395569 408344 400871 408511 401863 395786 390199 391200 401889 392126 396010 394486 400538 404749 395844 575938 397456 405386
388677 404923 565702 387468 397234 404364 396739 391202 397852 401142 405460 402238 399901 404826 388978 393782 398099 391219 389710 389961 393831 402965 392277 396124 396450 386518 394871 403400 396016 398504 401618 397434 399632 407855 387464 400520 394745 397282 395593 400473 395896 399045 390024 402306 394677 394726 393991 395738 395966 406279 393082 397626 402595 390167 389596 403902 396716 398846 387434 397053 400548 400683 398044 398797 393373 389972 394832 393679 407234 395444 390911 397026 402203 393206 402099 391947 391014 398562 394184 394385 395538 397035 392773 391187 398317 392711 391009 401435 393996 398243 395681 399348 394605 398774 397443 408521 395507 397033 396507 397381 407636 401527 392781 382658 396967 387474 392448 388638 395342 393582 392497 399328 394356 386895 393172 389453 393104 391648 401084 392288 398554 391288 387430 395281 387512 392667 392378 387560 393471 390765 397750 386555 395636 392309 391932 402852 391212 392353 392236 392085 393322 388619 386267 388769 392671 386642 391621 400608 394292 390408 393631 388232 393473 397454 394502 387465 398445 388282 399075 389415 387500 391017 387751 392803 405243 397565 396406 389063 395753 397632 391566 388765 392331 402196 400897 393172 393052 391378 411720 395021 391899 389305 401247 385711 399137 390519 392882 392208 399349 393860 391944 395011 392552 387393 387354 388910 389347 387956 400025 394476 398017 389484 388453 397559 390341 402676 397540 401477 393292 397375 405920 398289 396045 395438 394625 399352 396444 403136 393342 395482 398895 396507 401622 398222 398531 393390 397650 400464 399019 400799 396486 391823 403786 399884 398006 401305 391266 401297 393901 397828 395028 397580 399242 399237 398489 393022 392816 396458 403184 397525 400606 395639 405578 402569 404375 405603 401500 407604 390657 401868 406423 404372 401015 396017 409209 402321 404874 391877 397633 396254 415244 399146 394058 399715 399813 404916 397474 407830 402188 412442 406366 393474 400315 407778 403072 409136 398247 393776 396080 394231 399968 385976 395540 389899 398622 406811 397290 575908 399854 403721
386035 408129 571770 389592 398673 403723 401602 388520 397542 399741 403928 400147 399429 400712 392758 391631 396957 389773 395187 394667 396566 397897 393855 402854 393189 391901 397462 402683 393797 398874 401206 400125 398822 405693 391902 395225 389555 401181 393817 404033 396750 400287 391776 404610 395560 394953 385845 392781 400940 403619 397785 390991 398405 393671 395156 397326 397515 398523 387016 400363 392444 400784 397116 396319 397399 393128 392994 401960 407507 393243 395350 396887 401318 392472 403498 395335 392180 396394 389961 397485 394293 397091 390694 390012 394212 394879 391479 402585 391702 399738 398201 401685 397579 397481 396744 408788 396000 398765 394818 392251 410145 402191 389792 381019 392489 387821 389690 389893 397049 396071 387963 397419 394581 386489 386840 390792 389420 396305 397014 392684 400978 393243 386648 399734 387241 399341 391116 392058 395165 394610 390817 392053 397742 395244 393466 407886 390870 390533 393692 391646 390951 390002 388606 390757 398598 389660 393367 392814 393610 394113 397759 391324 394686 400012 394870 392716 396641 394087 401872 393946 393518 389592 394899 392823 403056 398664 395415 391799 394891 393904 393341 388158 396288 400444 395141 396927 396931 391164 406889 396681 392717 389415 403436 389803 390303 390972 393369 394832 399209 392314 391913 390955 393037 388840 396042 390754 388543 389508 397065 393016 401069 387666 389872 396132 392804 403583 396433 404919 395234 401673 407401 402071 397244 396438 390648 399421 396315 407037 389780 397558 393846 397938 403610 398075 396772 391886 403291 400052 398068 397119 396054 386716 401458 397628 397867 403734 394221 406027 394600 395754 395212 394977 402819 401556 400203 395125 392186 395321 406078 404582 399611 398352 405079 402966 404165 407354 397990 412044 388797 405302 405123 401748 399812 397061 407319 406492 400851 395560 395784 391974 413756 399371 391801 400821 404170 400996 402052 408380 401326 408954 405410 397289 395044 403111 406188 406472 400225 400263 394403 391536 400459 390760 396638 393501 399943 405777 397758 572880 404599 405246
388445 402644 566875 387406 398562 401510 398172 393136 394836 397156 404621 402059 397864 401935 385296 399230 398655 388375 394483 389576 392187 402220 396538 397855 396638 394230 398324 398807 393139 395549 397335 399946 398457 407871 389526 402483 392233 397916 395673 399810 395491 402737 395836 403381 394168 392818 390411 396646 395093 408311 393516 394857 397270 390750 394641 399649 397978 401806 390456 399705 393930 400482 395546 397397 396502 394901 396756 390446 408289 392469 394107 393191 403561 393331 398613 393643 389268 396329 390137 395048 393740 395351 395924 395377 394395 395953 389542 401888 393639 399989 397568 399710 400683 400309 400365 408907 396627 394787 393576 395265 408119 402062 392201 381721 395838 384678 388531 389667 393808 396380 389393 398641 393792 386309 389212 390305 391476 389799 399030 396764 399057 394400 384466 402176 387231 390533 390424 396719 399190 392551 397353 393559 392883 389822 395800 402401 394144 393237 397397 397240 391049 384778 391931 395009 394391 387471 393530 392926 399208 390152 395424 389719 393846 397596 391279 389662 397218 394695 400307 389831 387589 391540 389416 392610 402630 398219 392296 390257 392982 394130 390101 384890 394786 397934 400149 392061 394730 385728 407552 397106 393388 393702 401018 390283 393527 393437 394738 395719 395861 394121 393056 390131 391886 388913 397534 389664 386167 392781 392728 396000 401063 390027 390206 393612 395673 398868 398932 403127 396318 399567 403163 398808 394892 393534 394351 397621 402468 408134 393786 401720 396657 396216 403171 397925 395691 395531 397985 397218 393588 398878 397822 389814 402147 400924 400574 405933 392837 402737 394655 402850 397890 399533 402314 402699 398080 393164 390997 393709 405031 394954 402006 394750 406492 402939 406159 406594 404864 405961 392312 403007 406713 404027 398002 403928 402549 402633 402516 394006 400395 394137 412174 398079 395493 397637 405326 404162 400755 405004 406793 406494 403300 399073 403818 405294 408344 404999 401248 395832 394019 392485 404439 389233 402402 389198 401194 405163 398619 571582 403309 404212
389030 406724 568963 387258 401114 405202 400777 397705 397494 398231 398958 406089 396323 399420 390498 394144 398528 386083 391694 390155 399985 397976 390791 399125 397680 391750 398839 403204 398998 396678 400202 398254 396669 408036 388882 399119 388164 399667 396229 399435 401390 402929 386879 405270 396745 395072 391619 395218 398499 408587 395446 396708 401049 391040 395613 397941 397684 401035 388099 400525 390126 405285 399494 396264 398542 393416 395851 395339 408598 395118 391046 398446 403986 394972 395857 393326 393634 396126 391100 393784 391671 399088 389784 390731 396065 396328 387930 404743 398107 397719 396308 403626 397162 397442 398846 411243 394042 396691 398582 395094 408454 403920 397851 380215 394469 390085 394424 387759 397037 398320 391924 399806 394397 391012 389161 392801 393520 392532 397812 396917 406266 390584 385887 401922 389675 395160 390927 392333 405090 392505 395993 391183 395214 392913 393577 403640 392548 394614 394884 398351 387686 388632 386247 389293 394319 388082 395121 395233 395247 391716 396650 388397 392035 398714 394750 390615 400573 390650 397317 393186 392897 387264 390655 391031 404161 395159 394138 389146 397414 392874 391744 390298 395341 400250 397779 391905 396341 388267 407763 393361 391259 396715 399152 391615 395360 392586 391345 393942 392476 387288 392230 395150 392232 386927 391666 385560 387752 390757 397194 394226 399499 385692 392554 395109 395598 404717 398128 402507 397595 397312 410726 402057 392586 397674 394365 399054 395765 411664 384720 399699 396795 396511 402931 397727 395245 393558 399708 400625 395371 400920 399042 392956 407491 396514 398826 405292 392128 406109 396894 397552 397294 400598 402530 397757 398544 396336 399103 396004 404587 397498 399340 394595 406049 403214 403920 406025 401155 406116 392845 401923 408608 406228 400650 399408 405857 402185 403639 395975 399146 396283 411952 400310 393812 399794 407194 406372 400917 411940 401602 407321 406680 397487 403644 404859 402095 402687 401194 394644 396190 391342 398850 391160 401127 393841 397137 401984 398109 572273 409001 404989
392196 405310 572321 387572 397107 403733 402199 387277 396537 399835 400661 403477 397343 401086 386854 400187 396864 391469 393738 391416 391124 401837 391088 398419 397794 390703 395954 398248 397931 397636 404353 400080 401701 407296 394608 396926 391018 399464 395929 403202 399081 400472 393199 404272 394921 395895 392340 395507 396039 405665 395253 391639 401977 394491 393661 403118 398237 399700 390576 399628 394244 402027 395741 402625 390760 393606 393049 396904 406745 392091 394833 400123 402991 392063 404108 394287 390676 397865 388495 395215 392356 399684 396033 393342 399347 389393 389955 406712 395493 399089 392968 401621 399042 396353 395459 408435 395515 396958 394482 393211 403421 404737 395722 381152 394378 390464 392343 388443 398312 397153 391540 395346 398862 388694 396015 386682 396107 393712 403834 394121 405155 389517 383568 401200 388686 393953 389938 391418 400850 396728 397917 395645 397964 395302 391397 403416 392346 393960 396219 392635 393649 390003 387667 389318 396726 387071 391659 392043 400592 389631 395136 389523 396054 394129 395555 390482 398657 391075 398803 389765 386411 391387 389769 393609 401864 398837 398822 389948 395208 399276 387350 388810 390423 397897 396454 388972 393078 392471 407995 396424 390701 395479 405246 391071 396019 390419 399523 389496 395030 397529 390435 392425 390454 390700 390380 385003 392697 391092 397365 394303 402896 389377 394097 395393 394700 402407 397988 400833 400993 396245 403552 400503 392518 396781 397995 403124 397613 406110 391629 401032 395674 397040 404865 398482 399284 395338 400591 400721 398184 396982 396649 388257 404286 400170 393099 399884 396581 407859 393701 393049 398434 397294 404754 397443 403530 392038 393234 390925 410449 398739 402770 398802 407567 404546 404874 405954 402465 407915 392280 407338 403115 406507 400684 402624 406400 406932 406076 393014 396004 394725 413153 398554 392430 402973 407305 407396 398336 412932 400529 411509 403201 396189 403158 410626 407391 405881 399075 397630 396362 392113 399085 395141 400401 394464 398645 406139 398998 571639 403568 404335
389855 405992 567451 385513 398499 404279 397670 395697 398446 399755 401616 403695 398808 401161 389047 395102 394667 391032 395838 393774 394889 402671 394509 400925 393249 391562 398527 399887 397976 397107 400337 395736 396788 408355 390460 396631 391909 400178 398985 399460 397493 402429 387031 404825 393208 394990 394659 394153 397876 402196 391206 399519 400284 393489 395751 394893 398388 399136 385763 400939 394661 401793 398676 400019 396800 393479 394688 396841 403636 394696 394979 395889 398361 391444 405223 393427 388146 398203 392373 392775 395099 401255 390431 392655 398369 394791 390086 402900 392088 400323 395861 397773 395875 401983 395807 406768 394048 401200 395150 396070 403129 401563 392814 379696 392315 389331 390375 392556 393002 396296 396567 400826 394186 387141 392724 387644 393591 390811 404621 396467 402311 392378 385743 404540 390411 394850 389339 393041 398050 390962 394230 389491 397888 389552 389635 403246 389645 393377 396699 397114 389846 393598 390359 392611 399630 389537 394424 391897 396102 394166 395662 393470 389900 392408 393321 392359 398141 391253 400135 392761 391296 390484 387751 398369 400296 396451 397081 393118 396867 395026 392125 392408 390759 398567 401059 395692 393188 393463 410790 396479 391962 391271 400240 393645 397918 393101 394203 395016 399150 393367 393199 395174 391711 390700 389264 390419 385982 393805 393882 395195 400710 388416 390747 395594 394725 403942 398063 404363 397877 397577 404797 399646 388967 397581 397333 398695 400404 408593 392100 400735 395013 394626 404479 403578 397159 392920 399184 392813 402389 394534 394525 390182 402346 399700 400096 403375 392543 405031 389880 399551 397443 401867 404675 399706 398817 394656 396849 393832 400359 395845 399733 398993 403028 407114 403512 404960 404331 410353 390790 402091 404853 403984 400009 398915 410294 402300 403264 396003 398679 397924 416906 398539 393875 399884 408049 406226 398396 410784 404432 410248 406511 394254 398131 402463 402623 407448 403435 395856 395450 390669 403081 389200 398953 394112 399132 410764 399287 573337 404967 407702
391102 404019 569973 387350 400619 405212 397546 392413 398110 401743 400218 403033 397064 400372 391580 394555 395436 391639 394053 395222 399839 393746 392191 401150 392776 392471 394101 399081 396767 394206 400676 397448 397000 411481 391955 398475 393779 399230 396700 405544 400501 401538 391402 404811 393423 391775 393630 397070 391485 407488 392906 391656 399272 393008 396933 395468 398852 402044 384404 395240 395101 399039 400126 397700 391077 392003 394018 394434 405166 394274 391975 396979 403365 394638 401395 394546 387128 400773 389404 396576 397760 395328 392156 393419 391359 401854 387073 403895 394095 397793 397161 402496 396424 401344 396852 404405 397260 397611 398510 394486 407477 401310 397106 380645 396073 386591 388966 392223 392667 393947 385451 396287 393023 387473 391441 390285 390768 389007 400824 394271 403862 394138 383424 402003 388035 396378 387733 392405 400852 395393 399950 391938 399402 392659 392658 406785 391580 392318 398585 397334 391313 387235 391144 393637 394693 388258 393011 394189 397548 397313 393715 392934 393782 399428 393851 390357 394313 396759 396374 393098 390578 393130 394031 389589 404798 399127 389301 390096 396941 398785 391682 391028 395238 398545 402900 387560 393091 390677 410210 396922 390726 390073 406733 389247 394013 391393 398835 398070 394150 391697 394312 391591 389383 391117 394653 389315 387283 388147 394518 393460 399760 393096 390286 397187 391530 403850 400831 400202 396473 401191 405779 403758 394168 402459 398346 398041 395558 406301 388722 402087 396284 395921 403598 401186 397276 390824 399043 397576 396681 400396 395474 390254 402806 396073 399732 404537 395175 406286 393031 397888 395104 400264 403619 397060 403831 395497 391465 390425 408362 393832 401349 395557 404111 405443 408978 405947 401567 407700 388475 403664 406277 402640 404333 398088 406507 403337 399125 394220 402524 392549 413454 400145 394848 401339 405627 403452 401996 412139 406032 411275 407799 399504 403324 408138 403043 406706 402956 395711 392043 393855 401701 393056 397435 391800 400798 408657 398230 573267 404067 407512
390625 401991 573900 389423 399590 404230 402105 391766 398883 401780 403605 399069 396030 396617 391721 396366 395714 390489 397657 396938 395813 402382 388974 398112 399266 392266 394284 400772 396339 396361 401540 398215 398957 409471 392048 399984 390481 394982 393667 395282 396760 401136 384623 405711 392386 394046 391592 393209 395393 402208 395526 393939 395170 392891 392691 402599 396257 396864 387790 400654 392346 402064 399545 397902 393045 391815 395810 395090 403883 389135 394447 397347 402267 393264 402393 398362 390907 398172 390055 398458 392464 400927 395815 391186 399850 394133 386395 404781 394933 401351 395730 400950 397465 396972 398741 409329 402705 396352 392497 394247 409979 404602 393660 380793 392453 388613 390757 389537 394911 401092 389610 397341 397296 388773 391123 388118 397551 394746 402078 393225 400894 393836 383121 403060 388718 394132 390442 393410 404303 391428 398581 388117 404435 395329 394025 406755 390946 397144 398712 397000 391265 391484 391501 395372 399393 390267 393879 391782 397190 398527 399648 391443 391137 397148 393148 391440 397143 392140 402446 389613 392731 390500 390148 394538 403590 400150 391084 391213 394682 398516 386901 389397 390984 396868 397734 395122 394463 389560 408385 396276 392695 393846 403072 390328 390172 393501 390598 393865 395483 388153 396279 389283 395110 392382 393004 386358 386663 390366 389861 393536 398556 388517 392441 396085 390339 405413 398605 403553 394768 395903 407299 404972 393777 397132 398950 397319 399482 412604 389582 399398 393714 400858 402149 399815 397267 397024 399995 400297 401306 399249 396578 390621 407055 400074 399816 404271 395241 404883 392343 398848 396515 402471 401260 403847 395799 398946 394108 396346 403404 399366 397305 393999 405858 406240 400692 405417 405610 406642 393124 404767 407497 405743 400826 396589 407015 404693 407805 393113 400531 393850 416443 397048 396939 398942 408377 402291 401611 410690 402482 415811 404790 396094 404162 406758 405993 408188 399820 401842 396119 396233 404585 393071 399205 392655 398315 405969 400605 576988 406234 404977
390918 408407 572919 389537 404252 407931 401880 390014 394363 398912 402391 402972 395850 400396 385230 395325 397153 390387 396012 389612 393389 397559 394649 401810 400401 390140 396254 399735 398873 396148 399178 395755 397271 411146 389755 398189 389314 402480 395401 396866 396090 395913 392591 406047 397703 391740 390127 389789 395854 407445 392910 393396 399640 386485 390546 400833 398063 397027 389135 398819 395837 404669 395963 399403 393825 395085 393613 392363 407235 390874 392788 395776 401535 393651 399208 395241 389691 399935 388932 390984 400166 394266 393056 393611 393723 396469 389390 403407 394526 398954 393288 403290 399437 401076 398036 410661 394925 397797 395691 395837 402994 402946 392570 382378 395202 386456 392150 387896 397264 396085 392531 399915 395141 389124 392742 396061 393126 391938 398617 392285 404969 393661 383319 400734 389373 397565 388562 396614 404150 392056 397805 390689 400090 397360 394930 406137 393372 395262 394484 401318 391546 389815 391495 391702 394663 391397 392745 394803 394007 394561 395117 392835 392609 400685 391760 389414 396232 395639 395593 391683 386990 390962 389649 395088 404364 399324 395156 391461 395234 398306 391147 387537 395386 396396 397259 395444 393280 394327 407740 394043 394360 391583 402718 391602 397511 390413 394187 395286 396099 393740 395113 390319 394040 387207 387591 385103 392427 391623 400314 392924 397373 386727 388538 395935 390810 403491 397501 401068 395937 400052 409558 399111 393246 397889 395584 397948 395417 406325 391297 395844 396437 398640 407009 392792 397791 395311 401089 400434 397328 399023 395890 389355 407172 398382 399117 401411 393103 405760 392958 392871 395652 400452 402054 401918 400280 399144 394495 394063 408096 400261 398975 396760 405567 402212 405457 404539 396559 412646 391926 405332 405745 406095 401847 398562 402954 407685 400938 396309 397486 391426 409979 400030 390410 400578 405281 405586 401471 407931 407775 407433 410154 395311 398472 407049 404395 407998 405974 392969 397120 393805 404084 393550 399600 393991 402595 406005 401504 575062 403469 409734
390956 405012 571107 389205 401764 404411 400470 388809 398923 400561 404443 402952 397041 401670 391038 397598 399403 392394 399100 391311 396694 402918 396512 402351 396902 387921 400031 396336 395321 394013 400623 396672 396452 407663 388558 399064 392506 398127 395504 399661 399079 400052 392758 406563 393716 395291 389528 394594 399035 405194 394110 398006 396448 390459 394671 396498 398233 400614 384007 392116 390889 400709 399128 395861 397350 392650 395359 396545 405440 394882 392276 396622 402966 393804 399785 392287 392342 393798 389555 394071 396233 401383 394225 394661 392956 395945 390810 401536 394304 394950 396127 403458 403238 396709 396048 408103 397261 397809 393543 394725 407533 403207 392817 380782 394639 388685 392486 391541 393336 393565 391439 398316 394047 393473 389758 391676 391436 393219 401472 395454 407606 392725 382546 400161 391426 400332 393385 399246 397998 393588 399521 394272 400585 395463 394311 400725 393089 397706 394147 397074 389419 390092 391340 394983 397953 387903 391702 393475 397154 395084 394616 390790 396443 399727 397849 392045 404379 389614 398350 392909 390090 394004 392916 398825 406889 400612 395039 392975 394466 398061 394140 386806 395719 392953 394901 396168 395707 391500 404440 397350 392506 390059 403353 390192 392466 391295 394016 393296 396026 393102 393394 396301 388787 387668 393348 386206 389418 390102 392248 393966 395796 390569 391464 393471 391547 405462 401366 401984 397556 399647 408195 402084 394907 397372 399173 398784 396442 410641 388188 402312 393707 394902 407261 400744 401046 399324 400765 398259 396009 399241 398678 395434 408305 398441 398201 405391 397965 409684 392294 398479 400605 397492 401034 399120 398624 395672 394961 397404 407695 397482 401030 398218 406168 404421 406115 408568 405520 408851 391312 402880 408584 406618 399872 402428 405911 405157 395521 391414 399414 398141 412108 400554 391823 401420 406410 406216 399866 412070 406079 411231 405313 396586 399841 411597 411438 411363 402541 398814 394106 391178 404264 390767 396627 395209 398130 401349 401861 575894 403229 408471
393051 406711 563648 393501 396098 401473 400296 390086 398841 399896 402449 404313 397047 400119 387298 393039 396699 390061 392459 390355 394711 401696 392467 397700 394190 394497 395498 398640 393368 394329 402173 398268 397186 409858 394443 394498 393483 396428 395544 399929 395469 401876 391550 409054 396193 392532 384459 395495 394584 404318 395717 394100 395834 389828 391362 399476 396324 400947 384911 398838 391533 406328 395197 396739 393467 394416 398821 395270 404252 389765 394995 394271 400450 393234 399520 394466 389660 399410 394223 393859 393658 397884 391741 393972 392072 394930 387419 405389 391485 395683 393886 403920 396022 400193 397858 407517 396882 397453 391829 394940 406190 406081 391525 381215 392436 385469 390376 391215 392825 398636 394376 402770 396567 390520 392706 387998 394600 389540 403205 395088 407015 391356 387966 406029 392984 392713 391237 391477 403364 394548 393059 394661 402951 395187 392503 408083 390910 393550 399966 400883 391846 387744 390879 395933 395283 387390 392321 397112 398765 392160 398832 397417 393711 399040 394587 391654 397311 394274 403739 390526 387150 392238 392009 394941 402236 403421 394581 390591 397509 395886 391394 389313 396516 400284 395848 392950 392790 386400 408096 396193 394172 392910 401662 386486 392709 387323 393595 396511 399679 392772 391885 395586 391503 387953 392109 390236 390247 394585 394661 391622 396705 389798 391233 397564 393936 405950 397938 403584 394663 396558 404893 399331 395155 394370 394318 398806 397622 409899 388565 397974 394920 396235 404983 395210 396473 396868 399932 399221 396286 402179 394300 394061 406780 396825 398791 402396 393868 406051 396719 397772 394421 401752 399426 402593 400276 397969 390680 396818 403464 400110 403453 395944 405628 406216 411608 404345 401950 405022 392602 404909 407964 407123 402068 398843 411308 407053 401152 394668 398348 395542 411238 397528 394505 396362 407553 402805 401519 410603 404950 407418 404929 390913 397363 406392 404629 407444 402286 397632 397305 393664 404947 391826 400862 399237 399583 409401 401356 578082 407020 402734
394661 406179 568546 388150 398985 406014 396039 390977 400154 399511 401099 401387 398898 396862 389308 395290 392639 383606 398416 389681 391899 399720 390118 399390 396698 384019 400537 402733 397492 400669 397753 403329 401091 408850 386406 398300 391975 402283 395446 402474 395780 398992 389338 403536 394255 393000 393672 391920 398354 402447 394374 391828 395341 390828 389969 398798 395078 403013 389648 396616 395551 399069 393333 399472 393618 393272 394572 394693 407652 391893 392727 387530 397375 392560 396487 392999 387146 392386 390515 393748 392835 402734 389375 391873 390542 394714 389103 401333 397229 396704 395076 403354 399195 396704 394801 406438 396780 396666 393298 393148 412563 401773 394427 381187 394222 387940 394419 391117 395125 398675 389350 398108 392221 389958 391148 390671 395165 393048 399544 393653 403897 394073 384393 401576 391839 396194 390374 393280 398871 396421 398769 392168 402913 394076 392777 405374 393328 393392 398897 398070 390991 392197 390188 393260 396305 389482 393627 390432 398631 394905 397232 393232 387663 396723 397012 391045 401019 391241 396903 390843 389773 391339 393642 394846 404294 404010 397089 392504 396727 397285 390456 389498 396257 400664 397903 394448 395684 389383 407415 396086 393800 391335 401754 387663 396532 389915 396138 392047 396514 390184 391312 392533 387512 392769 392100 386769 392208 391183 393681 395091 399077 391767 389926 393792 391514 402467 401436 399671 393437 396535 405028 399434 393774 395016 392446 401133 392586 407833 385265 401711 397584 393956 402403 396615 396460 392350 399555 401469 395156 398520 397906 390839 406205 401373 399499 399748 392855 407660 390843 399132 396519 399373 405587 404744 398194 392144 393701 395562 407680 394566 401042 404782 403612 401340 405216 409057 401370 411675 392053 407986 405492 408004 401204 397813 404387 409930 404141 396723 399748 397229 415170 401133 394283 399783 406539 402527 396186 409021 405838 405202 407175 399683 401920 405293 404084 407966 408250 393358 397427 390024 405746 391383 399372 391612 397795 411088 403238 573852 411017 405965
389680 403784 569447 385917 400150 405140 394881 388433 395064 399713 399061 400819 397346 400454 389783 395293 400222 385664 388791 391651 393808 403247 389762 398764 395120 392291 394999 395906 391987 398096 401018 397117 395933 407244 393340 401321 390139 398480 394941 398189 397044 399761 388213 404240 396227 387990 390563 391554 399903 404583 397342 395136 399165 392347 391818 400909 395687 400402 388557 395926 391003 400356 394021 394826 394754 392457 394599 393374 403853 391501 396079 400376 405285 391283 400053 391813 390578 397823 388731 399542 393955 398041 391289 390934 393823 393609 385830 400383 396797 397215 394413 400360 397248 400007 398619 405876 395983 394031 392261 393839 405266 400408 393039 382018 396095 388673 391991 391577 392523 398474 388630 397875 391494 387076 393710 397444 395218 391642 395217 398645 404780 391059 387982 401625 392209 397596 388211 394312 398508 390988 398914 392171 398947 393012 394400 404155 393835 394317 394710 401221 394365 395854 390752 397120 400679 391466 394558 394489 397180 394363 397048 393683 396352 398789 395850 392214 400207 389393 399750 393730 390791 392353 391272 396900 406353 401033 392528 389052 397205 394495 390166 389366 392192 400104 402341 396435 397029 393421 404711 396023 393202 391040 400323 391747 393827 388015 394863 398392 391209 391031 393390 395291 393403 388563 386722 388486 384667 397114 395162 390256 400019 388018 387893 392681 397127 399842 393666 401892 398360 398331 403573 402187 392942 399005 390881 391716 401280 408269 390624 400961 397079 399209 403822 395581 396990 391227 397114 395412 392393 400745 396124 389580 404009 397622 400101 402078 394070 406309 395909 401047 399422 402581 399172 401662 401132 397381 393991 398489 406364 397705 397507 400949 405649 403704 405779 407658 398330 409372 395285 401365 406873 403963 403284 397953 406693 405243 402366 395689 396110 393655 413182 398799 395027 399261 406343 409685 402377 410396 407030 414871 408342 396856 401823 411042 409147 409858 402881 398830 395568 393590 404387 391764 399754 396123 401323 409161 400438 572289 404655 409596
388069 408382 569738 390006 403421 403710 396569 388557 395518 401877 401557 395354 396412 402634 387880 392697 392010 387268 395505 391734 392592 401188 391871 397537 393089 390792 393542 400270 394770 396345 401010 398959 392299 408722 389770 394853 388809 400730 398579 397290 397443 398278 390311 402404 395204 395345 388295 392772 394135 402515 394904 395010 396805 390832 397724 402722 397854 395364 385843 397441 399787 406084 392105 396259 394737 393720 393763 395285 402965 392564 389693 391845 400501 391231 397838 392411 391703 398677 390492 396328 396194 397666 392544 391749 398308 396382 389794 400480 396275 397681 395227 400041 397882 398833 399667 402735 396464 396516 387377 393595 409766 402578 391872 377580 388817 389417 387018 385689 394356 396020 392091 395753 395479 390919 390806 386455 392746 391099 400238 391199 405105 392999 382370 401058 395558 391878 389625 391074 399744 397661 401879 393124 398113 392159 395684 406119 395174 393346 395849 398936 390817 389270 388000 394006 393785 392668 395941 392250 395668 394085 397336 392859 398980 402989 395460 391811 397892 394744 398780 393302 390916 391378 393792 394534 402838 403386 391623 393029 398438 397860 392333 391840 394413 400108 398914 395601 397242 390808 404321 394888 394244 395132 402283 397675 396787 397696 398609 391345 396008 391376 392934 393585 390957 386774 390853 390830 387530 389377 398102 397166 402712 392714 392694 395018 393689 402171 401049 406066 392528 403063 404306 401530 392961 398205 396259 398204 397477 405734 387842 397980 399056 397612 400821 397388 395416 392169 400305 403975 398153 395539 392567 387054 401775 398190 396914 401548 392803 411981 395123 400311 398208 403105 405924 398946 402090 395421 393752 396072 407074 400030 402896 401956 408045 400119 402362 407362 404199 410469 388187 404071 406585 408356 402389 402094 403826 403319 403039 399276 396819 390560 416348 399016 391604 402988 406434 403173 400773 409287 404781 406900 403494 397907 399852 407914 408558 409970 400976 400786 396221 398844 407552 396903 402729 397907 397371 408549 405222 574340 409523 407915
386937 404253 573951 386955 400189 403440 399706 387395 397849 400444 405064 399759 401226 401557 390503 394689 397671 389168 396054 391682 394598 397142 400474 397750 395320 392640 396766 397882 397101 400252 401916 396332 395867 407257 387446 396540 393297 400472 394492 396520 394413 398344 392543 401597 393728 397430 388516 398056 402454 405048 395905 393422 395984 392062 395285 398740 395194 398513 386569 396980 395275 397429 396020 396881 394377 392907 397165 394171 406859 391510 391495 394174 396860 391788 402266 392590 392238 393316 384690 394137 397298 395555 394324 390285 393167 392347 387996 403080 394500 395622 402342 406469 395907 397719 393898 406550 391079 396728 395774 393939 408826 398884 391011 382119 391476 389768 390367 389875 395739 394805 388699 401905 391198 387411 391089 390395 396605 390525 403218 394273 402742 395501 387829 404996 392406 401650 390594 392647 397943 395907 400264 392989 399456 393924 391825 405404 394260 396387 397914 403976 388222 394322 388458 392138 399408 391550 393855 395772 398394 393588 398614 391890 393224 396395 398474 392046 403427 393967 400851 395081 387278 392395 392137 393706 404655 396373 398090 393531 397931 396046 391193 391332 395027 397685 398081 393897 395582 387396 403844 398347 392185 389728 403093 391239 392099 389633 398784 391911 397537 394054 392019 393221 393949 388039 392037 387606 384020 392043 396054 391454 404509 390788 390581 396903 390480 403383 395753 403450 394944 404814 406394 393167 387303 397834 396360 398224 396774 408871 391590 395630 393879 395993 405683 394812 389130 398247 399416 399094 397725 397454 393925 391349 401096 396461 399096 405154 392135 402894 396216 403002 402057 399640 398832 398826 398496 393954 393459 397848 402908 392985 402123 396503 402680 406074 406762 406067 401174 406132 394932 406406 405314 408768 397093 399766 408452 410207 400953 393568 400490 396933 412999 397684 391182 397866 406753 405885 404641 416000 403753 412371 411345 399486 401288 405092 412258 410981 402938 398220 396510 396215 407169 400959 402953 393477 399848 407594 401769 574038 405669 408688
388341 411587 569228 390543 399027 406456 397147 391139 398467 399382 406035 399189 398095 397374 384221 394624 394217 391026 393669 390233 398042 398679 391378 400010 398800 390496 396622 399446 394571 396521 399245 393096 399254 406998 391973 393782 386619 399364 394978 397400 395265 398497 384741 402680 392982 394996 389790 392051 396996 403918 391830 395184 398499 389124 393750 395455 396839 398455 385748 396868 400458 401947 394174 396590 392679 394142 390917 393378 403634 388136 393921 396292 401119 390682 396608 393771 390049 396506 390846 394341 396840 397854 392560 393494 396420 393361 393866 399320 396206 399411 396863 402047 399624 397923 400007 405693 396052 396755 392716 394815 406381 405901 393102 380634 394861 391191 393670 388145 399499 396935 392107 401187 398142 387357 384002 392417 389067 389773 402795 393672 402550 393325 390841 399001 390845 395148 388701 392174 399889 395766 397976 393239 400448 390575 392861 403899 392863 392751 396373 395740 394508 388955 387921 391123 401392 388797 394835 394865 395949 393911 396255 395044 395728 400678 397575 392211 400213 395948 398120 392365 392265 390140 389688 395341 403871 403384 396360 393613 399290 395617 391701 388007 396629 399536 401335 391730 397471 393482 404670 392898 393551 388517 408487 389926 395034 394127 394764 394583 398083 392853 391988 393041 390596 388264 391110 388995 388363 396011 396467 391481 399360 388796 391256 392334 392195 401383 394363 403820 392012 400310 406704 402557 392520 400563 400686 398698 394767 407444 390142 396575 395222 396364 408845 392634 395746 394298 395408 401300 397404 400202 392402 392686 404286 395272 400819 404091 395265 406438 395843 400244 398523 401981 402903 401314 397775 395927 398075 396277 403528 398245 397044 394707 408497 405164 404822 408861 403566 404112 390276 402101 402847 404848 400679 395895 406741 404444 404396 392749 396969 399213 415585 394507 390440 398314 406205 405457 403538 413131 402690 410632 407346 398137 398543 409825 409468 408843 402693 398206 401111 394437 401960 393429 399898 397311 400785 407861 399731 579269 407365 408524
391033 404448 561839 385759 396720 400015 400164 392239 397843 399147 400796 397342 396526 397222 390433 394077 396330 390417 392862 387168 395234 402951 393724 397226 395493 392214 397154 402752 390957 397527 398489 396334 396951 405486 388553 405208 392172 397298 392356 397940 391116 405705 388429 404813 393316 395150 393070 391059 395795 407622 392094 396845 402199 390959 391537 397476 400972 400553 391296 399280 396054 401436 395831 401043 393376 395686 392040 398593 410452 393016 392344 393653 401376 393371 399188 391414 391224 397810 394062 399262 394723 399698 394729 391013 400770 397197 388603 402433 398413 397355 394399 405265 395782 398280 400005 406371 397205 394784 395654 398133 411316 400165 393021 382257 392103 386635 392584 386206 398170 399656 385873 398843 394960 391738 391369 391609 391968 394115 402720 394179 403716 390226 383596 401485 391123 398882 390196 396587 402125 394619 401705 392694 399368 397517 397006 405610 388712 393845 400737 396851 393461 389144 388667 401348 396443 390196 393510 396146 398764 397681 400194 393004 396464 399276 393133 391204 401428 390495 404074 392315 390945 395578 393370 394084 405765 401515 393981 393070 396919 398819 391764 392031 392523 405238 396044 396396 396189 393882 408391 396217 392970 391611 407128 390665 393514 392491 394813 393196 396451 393934 391111 390282 391148 391601 389791 389514 387126 393176 397273 393635 398063 387004 393304 389238 395155 403499 397051 398423 394932 398527 404931 400012 391989 398779 393102 400098 394155 407572 388776 397289 395785 391727 406446 394452 393915 397566 399314 399423 398666 395799 395220 392376 406637 400804 400823 404105 398963 402948 393300 398344 400738 401637 399895 402033 401320 396492 396508 398124 402793 400331 402454 402556 406140 405448 403809 408242 403625 409045 391886 402262 405982 406473 396086 403432 405330 402667 400397 396786 399481 395924 416631 397550 390831 400111 404070 410370 401561 408678 403216 410148 408607 401316 405055 406948 410249 408240 405286 395747 399558 396521 397777 397725 401845 392140 401541 410817 401142 573005 407167 408235
388576 406334 571407 380891 401204 401528 393954 389879 394543 394949 401329 404968 394079 397152 388084 395629 396113 387884 395425 388077 393411 398492 393987 398831 392027 388976 395121 400265 396129 400306 399741 396317 398151 408773 388375 400561 390930 395342 392694 397678 393996 399129 388465 408058 390332 393545 388147 393432 398800 406442 394839 389652 404502 388132 393993 397449 395296 399696 390200 398126 395309 397707 391051 398338 391678 393167 395130 395439 405829 392156 392697 395135 399855 389263 399831 392920 388803 396355 389293 391775 394199 399296 391921 395114 398608 391529 385603 403357 392848 396657 395230 401458 399065 398501 399301 404166 397248 401036 394727 395473 405096 403785 392632 384270 395445 388304 393369 389966 395357 396741 390852 397704 394493 390383 386461 389843 392570 389368 400756 392780 402865 388275 380519 400415 390242 397602 389645 394291 397612 394959 397055 392115 401549 392856 396888 404255 392945 391125 392840 400873 393565 392605 391521 391815 397338 389669 391452 391027 396743 393585 396051 392386 392370 396144 394050 395607 402030 394783 402644 395931 387653 393795 397252 397742 402777 401889 390164 392219 398145 401026 397260 386913 398274 398394 401047 392528 396128 395127 408756 396351 391083 392438 402436 392013 395167 392382 393519 391160 396480 393581 393748 391569 391065 386003 393361 386060 392341 392452 397588 393470 400247 392237 392032 393689 395871 401267 396514 399965 397230 394917 406712 399277 391990 392898 398476 398699 395940 405738 384831 397135 396441 396044 405163 393456 398908 394381 396487 401057 400859 398264 396452 388543 405900 396820 402187 405369 389424 406531 391801 397978 394767 401853 403119 399214 401415 394000 392560 394109 403120 395645 399068 399676 400793 403016 404050 406731 403759 406462 391310 400129 404685 406435 397974 399859 407709 405027 402028 394392 399697 399040 410045 397227 394524 398191 409463 404940 399886 407291 404470 408854 408877 396616 400319 409378 405505 411374 403667 400111 397656 390500 408470 391017 403977 400545 402411 407058 400172 576919 406282 407225
391864 405963 569950 386969 397868 402201 397562 390476 396896 399065 402164 403173 394647 398385 387417 393620 392893 391138 393744 389482 393452 397517 393773 397776 392449 384543 398190 398869 395673 396089 399159 397709 394816 408275 384865 394156 387043 394656 398997 396776 394470 400146 388133 404274 395517 392006 388614 389822 398658 402750 391944 394586 399040 392023 395102 398245 394916 398286 385370 397776 393497 397560 393193 395110 398183 390233 392775 391659 405108 392205 389856 394401 402188 389297 400313 394000 394688 395769 393646 396530 396957 397433 389748 393023 391729 395234 390543 400123 395556 396518 394579 400522 396999 398233 392483 404134 394555 398205 394629 396275 402153 404176 393429 382251 393784 389877 392423 389610 394987 400535 391201 398875 395092 391502 392009 389991 392854 393044 399711 391678 404296 393752 383883 402783 387550 396608 393642 391929 397833 393953 397768 392750 401704 397320 390880 407990 392236 395543 394574 395978 394814 392194 389922 393592 396620 390683 395617 393231 401772 394574 397538 394399 396187 399465 394647 394582 402691 395205 403038 390646 395166 395191 390489 396007 406576 403778 395414 391922 401035 399515 393133 391774 401844 403471 400203 389801 392626 392002 407815 396634 392954 392733 403927 390574 396077 386905 397135 391483 401135 394491 394976 392630 396871 384397 394035 387647 386926 392295 394780 393503 400103 385166 392092 395945 391852 403038 395496 406227 392917 400863 402759 396225 393281 400033 397368 398014 396700 409020 390463 399083 396325 395661 404287 396678 397058 390651 397866 397937 401385 400948 396910 389178 407644 401697 399016 403339 392000 406121 395067 394388 396568 399056 401849 399233 397551 397953 393770 397325 402787 401732 402637 397237 406903 402740 405143 404169 406019 404549 387203 404479 411216 405593 403140 397509 406664 405595 403445 396767 400104 395918 409982 395315 394960 401983 407747 404549 396363 411259 405888 411188 406253 394620 402511 407361 408927 406373 402775 395330 399581 394105 404602 393426 401914 396964 400410 410836 399516 571525 405681 409806
386941 407488 570311 387920 398826 407221 397280 389568 397633 399147 400146 406733 398957 400546 390382 394645 395695 387803 399910 390907 401071 401984 393074 397606 395147 384354 398846 400787 392483 400485 400078 398653 397699 407244 388240 399231 393531 392695 393153 396878 393830 397986 387257 402083 393340 390321 392619 392059 396193 406661 394808 396219 398896 391369 394470 396785 398118 399907 385530 398573 396611 400967 395501 393676 394118 395885 394834 395473 405284 387575 394849 395811 398529 395903 401988 396407 391765 395602 393364 392233 399585 399107 393541 393568 393925 396635 391318 402282 396871 399723 395111 403872 398126 398049 396191 400864 393972 394776 396978 402015 405392 405865 392730 382014 395057 389603 392216 391850 393270 396996 390327 400596 397062 391697 388846 390567 393740 391103 403537 396677 403696 395153 387396 401868 390488 404570 391815 391226 402239 394652 398494 397418 401930 394576 393774 407648 392058 393413 392221 398941 392358 390103 389918 395994 396650 388339 392135 395599 400927 392789 400661 393674 394476 399647 394718 393220 396602 394155 395213 392193 390746 393130 389966 398098 404926 402105 398567 394930 397957 400881 394592 389659 399912 397756 398142 393902 398033 396244 406250 399503 393923 392701 405955 391406 394265 393580 395329 395102 398419 392974 390733 391547 389039 391957 392501 386431 390216 392585 398100 394129 403568 389650 391152 394834 396684 398468 397698 400351 395439 396098 402683 399744 393144 397141 396980 398807 398107 411003 383432 397962 395076 396634 403849 394210 396868 393402 397347 397499 399118 400278 394810 386981 404619 397210 407097 403285 391794 407658 393661 396941 395723 397837 398889 402854 395125 392198 394660 395827 404888 394461 400432 394062 404030 408042 404775 405130 399179 411795 390480 403437 405539 403621 400179 402953 404904 404274 404153 397883 397555 396353 410158 400127 392373 400284 405285 405678 397148 411163 405147 410527 407475 400447 400967 408216 406387 409177 403748 399343 398051 394895 403114 392136 402143 398477 400616 406343 403300 575769 408217 406880
386945 404896 573211 388696 396609 402746 396585 391479 396473 398831 398862 399445 396732 397871 387898 394089 393561 385730 392676 389926 392483 398259 394161 396869 394122 388036 394786 397832 396449 395921 399211 394563 394266 408396 389507 402206 385588 393217 400037 398607 395751 397712 390007 402416 393507 393240 389396 392584 393714 403801 394142 388397 395867 390744 393012 396645 395728 397822 385937 394387 392127 404141 395670 400233 393938 390963 396324 393960 405123 392063 388382 392619 402477 389202 400352 387963 394757 398231 390385 395331 392188 400191 391507 392735 394160 394976 386260 400234 393633 401103 392394 399145 397931 400665 396145 404531 396101 394362 392314 394049 404059 402898 395917 381275 393591 388523 389741 390362 394917 393401 389106 404612 394823 390747 386686 393150 397093 389235 401901 393438 403328 392595 380809 400557 394280 394307 395053 395457 403437 391991 399646 391771 397208 393384 392901 402254 390857 395556 396203 395225 391267 386143 389697 393578 400085 388120 394744 390629 398192 393860 400311 394916 394354 395631 394001 393254 400594 394812 403298 397370 393004 393459 393210 396177 405275 402240 399350 390690 398869 399566 394052 394410 397664 402357 400930 395406 400370 389313 408250 402137 396694 391678 407183 392971 398193 395020 396742 392304 394338 394799 391832 392241 391603 389650 391614 388104 389394 392557 393582 395530 403364 392899 389254 393914 391500 400655 397826 404035 396149 402798 404161 397540 391481 398064 399077 400237 401434 405562 392429 398392 396453 392739 401345 395160 393905 393726 396836 398380 397662 400383 395296 393423 407660 394352 402458 402413 392215 406568 394208 398731 395301 402055 401234 401968 394740 394046 394025 395122 406281 396819 402106 400755 404200 404246 399593 402535 405669 411190 392941 402800 408745 407600 401786 403099 405812 408768 401784 395509 391368 394712 414240 396544 392211 403365 404693 406553 401375 413739 402368 409083 405128 394810 399574 409045 405023 409921 404427 399443 397512 399002 402946 392672 401681 392593 399810 409863 401164 581378 404197 406185
387445 405978 569635 383720 400119 397871 395121 389568 395838 398675 403475 402442 398540 397154 385169 393630 393811 389119 393492 388549 393532 400172 390588 396942 393950 389596 393976 396259 393741 394616 398300 394503 393758 405849 388407 395595 390132 397896 392363 398207 394827 399783 391893 403270 392873 393746 390700 391629 394696 404532 392064 394308 399125 389697 392729 400128 397503 397885 385439 396983 395790 396700 392959 394772 392206 395305 392492 392848 402219 390404 393421 393403 400586 391225 398819 392853 390106 397645 389597 396033 395558 398290 392576 395411 393849 395774 385277 400834 396717 396327 393895 399306 399731 396415 399810 406928 393818 395473 391933 399156 405534 400980 386952 380692 392745 384685 383263 393553 396155 396148 387447 400592 399232 390031 388126 389326 392125 388660 403043 393367 403846 396533 386734 402453 391500 396609 387686 399111 401565 393442 397077 397488 401769 398493 392475 402252 392938 394436 398157 397010 391785 395684 389801 389597 398427 386796 394989 393803 399997 394990 393869 393748 396474 397079 398547 392811 397015 392512 402394 395910 389185 395165 393368 398745 407022 404436 398746 394305 402221 395378 396271 391761 392946 398277 400977 397073 399057 396585 410302 395970 396097 395401 405852 389761 396927 392001 397069 395441 398331 397911 392601 396275 397539 390034 392743 389849 389654 391405 395662 395984 402728 389593 391336 392993 394697 405252 399288 401889 398276 395733 408928 403336 393535 400569 395158 400298 398398 409384 387459 396163 395482 394913 404439 398921 402055 391207 400958 398800 396328 399201 398254 392837 402978 397349 401684 403288 391300 409387 395116 396865 396177 398381 401420 399482 397968 395244 393531 393227 404778 401737 396220 400167 406911 400971 401866 404702 402851 405767 385829 404442 402141 399508 402713 397047 404161 408519 407900 396112 395641 393117 415369 401539 398209 396973 407136 405530 394965 409207 407023 411659 405909 395591 398829 405924 406050 408986 402251 398298 401407 393995 399623 394037 402595 397323 398735 406545 397641 569845 403084 409669
390078 405701 569749 382426 399462 403248 398439 386512 394581 397274 401293 397521 392211 399319 387200 394458 394762 387562 391715 389296 391827 397163 393015 398374 393767 388377 396535 394933 397673 394147 395871 392932 396850 406549 389655 396954 387075 395882 399557 399417 395573 402158 388527 404399 385454 390962 390242 395218 395485 406754 391133 393368 395109 392556 394563 397959 393140 397179 387225 393573 391153 403795 400305 395627 391489 390575 391447 389381 404788 386356 393937 392237 397326 385418 399869 392482 385868 395388 388049 393408 394048 401350 391601 390882 396673 391905 386830 398840 391370 402149 389790 401489 397735 399296 399334 405359 396938 398309 395836 396126 408463 400674 393427 385253 393056 387648 392546 388961 395147 398027 390093 398926 392629 387973 387127 385393 396319 386753 398471 394260 402774 391557 383058 401434 388758 397793 389852 397346 401347 392354 398242 390977 398785 396044 396487 401898 391695 394679 396740 395707 390740 393575 385414 394743 394734 389008 396386 393042 397519 395587 402724 391514 393155 402401 393011 389222 401735 396213 399995 392690 387259 397018 396100 394414 407247 400823 396997 388833 402730 399682 395702 394948 397503 398936 398557 395400 400261 392575 409546 397491 391771 394516 406924 390490 399308 391311 394955 397884 398186 393314 398452 393637 392564 391339 393008 387071 392837 389284 396922 392636 402185 390077 395298 394995 393350 399502 399462 401489 396197 397758 407404 397308 389896 398857 393071 401222 398036 404850 386906 398407 392797 397842 399625 397480 395304 394223 395972 402988 394990 400344 390081 394694 406257 399357 399275 402697 391770 404938 397000 395915 399266 400413 400468 402325 401864 393888 394602 393291 403098 395936 402316 401929 405658 407753 402888 403714 403486 406663 391660 403568 407135 401425 399299 399719 407931 406461 399480 396013 396651 391589 416018 398474 392155 394595 404764 401784 401076 405910 404503 408945 406672 398413 398750 409555 404944 405699 403115 395951 399396 393651 400022 393376 399262 400691 402046 406840 401433 579024 409375 409025
390324 402488 566898 390541 398043 402852 396379 386567 395403 400353 405221 402639 397531 398006 385572 393546 397972 390402 397739 389552 391008 402872 389807 401195 393479 391128 395144 403030 395670 399675 396173 396015 396418 407532 389942 399473 389964 400370 395715 399827 396636 398941 388925 401416 392220 393208 391375 392061 393290 401569 395225 392777 397011 397468 392084 396979 396731 394564 388239 395017 389535 400299 394945 392190 391918 390723 393689 389822 405411 390700 392233 392507 405778 389352 397380 391211 389637 398852 388949 390952 397777 399694 389318 392685 395384 392613 385810 401903 394745 397329 396757 397683 397637 399019 396194 407556 393803 394457 391799 401274 409117 407029 392901 379486 392610 388270 394113 387871 394522 398454 387031 401253 392895 386787 389378 391212 388495 395170 404151 392705 401083 391818 384438 403079 393674 391208 391641 391496 398246 394052 396766 396907 400748 395175 397195 405396 392676 391279 395443 395736 390426 388641 394368 393518 394478 390732 396097 395558 395657 393859 400256 389234 395862 400740 396021 394920 399911 393870 401307 392822 392607 393030 393881 399734 404600 399835 393308 392797 398382 400358 398906 393902 396257 398991 399899 396296 395932 390215 407601 401505 395024 391297 405903 392866 400949 392894 399952 395681 397821 393324 393990 393625 391110 395195 391129 390410 391206 389204 397971 396295 400423 392266 393522 395262 396959 401114 402675 403533 397202 401298 408352 399616 393696 397890 395959 401007 398548 411029 388390 398766 396933 395550 404410 394763 397949 390371 397054 398626 400613 398322 395701 392098 404062 399019 396503 401683 394227 405981 393772 396392 395240 401633 403002 399900 398739 394997 396501 396812 404257 398379 395478 398396 404684 405794 406379 406524 404187 407350 392112 401393 406825 405480 400349 399984 406139 402969 405009 395409 398273 396105 409133 399919 394847 398200 405304 405546 399493 410464 406026 412445 404752 398231 399776 406154 410997 409786 402273 395235 397853 391439 405860 392155 398506 399102 400861 410578 403445 572361 406593 403873
389301 406351 569307 385917 400929 406716 394620 388629 398373 399283 405838 399384 398931 404463 386356 392398 394904 389587 396705 387158 391405 398964 387530 397780 394875 388025 396543 398220 395186 395215 399314 394557 398481 407929 384097 396423 387948 399740 394272 399962 392294 397452 379573 404864 392546 393672 389534 391041 395978 401900 389343 394260 394762 386466 394227 396508 400406 400321 385999 399848 394795 402562 395263 398573 393897 389164 392661 393611 403427 390166 394766 393797 397446 393493 399142 386920 393801 393840 391280 397540 392438 394233 393593 389933 395232 394825 387266 404888 393610 395976 395019 401864 396691 399652 393123 407846 396970 397873 396113 396189 404449 403789 394694 384115 392567 388279 388355 388236 391955 397572 388673 393286 396729 390223 389098 389265 390150 391703 402482 391893 403416 394829 385235 402522 387769 400198 390712 393170 397919 392783 397416 395179 396139 390572 390582 407487 393755 392230 397287 396022 393053 394789 390590 394212 396239 387759 394680 394206 396692 392494 395575 395513 394754 399322 397029 394804 403049 393574 400778 394275 391172 395110 394362 394446 407094 407485 392798 392681 403375 399197 388862 393453 396626 406243 399898 398171 397905 391547 407571 399679 392444 394277 403496 391262 397362 391110 398661 396950 398665 394228 390488 397563 397504 391782 392702 387717 390071 392810 392826 392061 399982 392576 393846 391606 394361 402420 395999 399466 395827 401048 405462 400110 395560 399663 393993 395423 400389 407781 392838 396904 394163 395455 401794 396217 398661 396979 397934 403164 402412 401507 393061 393933 403774 400396 397723 404536 391092 401751 392962 397922 393945 396296 401093 401681 394234 394643 394770 396891 401824 401438 401624 395588 406866 404415 408257 406698 403900 409598 389558 403408 406143 406059 399169 397923 407567 403432 404524 397236 398529 392672 411471 394916 394852 401723 409538 406300 403836 407327 404911 408598 407441 398590 398622 405247 403945 407624 402480 393761 400231 393475 400521 389991 400454 397199 400186 407621 402161 574768 409164 405528
389726 406359 573293 385830 399073 402557 396531 388270 392970 399964 399055 407921 398401 399642 385729 394078 395618 393748 392512 386563 393715 396859 393460 400885 394462 389078 393087 397980 391647 392922 399512 396090 396721 405426 388537 400392 389487 395907 393201 393612 395230 396224 387141 399712 391458 390487 388497 394975 397775 404524 388441 393293 399975 387143 389803 396297 394401 398903 387513 397647 394992 398751 395415 393555 393879 390107 395459 395588 401292 391332 392151 390593 406236 390769 402088 394657 385611 392707 389120 395246 397031 396304 392322 391474 392490 394311 391136 400703 397187 396922 393013 402067 395466 400931 400305 403081 392966 395683 393831 394129 404696 400924 390657 381130 395914 386957 387761 389846 394246 395938 389600 402727 394546 393022 391281 388973 394412 388400 399778 394060 404967 390031 382279 403770 391859 397510 386308 392162 398428 389719 400965 394904 400088 394639 395612 404932 387356 396231 399249 397973 391811 394926 393117 393956 399497 389152 390146 394590 399355 395845 397924 392444 393875 396894 396402 393762 402257 394350 404111 393365 390930 396644 395309 393047 407677 406575 398588 390540 402129 397792 396681 389346 401158 398465 399878 392424 394890 390807 409109 395615 395404 396838 404415 396179 396363 394669 395255 400011 404223 395535 395061 394123 393842 389535 391646 391714 387046 394760 395302 393145 403183 389759 393174 401613 396408 402676 398643 407623 398834 397438 406329 401728 396754 399053 399225 398312 398543 408745 389179 397668 397635 394086 403280 400179 393818 393724 402686 401058 392203 401968 392492 395112 400512 400175 402055 405139 394495 405240 396026 394422 400203 402351 399973 398617 398491 399117 395426 393424 404437 400768 402164 397361 404279 404714 402921 402500 401123 409345 393541 400170 407764 406248 400448 400833 404939 405011 404968 394715 399109 396229 414457 398471 393157 398821 405074 405967 402140 408540 405719 411012 405867 396628 401977 408744 406013 407618 405464 400238 400588 390176 409227 392298 404946 394416 400709 408269 399438 581839 408290 413218
390355 402487 572974 388928 397398 406109 397680 389341 399430 398475 403504 404678 396930 398582 390982 391501 394750 390460 391027 389549 389295 399916 388967 397057 395693 391100 393974 401863 397536 394456 397491 400447 397998 405885 390526 396812 393510 396548 394779 399264 397407 399517 388676 406985 391464 394972 393047 395122 391579 400827 393574 396044 395091 388151 392515 398771 394555 400459 383261 397286 392473 402372 394349 396666 392262 391220 394364 393352 404086 390286 395751 393791 401466 392469 398201 396515 390208 395701 387210 397900 394218 397520 390624 391211 395915 396049 383862 400130 396568 399070 392384 399005 398302 397695 397342 402286 397144 396858 393474 395503 408287 400508 386484 381322 396104 387014 393166 389676 391557 395362 390158 394118 392108 389404 390687 393356 391038 391770 399466 397197 399744 396075 380788 401706 390857 397974 389159 392833 395924 385696 395379 391967 398579 396180 393411 406308 389399 390987 392669 399231 391848 393781 386277 390971 400023 393713 393239 390672 396460 392708 399752 392386 397604 396864 399789 392636 400960 393701 395787 394382 390701 392467 388883 396855 408916 402731 396598 391833 398524 399996 395032 390726 395260 403430 406344 399730 402374 390470 410210 398374 396935 394793 406553 391145 399460 393874 398204 395281 393619 398662 394540 396313 394193 390056 394498 388936 389375 393224 395553 390564 402245 394024 389643 393840 395567 404422 399596 399979 393516 402204 407724 399531 392608 400233 395060 402261 399199 405746 388138 399830 397446 393697 402320 396692 397371 394848 400251 396342 395911 401998 394024 388514 402793 396842 398672 405591 393807 409118 395987 399463 390957 404294 398736 396883 397281 393728 394505 398491 407318 397974 397353 398317 401097 402500 405006 404692 402933 408781 390352 401300 404224 405735 400087 403597 405301 403109 407281 399863 401224 397723 412095 394261 393797 398350 409302 401178 397306 413374 401082 408989 402482 401625 401702 404412 408526 406772 400619 396661 396725 391515 402086 392310 402872 396692 404170 407583 397701 574448 403147 404735
575142 406347 569193 387760 405239 406371 400560 396004 396815 400117 403202 402650 396762 401055 388025 396644 392594 392984 393475 390807 392585 396917 391731 401678 392856 394850 392706 396087 394709 396884 401858 398192 397453 408324 388208 396570 392484 398819 394175 400143 398557 394817 388263 401402 392140 392161 386626 393080 395790 406433 393459 395959 394289 387560 396241 397638 392587 398377 387384 394428 389437 400002 392815 394150 391010 386851 394483 391705 402496 389929 392677 389359 399928 390375 393057 388750 386370 392079 393892 391883 391446 397214 389283 390167 393839 395141 390734 402866 392474 395776 395081 395515 399266 399708 397248 404329 392561 402919 392476 393986 406089 403998 392617 384505 392845 386556 391469 390163 394917 399367 391784 398543 400759 389029 393695 390789 396791 387456 397200 395846 401577 395690 387379 401535 390574 396986 390256 394254 398784 392185 397854 391392 400649 395113 393080 409082 392949 391606 398347 398996 391728 387371 386177 394673 397766 390250 393828 393441 398436 394309 397047 392101 396375 400893 394035 391420 401779 393070 399128 390620 395448 394350 392662 398782 407248 405109 395641 394334 400548 402596 391645 391771 394730 404730 398939 392333 398893 399323 412407 395318 394263 390373 402567 390442 394000 396961 398152 398338 396942 392732 394380 399942 395295 389202 389160 390372 393269 392135 395495 393307 400640 395217 394314 395524 397169 404900 396591 407050 396511 400474 403353 398726 395961 395801 399326 404535 401768 406971 388015 393230 397776 395353 405845 397711 396800 398778 400067 400916 394757 398631 393860 391778 407710 394106 397030 399693 394348 401860 395177 396884 399468 399003 398422 402572 401529 399959 395579 393201 403981 399166 400411 397243 404464 402348 402293 405580 401744 409483 393258 405485 406077 405156 398039 397419 403622 406470 398365 396954 394212 397890 414911 397127 391032 400813 406713 406475 401948 412491 405424 412851 407561 398498 400532 408485 402723 407736 408371 399882 399943 392076 407247 390077 403048 393651 405226 408025 400809 576558 403999 583032
581773 407373 568048 382411 396395 403781 398692 391511 399402 401175 400866 401457 396689 399280 387894 394866 395515 390142 393918 389610 396098 396884 392517 399303 397346 390865 396288 399534 395356 394155 403804 398187 397401 408255 386588 404230 393652 398225 399177 397933 396446 399100 393327 400565 394424 388807 388866 395069 395710 405965 391210 394812 391910 386799 393727 398672 400137 396224 382928 395452 394259 401551 393553 396184 394390 392737 388759 396056 402681 393573 391354 391439 401707 390165 400026 394813 385988 395689 386410 399205 395398 398791 390310 391904 393355 393596 387128 400577 391788 397118 395480 399769 396563 397431 391891 406852 396129 399028 392881 397168 406740 399843 395605 380734 394981 384097 388568 392062 394938 392252 389370 401953 392029 389828 386767 391049 391029 393404 401290 396144 402146 390725 388441 394908 390996 394316 387811 393038 401827 392130 399241 393516 400102 393857 391868 405839 395945 394537 394171 398180 394462 391955 390478 394949 400369 387423 396285 394178 393887 391623 396649 392106 398425 397031 395612 393339 401584 389796 398735 392967 393198 396062 395535 398933 406245 399991 395966 395575 396635 394597 390965 394736 396524 401452 401449 393840 393486 393775 413025 397662 394179 391524 403588 393290 399635 395346 397518 394891 399169 395049 397222 394367 392465 391623 394352 386794 388233 398041 395891 393255 400343 393895 391233 397260 395615 404168 403853 403809 397171 404286 407736 394918 395616 397664 397362 400985 394586 409100 389141 396296 397028 393613 406810 393888 396794 394379 396421 398242 397122 402289 389746 389766 403099 393084 400912 400204 392910 404791 396210 396029 398265 404529 398601 404091 400250 394381 397395 391270 405387 401132 394355 394118 402144 404568 404959 407003 403470 404258 390831 400662 405376 405950 399674 398608 401993 404622 399810 395092 400198 393890 411534 398128 393617 398484 402248 405095 400613 408418 403313 409279 404691 394480 403290 404666 410930 410245 404807 401970 399035 391896 399486 392153 403832 395157 399604 408626 399848 576401 405455 581276
576838 406386 569324 391217 398225 403419 399772 385101 395170 400360 397759 403673 398983 398497 388759 395311 397159 387082 396483 390625 395098 401608 384672 398328 396703 390247 393469 398174 393778 397566 395853 396563 399607 404811 388606 400373 391893 398113 391490 393325 395162 398805 391293 401833 390250 389998 387364 391267 393617 400787 393639 392141 392705 385549 388748 396438 397142 397770 383919 393900 388869 400774 394956 395031 394106 389590 393250 397945 407068 390498 392057 394200 402752 388497 398233 391032 388291 395852 391518 397324 394588 394120 390157 387848 395913 395918 384949 397585 393207 395281 390990 398148 400956 394365 397261 403512 393614 395160 394487 399293 403796 396204 388714 377668 392819 386779 391729 390882 394550 398053 388818 397776 394954 383482 389222 392390 390813 389574 402774 394285 403933 393381 382465 401161 390703 397891 392359 395912 397021 393438 395977 393757 400850 391187 394926 403954 392890 392472 391530 396714 391669 393146 389059 396335 397591 384771 395333 391035 395866 399142 393563 393718 394463 397006 393502 394399 399047 394906 396134 389788 395086 391930 393122 396691 403998 406680 398916 395063 398519 401088 394264 391816 397069 398598 403721 399112 398204 394905 411500 399036 394812 394486 408697 394128 396951 392331 396480 393479 404373 398978 396715 391853 393998 398269 393938 391683 394020 393673 401986 393643 399069 393372 393451 395019 391522 403302 400401 403567 396512 401892 411037 397611 393097 395178 399568 398544 397023 408109 385233 399400 395210 394130 402972 399677 395256 391993 399423 397781 399616 401047 396367 393458 401376 396258 399543 399765 391485 409008 396655 397073 395990 397959 400490 397274 402606 393188 393141 394453 397965 393181 401327 396638 405661 403475 403824 403845 400199 406958 389444 406611 403972 406020 398476 401705 408175 403774 399471 395540 397696 394716 411836 396268 395445 404511 406466 405029 403966 407284 398820 410753 410647 399852 397327 401530 405043 405243 402374 392185 396085 389452 400074 392046 399121 399782 398829 405188 396006 576178 404126 584433
578001 409212 567248 388823 400504 409542 401849 390593 394912 401735 401220 400602 399661 402805 389706 398150 397621 387526 397861 394983 391763 402464 387583 397380 395614 387308 397374 402231 394551 395437 399916 398020 396596 405099 388192 396790 392217 395723 397759 396932 398664 397211 388029 405489 397283 389784 392317 388424 395503 403433 392934 392963 399215 388831 393860 394957 393316 393957 386635 395564 391660 399045 392444 396612 390884 394145 391265 387865 401345 390824 392461 392225 402393 391595 396759 390913 389189 393987 391413 392672 390814 400920 395485 392595 394989 393999 385803 401294 396632 390833 395470 399380 399461 400336 395594 404425 392802 397392 393810 391293 409124 403115 390123 382765 393217 386854 387288 387877 394067 399055 393599 399232 396829 393562 393223 390897 390354 389146 402120 390570 397171 389137 385569 404009 389895 394801 390634 394008 397268 390823 398853 394038 399582 397716 395394 405135 393195 391397 395277 394029 392869 392500 389356 395162 395771 390329 397751 395844 398748 391580 396070 392345 398372 402573 395675 393326 401927 394817 405353 390469 392849 397457 394524 395770 405812 404352 400952 393433 400415 399586 393914 389993 397107 402239 396888 396112 396028 393848 411116 396936 398975 391519 406966 394469 396346 391760 398672 398373 398839 395243 396613 398874 397554 389789 398108 389946 392282 393520 399323 391439 398520 392482 393293 397332 395038 405751 397496 404412 395699 400136 413358 401883 394494 399111 397412 401316 396931 408683 391081 398662 395971 396641 402287 394660 397422 399431 399409 398401 401111 400106 393273 389606 406774 399054 398131 403259 389427 399995 393853 393793 397104 397022 402111 402230 397714 395413 391844 393640 409449 394848 400427 399903 405395 403734 407556 404567 404686 411276 389204 402085 407257 404359 401004 399121 405790 406097 400590 394807 397990 393667 412406 399724 392247 398233 404833 400093 395597 407611 403847 409566 404382 398952 398243 409704 405902 409991 403869 395260 397008 391518 403627 390201 403096 393055 402373 408907 399379 572633 407984 582217
579323 403731 574772 391727 397079 405949 396564 393064 396946 400198 399073 406639 398852 396105 388174 394010 397929 390062 395718 392331 392253 402912 393746 400982 395342 390556 395777 399709 394216 398699 400646 396492 396999 409249 384513 396527 389840 398876 396352 397830 394511 396409 381306 404716 393033 392083 394190 393012 394648 404837 396240 395571 394617 390597 391122 399106 395448 396504 386904 398667 390597 399717 392231 396241 389553 392017 393048 392998 402351 390393 391795 396896 400400 389627 399055 386867 391937 393142 387655 396237 388733 398045 388952 389564 392805 396905 386303 401956 394356 397375 395679 398549 395898 399590 396633 408809 394457 394533 391269 394649 407523 402848 393517 378815 393083 389700 387706 386952 393444 398787 387942 399534 395637 387888 392983 387872 395941 391158 401502 396367 400734 391406 385551 398553 389323 398468 392072 396387 401432 394216 398572 391728 399352 398885 392207 405083 394388 392798 394481 396045 392158 392958 389393 394036 394748 389867 396868 391960 397387 393524 394416 395364 395829 397649 395481 393846 403408 392694 401705 395074 385519 396536 387058 395425 403188 403975 395902 388988 397905 402191 397293 389995 396082 400849 405412 399950 395187 394935 406586 398833 396420 395712 405786 394389 395071 395038 401635 394294 397442 396892 396038 394473 393056 395527 393744 390365 391439 396853 394060 395559 401073 389834 396035 399741 399115 401529 402701 401624 395935 397753 408133 402366 398360 397010 400577 397424 396830 409011 390091 397947 398551 397762 407567 398490 396706 398127 397387 400211 397697 403483 399176 391781 404294 396597 404129 399663 393862 403708 398014 397022 398738 398310 398359 400159 398657 395441 393561 392876 404764 393008 401316 400280 406480 403685 408513 406180 399205 405012 390051 400645 404626 402544 398648 400753 401676 408700 401225 395424 402690 395513 411846 398439 392834 396964 405115 408338 400409 406579 402778 410884 406775 396547 398026 407382 408515 413400 400398 393160 396865 390029 402024 395256 399454 399033 398788 403157 399886 575149 405944 587078
578248 410269 570462 387771 402876 405268 400181 394524 397589 396205 399593 399393 398733 400874 390477 391902 393966 390530 396712 391836 399611 400969 390593 389134 394425 391273 396246 401626 395613 396905 403689 397641 399217 406095 389956 398726 390612 396253 396658 397553 395331 402848 390232 403860 394045 388061 387389 393889 391086 404091 392569 390065 395959 391366 394331 395401 395933 397581 387610 397200 387246 398588 396238 397377 390167 396196 389881 394866 406384 388845 389146 395111 399771 387772 397894 389198 389965 396918 391256 395550 394463 399825 391999 392471 393568 396864 383841 401020 395882 393372 394018 399817 397500 400431 390491 405656 392351 396751 394347 395276 407076 404583 388144 379531 391649 386058 388065 387919 392133 396706 382846 400775 393391 388640 390921 392539 391925 389345 403385 393385 399658 392638 385756 399210 390908 392797 392354 392670 401170 389494 396018 392699 396669 391324 391819 404512 390243 391193 390944 397435 390020 391072 393383 393238 396780 384669 391162 393257 391824 390963 397291 390834 391726 397509 394051 395012 400384 393653 403963 398045 390185 392757 390565 396229 407270 402302 400483 391905 397451 402077 394388 390327 395384 401002 403676 394444 395569 394739 413154 397359 397752 391055 406102 393827 397813 393923 398445 396438 401477 395378 391760 397469 393233 392323 394489 390585 391475 391413 399325 394057 402100 391330 389787 397530 394285 403694 399700 404690 400737 400427 409037 401030 392670 395920 399895 399685 398803 405237 389077 401750 398441 394011 407566 400502 394139 397177 398568 400366 397679 403021 394085 388503 407899 397932 395705 404548 391951 410359 391882 399173 397921 398209 403757 399883 398205 398970 390761 394995 407000 402816 396491 396359 405545 404462 402783 405875 401476 403263 394206 406636 401696 403398 398599 399111 402615 401281 403697 399303 396604 393343 409255 395779 396171 397965 406794 404700 400583 408514 404100 414829 404683 398939 395534 406222 400830 410341 400376 398686 394573 393654 407849 392641 402490 394998 400626 408627 402367 575265 408707 577836
581577 407918 570703 385237 398764 407275 400923 392820 398318 402097 402130 404531 401151 401518 387578 394588 396345 391822 395232 390506 396087 401476 393506 397950 395637 391557 397967 403110 398406 394814 400158 398172 398457 408495 388227 403014 390685 394527 396708 398720 399071 398505 389661 405214 394584 391941 392345 393150 391807 404653 389967 393202 399831 392052 388721 396598 392944 399712 385816 393943 391987 401388 395696 395161 395622 394015 393788 393305 400258 388680 390073 395892 398738 392252 399422 395017 395233 394486 393336 393486 393825 398055 391366 389269 395158 392390 389325 404088 392116 398709 393513 400614 395703 395516 395806 401249 394523 395197 390771 394707 404214 402982 390928 378555 391891 387108 390626 385553 389474 395147 388521 401334 392373 391232 388777 392179 391007 391653 401287 394488 398386 390183 388798 399936 391174 396248 390654 395618 400497 391013 397271 391461 402365 391983 390987 407279 394408 393888 398288 396666 391369 389450 391996 391965 398535 386650 393774 394061 395978 390006 400200 394565 391265 398592 396417 392405 400134 389339 400196 393351 393638 393990 395241 393868 404072 403760 397434 390877 398713 404119 390952 395266 394688 401253 403145 396223 398507 393465 410676 402769 392983 397075 403797 393902 399141 391247 397470 398949 402458 394301 393396 395250 394799 393098 398310 391770 390963 395207 399136 393154 403476 396603 391653 394772 391783 404395 402291 403140 398428 401447 406035 405132 393896 399887 397744 402902 398982 408339 392169 401621 393380 397861 407094 399910 398736 395860 399124 401546 395469 398347 393974 393264 400804 397595 395414 400475 390602 406542 395572 396900 399109 396925 400994 398042 397894 397231 395170 394383 404233 396842 400237 397533 406968 404865 404475 406539 400569 408328 388320 403877 406516 405053 397931 399793 406929 403429 401174 395885 397240 391955 413750 398161 391575 393795 405251 404811 400889 410577 403759 409374 407176 400675 402532 409204 405777 407948 403802 396301 396660 392387 401348 393687 402367 394938 401755 405399 395322 575906 403769 583288
580282 410550 569129 390532 401368 405005 396648 392023 399411 400056 401372 404928 397295 397336 390595 395379 392363 387635 394486 392184 397790 399720 391672 401240 394892 388613 396690 402793 397217 397393 399281 399559 400534 405359 389049 399097 391222 396038 397588 398421 393642 400887 390676 401825 394407 392456 392673 392749 396875 403665 396092 391864 396855 387067 389595 399968 397882 397077 383350 397505 394197 399133 394315 400316 398221 395046 389044 400395 400043 390114 393379 391310 400386 390976 397703 392918 392297 393365 392484 393386 393961 398400 388703 391243 392973 394092 383250 401002 395098 398004 393395 400620 393742 397520 393275 408063 392383 395836 389843 393051 405547 395665 392263 379167 395481 388006 386903 388886 395308 394790 383739 399436 392821 386018 391791 388197 390613 386712 397733 392956 403894 388113 386505 403461 384436 397988 391182 392416 402258 393893 400395 393895 402669 396171 395938 405856 393789 395652 395616 394645 391458 391283 393338 394411 396738 390433 391594 390600 397670 395859 397624 391672 394799 402112 396094 389926 401223 391867 405540 392719 390769 392544 393808 397019 407195 407035 394761 392118 399960 398194 392812 395567 394672 399128 400176 394504 401132 394158 408737 401856 396638 393624 406889 397064 394493 398291 394906 398233 397153 396286 394011 398635 395897 394511 391967 388931 396021 394219 401681 398288 402101 389764 397245 390660 393747 402640 396860 405259 397907 401277 411631 402282 394184 401145 395281 403624 398331 409630 388454 400359 400545 397969 404904 397851 400496 395506 394537 401143 399138 401153 400206 390247 406166 400326 402352 406422 395182 406429 397365 399810 398324 399766 401080 401770 398771 397005 397352 395208 405164 401868 400071 394928 400863 405499 407169 403134 403985 403383 388789 402722 405931 402889 400740 396112 405623 404134 401908 397490 396919 395780 415767 399260 395690 399999 411916 403313 403003 407650 405999 409700 407142 396895 398538 408843 405234 409973 401514 394617 394394 396364 399888 391850 401311 396860 402817 408286 396779 573843 405410 580289
580227 401689 576976 389775 399032 407488 400096 390994 399376 400126 404318 398752 399137 398377 387637 394748 396961 389621 395651 392280 395929 402523 390216 404584 394580 393851 400320 400448 396480 394663 398339 395764 398884 410663 388134 395034 391070 398708 394920 404242 395501 398833 390557 403808 394740 392131 388978 393923 393509 406118 394848 396395 397952 387075 391107 398777 398286 403780 387702 395974 392818 404324 394905 394741 393403 393643 392605 393566 399979 391598 395998 393703 397517 391430 400605 389558 389176 394685 389257 397550 393863 397032 393301 391770 394125 393987 385287 400030 392445 394795 391450 402966 396472 394372 398156 404999 392244 393480 395495 394171 401789 400259 391763 380422 393466 383572 390925 388512 393251 399854 390058 402471 396897 389279 389462 388007 391518 394497 402556 395586 402004 392119 383188 403175 389868 397002 389284 392811 396800 395870 397105 393511 396726 393863 394234 401761 392897 393991 397687 393688 394774 395094 390070 397570 397355 389342 394161 391304 399562 389263 396820 392992 393559 397614 397557 391240 401093 390206 400517 392877 389172 395446 391015 398373 406080 403176 393387 391660 400794 398047 394564 388621 396427 402123 397536 397140 396443 392669 406709 399894 394989 395734 409295 391892 399841 394265 394191 396641 402488 395536 398616 400189 396550 389388 395470 388419 391945 391504 398526 393205 402675 392582 392749 396509 395266 403026 396523 408934 401929 403915 405967 402836 398937 401785 400571 400432 402413 409793 391756 402846 398559 396013 404573 401571 393117 398773 399297 402105 399506 401753 398132 388930 401910 400091 395711 401384 392412 410008 394945 393840 396944 400875 399319 398492 396971 393266 392511 398770 403880 397610 401962 397439 407373 402247 408248 404612 401140 406492 389832 401947 407535 403648 401515 398594 403129 404751 407619 392451 402664 397783 416155 394712 394231 398935 402067 407155 398104 410852 402109 412842 404697 401221 402642 407489 405835 414129 402764 395185 395520 387986 402164 389598 399445 398875 396113 402257 399879 573678 405921 584392
581708 408854 574806 391805 404146 404031 402126 390364 400255 403589 402854 403284 396370 402353 389952 394718 397899 391018 397257 389472 398027 404403 397539 400221 397966 388177 396900 401381 397198 399137 404776 398136 399334 410128 389988 398875 387930 403896 397080 400614 395858 401775 392448 403024 392479 392664 391090 394499 395479 403135 391922 393336 401568 389682 395202 397009 399659 400987 385708 399108 394958 402384 397154 395635 395538 397193 395311 393858 401921 392779 394577 393874 403034 390257 396815 393078 389817 391550 395048 393104 390853 397874 395019 393398 391533 393539 385873 403611 393832 395702 393821 398464 396275 398542 395423 404012 395044 397282 392654 394896 404145 398057 392439 380705 392631 387114 391095 388875 394700 400460 391266 398711 396352 388925 383658 390461 389689 393350 401420 389457 404504 394505 385531 398602 391334 394367 393183 392113 396872 393601 399157 395933 398175 389641 391800 407163 388686 392937 393395 396912 393065 391082 388918 394913 398103 389469 390259 394963 399184 396697 396577 394340 393092 398086 397451 396514 397687 393193 399598 390418 391823 397486 394716 396967 408447 402484 396810 393462 400914 399196 395964 392862 400439 403652 399646 393940 398705 394327 411631 397996 396065 395281 404807 393744 397550 390703 397279 395595 398593 395791 395826 392590 394433 394339 394485 385584 391667 395540 399293 395143 401437 391795 395217 398188 396397 402320 399129 402964 397672 402121 409155 404699 389925 402343 397636 400615 398700 410993 392039 400285 398407 398565 407618 398048 402202 397139 399249 401328 400621 403311 394563 394825 404494 399101 403087 404339 391676 413265 395629 401610 397672 401254 398324 400573 398983 396130 393177 394846 407175 396731 399311 401003 401256 403829 403025 410181 402488 405071 391155 401674 407009 403996 400847 396508 403709 404755 404970 394411 399296 392490 414220 396730 395440 403549 408237 400291 395093 411450 407931 408683 405119 395551 401307 410279 407027 405322 401225 397411 398869 391798 401305 387718 397543 395736 393973 407177 399971 573158 404663 585156
582896 408748 569244 389808 400108 403705 400338 395984 398816 402224 401780 401478 398540 400841 390794 397117 396240 392234 397709 392078 397345 397378 388567 401247 393088 392230 400063 402031 399696 395049 398426 394814 393101 410172 391884 396588 391935 399377 399096 400341 396034 401716 386848 401276 393805 393814 392060 392424 397243 404173 396176 391281 395523 391020 392523 400059 397306 403962 382976 397942 394916 402810 396432 400174 392568 393292 392363 394815 402368 393382 388900 394776 400891 392481 399483 390378 384167 399691 390869 396678 393552 400541 389243 392330 392226 394393 389360 402295 393848 398655 392881 399256 399861 398847 396433 405649 397521 394586 391531 396634 403521 400441 390548 378360 395715 384953 386466 388041 396445 397424 388882 401508 389188 388613 390048 388603 391123 389035 402261 394713 405082 390191 387643 402140 390808 397135 388355 394478 396713 395092 398248 392289 397271 394846 392923 404841 390416 390732 394774 395169 390277 389522 388849 392385 395544 391289 392600 397474 399465 396145 399893 389835 397679 401636 394531 394198 402399 395886 398229 396080 392221 394874 390277 398586 401642 409005 400246 394082 398109 400584 392597 391091 393956 398505 398162 396010 398972 391722 410625 395882 394544 394262 407239 395794 399891 390877 400190 397934 403708 393013 392822 394943 395066 396335 397710 387210 392245 391649 399590 397011 402214 390165 394211 396923 394291 403050 400247 407138 400655 403075 410139 402388 397179 399906 398357 398768 401866 407722 389431 405555 400071 397570 402410 397101 400665 396297 405341 398266 397076 404744 395308 395406 407447 404754 398159 405332 393500 406283 396206 395817 400241 400389 400642 400931 395935 391434 396044 399874 405972 398853 400566 400100 406371 402656 403350 405058 402358 403757 391763 406476 403887 405449 397387 396767 405199 404667 398547 391477 399795 393320 415832 395293 397783 398072 409023 404123 401043 410341 405431 407110 407155 394441 398565 406039 404165 408857 400796 395685 395885 393799 400800 391900 402125 399976 397826 406116 398590 575517 405585 581701
576095 406430 574839 388389 401852 405646 397659 389317 399853 400345 402711 404850 399317 400681 389036 391659 397987 388989 395646 390809 397383 401133 390237 398177 394768 391085 395703 400478 399293 396943 393596 401473 397812 412070 392888 401393 387859 397699 395865 397665 397354 399285 389177 410792 394897 390987 390769 394827 398254 408482 397730 393858 397601 392721 395486 398075 396878 399942 384670 396861 391576 404768 396077 395779 390944 391433 395837 394702 407177 392002 391866 395409 399755 391549 398782 392881 388013 393459 390662 390548 397603 395961 392018 393637 394450 395055 387217 398995 393781 397665 390493 399963 397763 399419 397163 407230 391551 398929 394398 392528 404201 399569 390469 382563 392610 384794 389924 388970 393418 398384 384883 399536 395028 388772 392059 388949 386824 391128 401812 395797 405956 391082 387453 399983 392200 398727 389838 393242 398035 390261 398894 384794 399343 397116 400642 399999 388161 395720 398095 401539 392309 387196 391639 393927 399317 389992 394333 396091 397028 393087 398924 397165 392846 399950 397379 395995 401749 392365 400238 393324 388162 395103 393128 394021 408901 403697 396067 393775 403289 400191 390232 396455 395161 404313 402794 397510 398419 392320 411999 399409 393090 395869 410630 394501 398368 394178 405864 397440 401055 395102 398528 392810 397097 388735 393958 391600 393945 394018 399573 397369 404378 391758 394189 397010 400096 406321 399653 402419 399044 401086 406804 402562 396182 402694 399743 402763 399134 409285 391221 403489 399877 398766 407925 399182 399902 401159 402236 399357 401126 408208 394152 392971 404458 397028 398553 406354 396393 406450 399758 400202 398731 399429 404022 401406 400438 396372 394478 395803 404563 394737 400728 393833 403471 403551 400387 401450 400157 408472 390417 400357 403398 401772 401962 394641 404844 404124 400986 394402 396785 390239 412517 394583 394849 400274 406868 402115 401880 406223 405186 410591 405920 398490 403522 406437 401504 410044 404658 396271 396304 388804 403230 391786 400754 398222 403003 406881 399759 574231 402756 580427
578674 405018 577455 389840 399848 401051 397524 392916 398862 399290 405762 402083 397200 402833 395116 393924 396880 395077 398121 390939 396832 402958 399363 399709 397002 391607 398274 395904 396307 393647 401623 398546 399167 405975 388920 400406 391296 401828 395783 400887 398782 396462 391527 408773 396482 394882 391219 389640 398220 407117 393862 392725 403298 393269 397105 398787 396912 397935 387338 399073 395758 399764 392814 398459 392122 393141 393575 392670 401768 392045 391846 395688 399775 391461 397190 390429 391835 394273 385509 395056 392950 397793 395140 391354 394324 395051 387821 402273 396236 396098 387471 404209 398561 396264 397691 403153 395126 400892 395657 392264 403283 400276 392569 383176 393453 390159 387800 392015 394155 396735 386843 400476 391791 389406 389064 389763 393921 390728 397863 395314 401809 389936 381494 399523 383694 394416 391960 392089 400729 397581 397810 391138 397158 399551 395080 400931 389042 392493 392812 397714 393506 389823 390565 393292 399733 390889 393256 391238 398594 400207 395067 392569 397443 399014 396923 391893 401223 390700 403815 396427 386049 392532 393751 397097 408527 401653 395998 391729 397795 397682 393189 391548 398819 402528 399635 392922 394571 395252 411500 400516 391329 391484 404947 391204 396059 396693 398777 398224 402746 395264 393866 392307 392899 395015 397034 387789 388826 399007 397228 394318 405950 390082 392300 401525 394259 406057 400854 401939 395274 401445 405149 402243 394799 401525 401189 397636 402791 408795 391638 398158 401999 399268 407966 402772 399724 395878 402748 403431 398839 399222 399319 386413 404381 404264 403442 405403 394246 408394 398075 399736 398828 397829 403976 397696 401091 393059 390382 393770 408786 397664 399670 398277 405619 404751 405616 403727 404332 406317 388344 401227 406787 402197 401331 402249 404155 402952 401903 392580 398389 394485 412340 395630 396529 396633 405105 405500 397882 406797 401126 410963 404212 398208 400713 404448 406140 411523 400409 393892 396476 390456 403094 390268 396712 394541 403283 405045 396607 574353 402473 580041
583021 407503 570377 394214 399489 406719 397658 388161 401774 401702 408012 408143 396410 399212 389826 394059 395088 389796 396807 388520 396006 403159 398384 400758 392358 392520 397652 406045 400078 398850 401810 399444 401409 409392 392862 403327 393122 401209 395751 400976 402334 396226 394911 409682 392575 394222 396285 394274 397038 402131 396966 393425 400865 390218 393975 400880 393214 400042 386197 394461 393251 398107 394574 395079 392576 395503 395636 396418 406357 387817 392581 392507 396701 391039 396296 387240 391163 393261 390731 397350 393686 403195 393559 392049 394583 394894 390104 402145 395232 398713 393776 403197 396717 400355 397666 406917 394796 394085 395636 394544 407233 403495 390965 380941 400135 387308 387894 389612 396694 394418 391346 398028 394650 389585 388314 390458 394721 390104 400786 392852 404337 391808 382328 397123 385987 393865 387099 393863 401685 393317 393846 390945 402176 392708 390719 403806 391178 394932 395707 400791 392447 387592 390847 393572 398934 386856 391194 395368 394138 395997 397435 392324 394490 401337 399556 392317 399298 394447 400922 391154 391215 388997 391408 395715 406628 400416 397398 393828 400771 401597 393655 392455 393541 402385 402608 393384 393741 394982 409971 399928 396888 391054 399331 391638 399331 391914 399073 398953 397771 393009 395590 396547 395446 397381 394726 391434 393428 392156 399101 394950 400670 394997 394784 396111 396443 403397 405018 407133 399688 399766 411347 402904 395747 401139 399902 399235 401445 410242 393670 403356 398588 395773 404545 400569 396291 397570 401754 403515 398596 403144 399976 392227 407401 404960 401331 402638 392757 403892 394956 398893 397907 399268 402277 402504 401800 397982 395382 394394 406083 400693 401946 397028 404635 404630 405860 404360 399335 403405 392215 407200 405998 403573 400142 400516 409331 402092 405384 396198 399812 392636 413175 397523 393270 395129 403881 402931 401002 412370 405431 410145 406824 397579 400862 406345 399958 406682 404374 392955 399424 392893 402190 391849 395232 391640 398823 410410 398907 575261 407069 583552
582894 409810 571516 392247 400049 405167 399477 392341 399742 400215 402344 402426 401994 403077 392231 398545 394573 393743 397642 392977 398993 403964 398663 403786 400552 395055 398777 401736 400679 398734 404009 400126 398681 410060 393288 403800 394166 403031 394884 400510 396511 398743 390444 403492 396992 394281 389101 395624 395846 403785 395193 393630 399263 388197 397480 400425 397880 401835 388519 400465 394371 400447 397720 398977 392714 391326 394259 395256 405452 393159 394035 392542 402932 394718 400728 389890 388629 402521 391109 399020 395501 397344 389919 393679 398204 396312 388236 404138 395558 393638 395326 398043 399260 396979 402126 407637 394137 395795 395877 397419 408975 403265 393685 382834 398836 388494 387203 390080 395273 396755 391238 397836 395538 388126 388753 391025 394905 390860 400885 394405 405225 395428 387700 399737 393856 395466 390620 397240 399466 393757 398456 391588 399055 393642 391823 403980 393230 391321 400531 397952 392986 392111 388488 398084 396996 391037 396059 392553 395379 395260 396891 391933 390934 402806 399645 391314 400922 395070 405806 389662 394667 395157 394316 400362 408536 404310 397484 395056 401474 402436 392932 389017 399516 400810 400414 395068 395370 391935 407743 399013 397318 391630 404188 391120 399072 397058 398452 397578 404359 395974 394722 393334 396433 394136 393384 392070 389773 394286 396815 393107 404281 388847 390407 396558 393446 404331 401070 408087 402415 401878 412630 404543 395324 398396 405032 399051 406176 411339 390524 406715 400144 402018 407130 398035 401308 397446 402937 403935 400558 399617 397670 396093 406717 399413 399152 404736 395513 404051 395732 403071 399505 402503 402586 397553 402930 397655 398019 396658 407706 398449 403765 399486 407207 404996 404413 406981 404439 405512 387308 400916 401350 403644 397602 398845 403441 404450 401830 391911 396302 393272 413892 394775 391687 397315 406462 404066 395926 412283 405344 407498 405197 397768 393818 407402 404744 409307 397158 393836 395061 394129 399735 388087 396518 393656 398530 408744 398135 573785 406182 582462
581624 407703 573791 387790 402613 405767 399690 391993 397969 401104 401741 400542 401707 401818 388698 396253 397913 387644 394779 391907 397753 401107 392734 401384 400329 390201 396135 402076 401922 401327 404872 397839 398629 412315 392178 397942 392093 399056 398988 397335 396517 396970 392868 404223 396269 394336 393003 394710 398595 404856 389781 393736 397543 391803 391642 402660 397773 401837 388892 400152 395906 401608 400095 399126 397528 400722 394481 398781 406101 392762 393116 394417 402766 388901 403801 395816 389110 393274 390179 396008 394187 401369 394560 391907 398003 392804 388609 397918 395625 400433 394476 400993 397949 400589 398414 404220 394962 399633 393389 400810 406658 400483 390799 378925 394132 386566 388379 389876 393432 396570 386564 402860 396335 389095 387740 391381 390499 390827 398909 395936 400249 395380 385538 396798 390235 396537 389099 395393 398776 395926 399361 391679 397905 396036 394574 406645 393089 395768 400035 398663 392164 391047 390255 392957 397689 391987 399154 394271 397017 396443 394793 391522 391901 398943 393907 392747 399347 394079 404616 393762 389942 394840 392319 398344 405572 400995 399298 393891 399757 397426 391072 392993 401807 408517 401301 394630 402272 391102 412010 396253 391391 392733 409558 394067 400708 398029 393303 398143 401111 396012 397970 398137 396909 392498 398147 391596 391634 394792 395670 393410 400209 387040 394524 394436 393636 403511 400250 406455 401911 401004 411104 400937 396061 401293 392496 402543 406235 411672 391309 402998 405234 400182 407816 400064 400778 393229 401676 399558 399964 401341 396350 391049 413161 404156 402797 402170 395959 407054 392916 399457 398126 397693 399543 401820 403532 399738 391433 392376 407916 401734 403931 398605 407763 403382 401548 406884 407586 406442 393658 404430 406824 404235 398598 396112 402801 402206 401392 393783 398391 392003 412914 394609 394117 394748 403680 403712 399443 409068 402532 411385 403742 394514 401879 406063 403237 410207 402563 394575 393528 395611 401280 389823 398883 390981 397134 402830 401948 572586 405715 581593
579585 406157 572752 388288 398016 408906 399471 393004 399569 400076 404149 404956 397125 399520 389731 397205 399312 390710 396034 392131 394829 400571 393679 401166 398976 391010 397529 400666 395274 396165 400858 399404 397650 409052 390940 398925 394871 397180 394111 399519 402782 401750 386614 405958 396363 394117 389779 396697 397790 402341 393073 392646 402402 392368 394265 398248 398510 402713 388294 395485 396158 400783 399862 401132 392441 393538 391812 394980 404313 389302 394835 397677 402571 390110 401098 394306 389914 395549 387822 396397 395448 396740 395629 395412 396242 397677 386008 403354 393847 396346 394539 400036 395273 399037 395391 404639 396348 401944 392575 395699 408737 402735 393715 380614 393789 388662 392122 389847 393411 400538 389461 398435 396067 385294 388869 388204 393041 390203 396805 393288 403242 391900 381878 398181 391900 395049 390318 395725 398215 394556 399187 394486 401598 394114 395790 403197 392611 393546 393208 395780 392244 389712 381790 391214 396826 389928 391664 390706 398783 394654 400392 392620 395995 394147 396088 392073 398600 395040 402909 393983 391615 394145 394207 395737 409562 401871 394317 390515 400237 397895 396400 391948 397677 405437 399188 400354 396049 394556 407977 397666 396415 395840 400651 392968 394412 394882 400619 395786 396408 397653 395631 393473 391139 390915 393555 387576 389839 393912 399075 395012 401971 390116 392641 392255 400413 402985 399147 406785 395102 402947 408988 405217 397076 398088 399591 400182 402961 410698 392150 402220 398183 399981 408017 398460 393725 397802 399589 400009 398873 403178 398419 396361 408790 400263 402879 404621 394860 403549 397642 399522 394962 400249 401825 404006 401220 394934 394025 391557 408139 401259 401400 396840 405172 407270 399376 407971 404281 407313 390224 408706 405700 403060 400244 400499 402577 405877 400739 392257 397885 393932 414204 397743 394354 402784 405114 406874 398958 412376 400132 410546 404920 398560 398889 404811 402796 406089 401263 394273 397280 391656 406052 392551 398292 395556 396951 405221 400302 572560 405240 578782
583147 406938 575000 389634 401664 404857 399697 393544 396777 399868 401646 403456 398149 401387 384426 394415 396642 390129 396532 392649 398863 402515 396881 403370 394658 388595 397131 401313 399417 393316 402051 401318 398793 409128 389189 397149 392265 401812 397642 400014 398332 402150 390294 407420 392708 392236 392166 393378 401379 401906 396011 395355 397793 391875 393896 399647 398052 397303 388103 398026 393868 399403 394393 395004 394981 396104 397394 398127 409408 394583 392623 394391 400143 390504 396099 393064 392253 394903 392414 394452 392154 396801 394935 392707 395099 397378 389737 400407 393564 397472 394836 396927 393233 396617 393519 411543 394213 396087 395756 395654 407874 402781 393181 380241 395425 383312 391076 390903 393165 397218 389136 399512 391213 388659 386033 391474 391768 391351 399506 396829 400364 394205 387917 401047 388580 392872 389058 395666 398901 390339 396477 391859 398460 391845 393752 405522 390215 395688 397185 395772 391302 388628 387436 394914 394416 387882 390813 392002 395219 394849 394477 390995 394245 398150 398684 390789 398429 392119 395688 393856 395240 395993 395868 395742 405230 405630 399381 393698 396518 399125 393522 392287 399321 401311 401452 396095 398694 392014 412614 399889 393004 396094 406087 391538 395130 395285 400132 393498 401306 392352 397424 388052 393772 393210 394787 390776 390429 393121 397733 394499 401472 391949 394419 397524 393777 406188 399458 404328 398254 398478 405206 401129 400398 400046 400921 397123 400717 410379 392563 404998 402367 400618 405419 397141 400271 397535 404421 399898 399779 401357 396033 394950 409165 401707 403202 401433 391327 409170 392825 399589 402260 406152 402586 400530 399372 397951 393291 397145 408347 399082 398617 398749 406063 405484 402749 403183 404103 410398 390366 401880 406780 407294 399102 398106 408415 405012 402958 395038 399120 396037 411495 395117 395042 398084 408501 403171 398274 409730 399359 407337 403762 396435 399726 407592 403262 406663 402424 391722 393929 390910 404200 392090 397744 394966 398652 409124 395044 573867 403133 582268
580293 406590 570102 388160 399687 405741 400676 387589 400334 399062 401278 400719 399757 404042 390832 402241 397972 392988 393075 392707 394215 400576 393219 400879 400016 392364 396871 403068 394442 399100 403536 400184 402024 411085 391257 400404 393185 399306 394373 396982 397698 402539 395922 405615 394815 397446 396120 394032 395952 405211 397126 390986 397374 393764 395148 400365 396717 403592 386127 395606 393608 402728 392349 396622 395139 391617 397229 389674 405915 389573 395218 391001 402878 393083 399265 392900 392617 394260 390415 397507 391942 399018 392189 392661 397731 395894 385174 404184 394974 395138 397048 401122 398253 398156 399529 411079 399055 395426 394081 393823 409653 400322 395274 383745 393304 386075 391634 386377 394080 393487 389615 399293 394109 390137 390536 389240 391125 391911 398336 388629 401630 392165 384184 397529 392638 395871 389345 393389 396397 393849 398224 390034 395474 392138 397078 402881 391967 394444 395240 397152 396276 389865 389354 393766 398551 388074 393143 391014 397352 392428 396431 392105 393854 401953 393350 397073 404876 393733 399541 392931 391068 393373 393295 397077 406399 404196 396127 392830 396468 398910 396131 393499 403298 400543 400447 397999 396058 391901 410716 399792 397046 394083 408739 390316 393863 393972 396837 397150 397519 397152 394986 395820 394043 388628 397002 387606 391740 397602 398182 395125 398232 392403 397293 394629 392830 403014 400471 404320 402244 399978 414225 396876 398343 401538 399691 401279 400168 410269 392733 397255 400892 402016 408493 397035 396937 395632 398784 403002 398466 401859 395962 387160 406052 398322 398059 404353 392982 411396 393125 393361 396095 402896 405479 402392 403163 397684 401204 397323 409102 400510 400552 393917 409096 404511 404045 406019 402456 406044 390696 403617 404666 406294 398038 402059 407743 402689 402437 395125 399231 394853 412449 397955 394792 394812 404938 404453 398843 411966 398593 407512 405683 397724 395163 405807 402271 404933 401021 392544 394747 390077 406054 390436 399771 392820 394975 407053 397733 574730 401052 583490
580191 410011 564143 387450 399761 405260 400447 392147 396668 403912 398879 405245 396348 402015 393046 397529 396649 389005 393592 391590 395672 399898 393857 399087 395654 388121 399318 402305 397997 395790 404861 400652 396725 413204 393846 397989 393897 398768 396565 401561 398795 401027 388468 409251 397876 396713 389682 393391 399727 408003 396951 393346 395528 390714 394353 399103 395793 399437 390019 405882 391804 402630 396694 399863 393232 393306 394050 398718 407226 393549 394038 398228 399115 388771 403116 397769 392943 395131 391149 396431 393639 401256 395360 392941 393395 397133 392716 407326 392029 396052 395430 401222 398125 400733 399549 407810 395281 398766 393869 398101 403400 401445 396258 380307 400552 389172 389098 395732 395297 394057 388076 401268 393579 386277 387859 391651 395183 394675 396820 394513 398558 392175 382250 397805 387871 397251 391587 392199 398241 392834 396219 390692 400812 394916 396584 405923 391570 392274 401149 393515 389572 387996 387296 393476 398055 389779 390797 391445 396780 392481 393283 392615 394658 394628 399578 393562 401153 394566 399541 393361 394191 393734 391399 397063 402577 404810 397270 392245 397566 398541 395059 394863 390852 402697 400172 397060 397584 392505 412034 398748 395662 395070 403864 390081 399707 395059 396787 397180 398358 396925 396770 395884 395689 387062 394291 391999 391236 398662 394581 397173 399006 393874 392363 397179 398674 402696 399317 404019 395411 399474 409808 402876 395844 400559 400042 398671 402521 411046 392292 405419 398222 396965 408672 400372 402281 398544 399751 403148 397444 402804 399958 394843 407346 401421 399786 404661 396468 406686 395160 399560 397481 405852 406021 402828 398007 397851 394217 394345 405917 399594 398261 403015 403089 406903 406084 407373 413078 406692 389390 401391 404897 406126 400901 402700 406655 404363 403991 394573 399568 390132 409632 398712 393875 402769 405300 402605 400385 412520 401630 404785 404438 398636 395508 405538 404513 410165 401457 393538 397283 390779 400009 389470 398624 395942 398235 404559 397026 572438 407848 580766
579579 405549 574455 391910 404080 406512 400292 392747 395427 400016 402002 399060 399956 397873 389434 396167 395575 390293 391742 390685 395664 397233 392935 401292 401236 389970 394304 405075 395524 398866 401313 399535 398603 409645 393592 396911 392424 399136 399054 399240 396679 404279 392821 404020 401097 395823 389321 392821 399424 405778 394972 392958 401002 393913 397288 400790 397877 398221 386364 399871 392116 398953 399816 398146 394730 395055 396230 394487 400214 396558 397445 393191 398731 393466 402077 394666 393444 398902 391376 397880 395986 400566 396904 394388 394085 394430 387987 400835 396613 395258 393990 402818 398086 398441 400843 407276 392245 396228 393199 396253 410885 402772 394313 383757 392301 390573 389141 389564 395576 398072 386530 399615 392526 386677 390618 391656 386831 388566 400209 390510 400961 394901 384276 399610 391886 395027 385125 393446 398622 394169 395459 392615 400984 392852 392348 405902 394052 392953 400109 392498 392396 393004 387927 394222 395833 386197 393539 393132 395997 393554 399190 392411 390419 397523 393350 392609 401302 392126 406227 392725 391449 392248 391865 396253 406355 406345 399340 393727 400367 398788 393060 390963 394910 401172 397737 393822 394797 389851 409922 399341 391204 393116 405522 391893 399126 393493 396861 398945 401141 394763 397490 392362 392736 390602 393370 390292 387509 392659 394467 398571 399697 394752 392851 393278 392535 405961 400407 406703 398757 402693 408472 403822 394808 401067 396945 403607 401395 411186 392949 402995 397408 398321 407477 399726 400952 397753 402378 404538 396949 401842 397076 393264 409829 397311 402209 407652 395480 408155 393340 396451 399927 400381 400337 401268 402332 395623 397932 395672 406730 401982 403099 400717 404248 404204 405497 411146 402400 408223 390381 403183 407964 403190 401492 398268 406714 403394 398622 395225 398932 393582 414292 396946 393565 400223 405010 403463 400889 414643 401244 408658 402533 399390 399437 407402 404082 409821 401788 398241 394435 390127 399841 390557 397387 392695 398730 405122 396243 575063 406141 583538
582858 404361 568548 392435 400604 405648 395307 390066 396788 399039 401488 402075 395352 398788 390936 395092 398617 384317 397906 396478 397501 399452 396344 398132 396114 392060 395820 403935 398918 395531 403160 393700 398981 409301 391688 398398 391527 400242 397114 402602 399259 405241 392672 407377 396677 394952 389413 393411 399876 407889 394891 388196 400127 390589 393188 396536 395964 399198 385255 402613 394338 403918 398443 397983 393107 397037 395702 392948 406511 395787 394488 395028 401160 392336 402114 395059 390555 394957 389100 395613 396317 399343 392760 390219 398493 396905 388408 399452 396200 397913 397970 401932 399351 399328 394153 408317 397561 395369 395085 397285 407719 401681 393625 382167 394453 384520 393366 389920 394686 400129 392658 398673 394722 392274 386718 389289 387596 390012 404160 394534 401870 392396 383661 399698 392607 393095 389540 395409 405622 393028 397350 390908 399099 392037 393851 407310 391825 391729 395114 394660 390765 390841 387826 392668 396020 387336 392816 392494 398859 397514 395034 393826 396241 399134 393300 393673 402530 392795 398866 397230 389226 391414 392184 394818 404310 400872 396728 390915 398368 399938 391373 391813 396754 402402 396278 396088 396581 392909 410964 398570 395986 391959 405805 393353 395873 396503 400057 395512 403098 392321 391677 392953 394280 391269 394033 390111 390699 393930 395371 395810 401825 395034 390355 396335 395769 403768 397983 403167 396310 401035 412455 403159 395938 401590 398001 399551 402467 411888 392097 402656 395743 399452 403372 397457 399422 397603 401541 403002 400616 403243 396031 394345 405404 402827 402297 399455 393944 409204 397542 395936 403413 400415 401999 404264 402721 397989 397287 397618 406597 400032 403018 401151 407796 402965 402995 411338 400446 410714 391154 404016 408348 406982 398737 401089 405240 404827 401499 397008 401330 392999 414718 404387 394444 394529 408582 407622 398711 407436 403895 404391 403784 394390 396803 404504 402822 404629 397650 395326 395186 390065 398758 391223 397107 391634 397548 405142 395898 576797 406780 582951
578381 405240 570490 387625 400390 400999 398159 392227 398221 400324 404836 402593 399697 402444 385211 393987 395559 391242 394780 391287 400120 400960 394128 396580 391340 391163 398719 400746 401267 394829 396862 399497 396473 411692 388474 395941 389906 400526 397591 401741 402746 401823 390873 402043 397596 393188 389768 398378 395459 404175 392251 395191 400230 391348 395265 398959 399659 398188 390667 398107 395690 404085 396272 397887 395275 394309 394061 395556 406695 392546 394258 395558 403414 390370 401334 392528 395151 401448 394741 398584 396158 401671 396136 389968 397755 399271 389403 404133 395697 399816 397543 401758 394158 401568 395807 406552 394269 397983 393753 395984 408598 398641 391246 381207 393991 384481 392198 387677 393485 401216 388962 398344 393895 387979 390731 389570 390739 391723 401414 391605 402011 391070 384693 401329 390755 391216 391753 394592 397959 396473 396800 390143 399314 397381 393085 400096 390308 392533 389361 393368 391773 394212 390593 393719 400640 387176 391989 390988 397358 394858 395459 393002 393839 396506 398384 389707 398906 392241 404427 388355 389633 392743 388719 393324 406177 403659 391960 395308 399850 403211 389292 391698 396817 401597 396275 397369 394555 396042 406437 399003 395469 400293 401855 396449 397270 391501 392204 396894 401277 397179 397315 397666 396314 387950 394212 386136 391742 393035 395979 389777 403639 390102 394706 393552 397793 403092 402109 407446 397647 402138 408845 404643 394062 401578 398025 400148 401230 406578 393386 400235 394681 400733 404356 403422 399530 399012 402193 403180 398427 405793 395080 393258 403992 396347 401990 408548 394363 407921 394756 402645 401006 402952 400186 402444 402508 394511 394676 398155 413028 396719 399833 398450 404860 403617 404017 405794 405219 406264 393367 404266 407730 406168 400118 398218 411224 406959 401823 395954 396272 395212 417024 396562 397366 396373 407428 400691 400440 409553 402590 411517 404144 398589 400889 404654 404947 407743 402863 395013 393406 393417 401411 388159 394548 395440 395199 401620 398102 572990 405879 578891
579617 403551 569978 389048 401823 407249 401424 394492 401635 400406 399754 402799 396976 399629 385782 395541 396071 388222 394026 394509 398087 403032 392257 397426 394850 391926 397187 400850 399206 400467 398481 398532 400160 408510 391384 401518 396040 400110 393338 402064 393837 401956 391406 401602 398345 397512 390533 395168 400413 409363 396751 396895 398499 389964 399898 398812 397540 401564 389959 396494 394007 400484 397275 397918 391820 394140 398388 394923 408427 392798 393043 395581 397475 395832 400510 395957 394999 398067 392439 397635 394787 400639 391767 394275 395543 394147 389452 401725 395127 396899 395316 400124 392644 401423 399285 408397 396000 395272 397041 395623 408137 405643 396862 379310 395123 385752 390817 389856 397909 399068 392864 400677 396564 391010 391913 392765 392773 393810 400210 394362 402269 391834 386556 397882 386869 399035 385805 389069 404265 391847 396170 393701 398994 392605 391798 403684 391431 389826 396834 403476 393115 391244 384241 394361 395117 385912 394540 393691 396142 390997 396900 391017 396242 395686 397395 392928 401427 391704 404178 392419 392574 392321 391971 395609 405484 404356 399192 392549 400271 397534 395002 397864 398596 398710 402752 395775 395426 394312 406297 398508 395180 394409 409254 395181 395337 394991 395393 396788 403066 389965 392092 394249 395673 393616 395999 391620 393259 394027 400017 394681 398230 392100 393403 398330 392412 404677 404980 404179 401433 403750 413510 405037 396922 401816 400375 400170 399350 405612 389328 398963 400759 396558 408491 396825 399969 395822 403903 401141 396713 399595 396394 391667 406879 400805 400441 404411 394697 405559 398849 400424 399883 399375 404993 406525 401255 396968 390649 397390 406304 402727 401782 400142 406634 403848 404458 400719 402250 410799 387503 400728 405508 405621 401226 401801 404116 405065 402567 400685 398749 400401 415761 395671 392512 401715 402921 403482 403421 412114 399444 409644 404526 399678 399821 409534 402816 408934 401769 397232 397399 389761 399212 389115 396942 392893 399325 404898 393935 567988 403641 582387
577188 404503 570106 385572 395066 403387 401083 389666 399328 402252 407171 401156 394709 405003 383402 393860 399474 391770 396284 392727 397304 401888 394015 401075 397268 390392 395575 405366 394203 396923 401131 399666 400208 412435 391195 400550 394591 403249 398261 402790 399342 400317 390597 404547 398154 393654 394793 396043 396744 404169 395438 394705 401087 394507 396770 404447 395935 399408 387076 398417 396686 400706 391753 400009 394178 392450 396415 397687 404371 392870 396127 393947 401725 393440 400997 396638 392856 394227 395812 394201 393451 403735 399249 392113 396651 399963 390057 402730 394457 396911 392332 400315 401020 399031 398140 403950 396482 396149 395524 397934 405175 405939 393631 380818 395061 387124 386987 386208 397617 396349 393766 401989 396698 389890 387363 391632 390566 396482 398971 395138 397977 391921 385397 397424 385248 399887 386567 397954 401015 393801 397277 389163 396662 397277 394133 404766 391928 390036 395803 398853 389257 390968 391739 394582 395511 387499 391193 391873 393690 393453 398878 395052 397286 398765 394694 395538 398436 393541 407249 395347 392130 391270 393858 396551 405438 404774 398142 393972 403113 394997 392168 393296 398842 401276 399654 398290 398222 393878 409447 394982 393566 393986 405950 393415 400347 396914 399666 396145 398852 391875 397783 397039 393754 391614 394502 384333 391829 394883 402231 396413 403062 390875 394965 395777 397313 407654 403130 404862 399279 405804 407945 406086 394251 405062 396015 399358 398671 412519 384958 399716 399277 400664 405995 400781 402172 398802 400373 403455 403881 402658 400466 392839 409672 401486 404400 406098 394305 408102 394757 395476 399357 402452 405207 406507 400201 396308 395382 396927 411075 398008 403905 396495 408676 407134 403559 411992 409170 407462 394644 404810 407388 407276 402596 401172 407942 406947 404950 398398 400331 392502 414007 399052 391725 399737 406248 402639 402078 410435 402974 409799 406440 397649 404610 403547 400778 410013 403151 392552 395526 393474 400601 391592 396120 397019 398618 408588 404243 576682 403297 583449
579213 405335 569229 386466 401071 410051 401252 390845 398654 397501 404148 401255 400653 399955 391417 396263 397640 393315 392124 392445 396947 402811 393787 400990 397409 391981 398443 400525 396665 398318 403317 398709 397384 410681 392358 400010 390450 395772 394247 397409 397345 404896 387909 403285 398025 394131 391565 394628 395198 409545 392511 394086 404258 392562 397633 404397 393737 404029 384444 399096 398130 406154 398266 396353 391448 392232 395657 399332 405262 391512 393580 399168 400677 390233 404571 396076 393564 398128 388583 396601 396851 402746 400545 389723 398376 398918 390049 403931 395164 397044 392244 400644 401573 400172 395672 409213 400071 399887 400050 396141 406604 403507 390364 381692 393139 386362 393674 391660 395549 401046 391947 399473 401798 392488 390774 390802 392620 387520 400733 394690 403670 392162 386445 405414 388295 393083 391642 399252 400555 394763 397563 395115 400359 396826 391944 407117 396911 395453 393034 398203 392404 393928 393004 396936 396436 388045 390854 394391 397710 389199 397037 393568 394783 402523 395951 391136 404777 392758 400950 393649 392419 393549 390783 396999 403149 402274 397307 391384 403767 398156 393108 393408 394643 398979 399544 393199 397581 388511 411049 399159 392140 392004 405796 391457 396955 389234 399791 396272 398541 393645 397510 395865 394640 390684 395564 391037 392204 386053 394864 392283 403661 394342 395602 396366 397109 406639 399446 407938 399450 403825 410586 404416 397446 400361 400530 401921 400625 412268 392357 394642 400416 398506 410517 400649 401050 395079 397197 401516 400847 402209 401033 390700 405097 403130 399688 410957 395802 410568 398456 398706 399622 402059 402401 401727 402916 396641 395537 402001 407959 401088 401639 400646 405777 407792 405485 407972 404817 409822 389479 405082 407710 403006 400990 400396 405642 404566 398912 395654 395807 395577 410492 396520 400451 402016 408662 403816 401599 406660 407321 413126 406086 396585 400927 402618 408172 411228 401396 396866 400173 392036 401405 388334 397256 394013 399083 406324 399013 576051 404567 583546
582020 404226 570653 388332 403316 404073 399868 390983 401818 404540 398732 404701 398031 398901 390088 396873 395996 390642 392694 394137 395981 402542 395351 400749 400001 389099 398377 399965 396193 395779 401341 401826 401779 412568 394045 399108 392367 398943 394867 400605 398809 401239 391210 404878 395485 394177 395137 391995 399221 406258 400531 391848 401330 392839 395241 401563 397103 399274 390541 397854 394384 401572 397618 400156 396334 396537 394245 396466 408099 392024 392171 394547 402146 390124 403060 399717 400618 403307 397398 397592 395683 400052 393660 395167 398029 400058 390801 403682 396062 396469 399487 400555 400377 404452 399239 412215 396249 399666 393505 395114 407928 403828 396158 386271 397892 389051 393155 388938 400483 403441 394222 400720 397634 392647 394524 396006 398113 392702 402003 395609 404698 392666 387429 406788 393244 397223 394174 394969 403812 397330 398553 392025 398315 395504 393119 403711 392209 391028 391590 397448 391435 390497 392325 392491 398414 389155 393204 394401 399333 392464 395458 393579 389128 399077 396062 388820 400264 390195 400055 396508 391389 395270 390803 394329 403597 407246 396770 388815 398686 397880 393022 394934 395031 402430 403380 396717 389001 391480 407342 390710 397196 395774 404318 393921 397857 395609 398991 397345 395986 390331 396704 396481 393945 393336 398861 388285 391533 394122 395700 393910 402033 393135 394622 402473 400296 403777 399110 404850 393183 404743 411647 400607 399907 396673 399693 401635 400021 408764 393468 396462 402138 398158 404257 394069 396235 398274 400761 404928 401392 400871 395527 387713 411519 401763 405708 405951 394584 403648 399231 399781 399996 398372 405451 403121 402842 394310 394229 395178 409713 402664 403351 397235 406905 406517 407780 408893 406396 408668 391732 404416 404652 404107 400952 400445 405061 404372 407548 396518 395497 396076 409639 399979 394157 400528 402906 406649 400145 410585 400951 409592 402183 397191 399735 406994 401993 409063 400912 395636 392426 387480 402435 387341 396918 396994 402085 406405 398868 581742 403835 582434
579389 407391 568469 385599 400308 405342 399785 391209 395780 402510 403139 408602 404355 396553 391461 396253 398354 389738 395480 389308 395589 398088 393120 399552 396574 389325 396589 404441 397391 397526 397848 400096 395883 408859 388797 402271 390396 402497 398307 395932 403177 395271 385949 403506 398829 394645 389909 395364 394879 404910 390883 389871 398936 391479 393505 403987 395088 400160 391441 397797 396475 405701 396507 397471 396447 396860 397056 404038 406535 392890 398347 398826 407544 393315 404427 388666 391162 396097 394094 396065 394849 402108 396042 394018 395915 393915 388192 400703 393935 399166 393607 400974 401216 401482 401840 410066 396482 400252 398369 399233 409461 399828 393691 387394 396855 391230 391051 392593 397510 398295 389886 401283 395771 392238 396269 390907 393214 394705 404382 394159 399600 392912 384246 403514 393649 396893 391484 391024 403745 396164 398637 396504 399781 394442 391429 402137 392692 394400 400511 396175 389998 387507 389727 391935 393802 390488 392014 396018 399872 396608 393057 390499 392050 399139 395961 392380 406170 391867 402669 394406 393344 394089 391485 395180 407267 407196 398214 392824 398925 401141 395676 392035 394579 400478 400444 396427 399226 390798 410589 400682 393725 392357 406299 389780 395114 397141 398717 400591 396633 394402 394013 395199 393884 394832 393105 389803 393816 394735 395359 393518 401915 389888 393305 397332 397829 402495 403496 405976 393827 399129 408748 404599 391923 398602 398026 397264 400356 408662 393818 402166 400296 398856 406197 399726 397160 396632 401009 399193 402294 401418 397996 392899 403498 402250 401869 405038 393888 408544 397503 401349 402527 405750 401276 400376 397852 394844 397280 399541 407363 396952 405247 398360 408950 402919 402847 409148 407904 408077 395250 400371 410223 408824 401678 402172 412050 404028 406921 399499 405478 397944 416501 402995 398357 400899 406441 404371 398080 412687 398226 411148 408019 401289 402996 409132 402198 410013 402731 391936 392893 389158 404302 392010 398835 396652 401547 410425 401560 572636 402860 581560
581234 408818 567446 387786 401726 403203 401814 392607 397098 397588 403022 401722 396379 394487 389064 399656 394416 390970 393657 393917 399235 400365 394910 401526 393139 388694 400010 403902 393322 398808 400756 399777 393515 413628 393731 400041 391287 398866 398684 399304 396133 400675 391915 409791 398645 395558 393119 396945 398313 408385 394098 401252 401469 392130 394010 402965 397804 397088 386910 400195 390550 401947 400708 399464 399510 395054 395100 390828 402536 388534 394618 392598 402485 390850 404068 397863 392825 395472 396372 398826 394730 398498 396207 389705 396270 395012 385896 403413 399390 401237 395740 397499 400973 395031 397885 409178 397020 396657 393681 395600 406356 403729 395490 383774 396289 389417 392481 391050 397436 401627 394228 400451 397739 394988 393042 394422 393755 394529 401821 397409 406561 395781 383116 401967 391341 398026 391515 398872 400905 394831 397021 396716 400978 396747 395570 406899 391530 390735 396650 396101 392524 392540 388890 393420 394262 391614 396254 394652 396217 394833 398308 392775 393988 400175 393791 393929 403544 393378 398411 395026 387479 395047 389927 399450 401479 401720 400011 393347 400086 398556 390781 392206 402937 404870 400380 393958 400362 388594 409400 397772 397366 391942 402583 392459 398859 394404 396214 399592 396896 397250 392735 397733 392558 392230 392776 394456 396757 392406 400498 395061 404918 387707 392609 398101 390472 402548 403523 411450 399886 401968 410000 403561 394782 400221 398556 401126 400007 410635 393425 402705 397117 397806 407524 399443 400346 394507 400273 402290 398808 402318 399899 393704 405627 401728 404111 402059 394428 404541 397702 398037 402327 400957 407374 399721 404223 395133 393684 398262 406835 402931 400260 398941 408341 409769 408480 404168 403147 409486 391113 405382 410439 406546 403013 401793 405777 407747 400701 398509 400084 397264 409975 401364 396977 401403 405822 405813 403314 412312 404248 409760 407194 400794 392932 408413 408606 410271 401098 392776 393055 389683 398398 393286 399031 395921 403232 405553 399342 570723 405157 584025
582603 403509 569013 394445 400088 403993 399691 391186 398396 398083 401495 405017 396476 399459 391910 397717 398085 391011 396228 396058 400104 399299 395198 398983 397569 389249 395671 402748 398529 397169 402227 401349 395279 411376 391840 395937 391395 400434 399104 398753 395351 399697 391905 404547 398926 393182 390469 394696 398485 403807 393757 393737 402327 392611 392034 395976 398898 399987 385635 394665 392116 398914 402567 397141 392926 393882 394964 397008 405629 395575 394909 395291 402405 398226 397892 393007 391227 396215 391947 398611 394371 398726 396543 398502 397774 393252 390795 404937 398024 402692 396005 401448 399750 402092 400680 406767 397708 398090 396357 398230 405021 404548 393885 382073 393526 385426 392303 393247 396894 399191 392534 401774 396307 393187 391506 394169 394337 391687 405664 395171 403498 395672 388367 401448 391500 398716 392479 393077 403507 394987 394366 393974 396640 395287 394293 407161 393097 394315 393935 399002 393043 390509 390730 395161 398638 385385 396503 395314 397308 390066 398712 391900 395005 399802 398806 393642 399660 393724 398674 393776 390443 395983 393177 395015 410370 397462 400663 393012 402022 396769 392576 392562 399783 400487 405208 396050 398443 391513 409090 397440 400156 393440 404116 394422 400293 393612 396845 397279 399961 397746 395871 395720 392413 387246 392788 388709 391225 392389 399665 399904 401166 392140 396882 399303 396007 406801 403154 407806 397826 399724 411140 406423 399989 400495 399080 401880 398837 410989 393591 402539 398265 398354 408660 399803 402062 402256 402940 403441 396404 399069 395858 397747 408644 399260 402147 402896 394538 406459 395591 396705 400816 400934 410671 403727 403793 398856 395683 393356 408823 393732 401345 403939 408041 411176 410561 407313 403165 408800 394344 407063 412431 408146 400050 402782 409410 404867 405170 394729 397649 396707 413780 396700 398688 397627 410267 406243 404291 411497 408128 412464 404160 397054 402048 404811 407218 405857 405207 397571 398572 390692 397538 390374 398755 395126 396728 406481 398656 568777 405519 580865
579426 406108 569436 385383 402820 407172 400942 391436 398679 399658 402812 404339 399913 399100 390132 391711 397336 390164 395298 394103 394378 404547 393686 400233 399154 389543 398770 405689 398309 398385 403160 398135 397330 409858 392873 401136 393728 398535 394002 402722 398898 401057 385768 406378 397527 392649 392917 393132 399305 409602 394714 395721 401595 392014 396413 398659 399199 405043 386133 400511 393385 405076 396063 397891 394233 393455 391799 395418 406352 390572 398999 394298 400007 392675 399608 396926 392001 399273 395413 396280 395727 401323 398090 394420 401100 401033 389677 405470 400209 399384 395184 401769 399522 399913 397101 410050 394990 398547 394528 400214 408052 402618 386084 380267 400795 389012 393112 391434 395275 402681 391047 400824 398727 394092 393885 394228 396632 391499 410152 397456 404849 392835 392912 401098 391326 400558 394355 393306 398394 397507 398673 388616 399155 398620 395224 408124 393825 393298 393291 393283 392673 390034 388697 392279 396514 386811 394843 391764 396422 395173 399752 394859 395959 398111 396287 389863 401561 389281 401963 391056 394839 395207 399546 393450 407423 404599 402671 392468 399832 393584 390525 387970 389322 402214 404517 394575 397003 394566 410406 402430 392666 400533 406478 391714 396870 390199 399711 396569 401701 392270 398237 391431 394562 394683 396290 389236 386752 394213 395997 393025 404397 389659 390412 394696 396624 403425 403974 405500 394975 404268 406079 402734 395796 404066 398884 398526 404294 411779 391188 403171 399787 394702 405938 399550 399926 396856 400869 400430 399939 399773 395542 391643 407591 399608 402874 403838 394403 407819 398222 395292 400584 399942 406581 404369 399993 397828 395824 394209 407048 397251 402331 401883 405016 407792 410784 408808 400878 408602 390624 400419 406977 404543 403088 398048 404744 407722 407694 394935 402323 395226 415886 397787 397955 399733 410139 407298 401391 409562 405272 410095 408457 399033 399228 407265 408400 409191 400892 398412 396030 389766 400652 392932 394920 393955 396835 405586 400513 576004 404568 583358
582878 406256 573976 387005 401788 406602 400390 393716 399049 401730 402677 399190 403266 399256 387762 398068 396791 386946 390765 392086 391979 397302 389407 401343 396484 389744 399741 400472 393187 394741 397530 395982 396739 412029 390666 397392 392676 398165 394646 401351 397797 398645 390907 405781 393517 391209 392444 395752 399833 405449 390421 393835 400125 393057 395469 398844 393689 399657 387611 400196 392680 403097 395484 398548 395584 395137 398373 395166 404005 394837 392887 393142 404156 391598 398278 397898 396757 395489 393928 396853 393057 400625 396171 398727 395250 397858 390075 406273 396761 398168 395708 411727 397302 402088 397273 405831 397714 400280 391992 399265 409563 403105 396740 384875 398672 390315 395499 390255 398277 399233 394566 404087 397337 394361 394838 393286 392374 393696 402071 399943 404600 392833 383987 405055 395624 397903 391938 394030 400730 393580 402278 391105 401621 394983 394845 406153 391613 397270 398533 397831 392849 389854 394881 392418 400614 392008 392979 394291 396354 397141 392571 393609 396028 401772 390175 393842 400610 393488 400713 396368 389550 392054 392985 396479 406603 405977 395859 391792 398350 402960 391439 392452 394053 400879 400356 393933 397647 392628 409630 396814 394414 393157 401489 394357 400709 393283 398872 394541 403634 396724 394216 397700 398163 393661 393084 388484 391181 395498 396797 396514 402882 392763 393113 400159 397806 408384 403406 400560 400357 400195 412594 400496 393854 397900 400224 401381 399798 410883 390622 403322 400761 396489 404384 399912 399657 397610 400675 405258 400626 403414 395380 400214 402306 402392 398748 408642 393273 408187 399155 406155 400439 401539 400646 403432 399226 395531 394266 396931 405564 397986 397962 398985 407246 405211 403791 405728 402288 412382 391277 407477 407051 409313 404408 404045 408050 408140 403287 398515 400279 397033 413243 399665 396846 401054 404127 406406 402638 411948 401608 414295 407662 399497 404840 407055 410760 409232 404105 395294 393278 391759 399158 390741 395830 394915 401152 409264 401518 575316 406239 580146
582776 410247 569159 389834 400384 405678 400225 389011 399920 399841 399057 407546 400426 402244 386943 396013 393668 389381 397433 395505 398027 402799 395728 398320 393230 392149 394799 401941 393109 398473 399398 398938 400357 405740 391591 402706 393582 396076 398832 397235 396500 401312 391967 407506 391286 396834 391192 393274 398625 405296 392882 394456 398013 391424 392945 400145 404422 402056 385512 397195 392306 401676 399076 401284 392698 392043 391601 394942 409718 392165 394748 397554 405363 391106 400535 394023 394120 397921 388821 398461 397169 396668 400643 397013 398278 397707 389122 405312 396292 402703 397973 398182 399300 403122 400173 405654 397542 399238 400648 401957 410283 406246 394977 385088 398199 391322 392613 394523 400124 402420 393302 399991 397506 389628 392707 392953 395471 395005 401746 392106 404529 393675 389021 404926 393486 395563 389488 394530 401241 394720 401601 394261 402513 394061 392063 406086 394276 396004 395475 398805 391937 389938 391976 392074 400524 389140 393439 397317 395919 395178 396493 389030 397063 397264 391110 392210 398389 391885 403200 391121 393906 389544 389276 393931 402728 400783 401081 393147 396310 398158 396619 393884 395219 402723 397613 393302 396803 391579 407779 399773 395386 391473 407555 395272 397051 393873 399083 396260 393791 392500 395246 396225 396104 395416 394145 391873 390506 392226 397635 394043 404271 392424 388345 401404 396104 401866 400612 406529 401571 402845 409211 405222 397837 400084 398908 400045 399053 409686 389948 399646 399963 397543 407496 405006 397880 397222 401485 398837 403942 406326 395871 393695 407507 398516 400242 397754 390574 408818 397018 400103 399883 400419 405299 400053 398273 398011 395187 396003 410806 400634 402000 399392 405906 404083 405304 408097 402970 410704 391861 408075 401713 408913 401471 402696 405933 404691 402656 399233 398422 395947 414327 401951 397681 402581 404473 404923 401116 412311 405057 409714 407183 399240 398855 406718 407004 412210 406391 397634 396203 393642 399818 394505 400752 397572 400286 403413 401388 570031 402013 584425
578775 404820 571989 388262 402143 405421 399196 394137 396585 398491 401489 397840 394025 401986 385757 392008 398630 390877 398991 393694 397560 394596 396130 399418 396800 387227 398520 401782 400652 396376 398415 398995 398603 410745 393543 402823 392244 399347 395978 402723 396674 399896 389349 405156 399509 396920 398195 394539 397111 401761 398113 394597 401964 391025 397726 399276 397856 401984 391029 398369 392478 397377 396571 400620 394159 396087 391726 395547 407387 389108 395531 396394 400243 393669 399928 396822 392403 398997 392249 397143 396536 403133 391849 394030 396947 395865 389546 401221 391953 402592 395777 402109 398917 402352 401581 410200 396501 402334 399256 397230 409443 402861 393219 377630 395610 391862 388535 390977 396380 402262 391177 404674 400133 391049 392159 394192 398429 397196 404363 393836 405712 392115 390084 404892 392230 394283 392515 396433 402337 390977 392489 392021 399778 394389 396828 408648 391926 394127 398458 399505 389950 393422 392904 393330 396532 388647 396673 394855 397328 391451 394371 394250 397544 399317 397730 390636 401631 394067 403121 392325 390821 394118 391188 394350 406150 403265 395445 393020 397700 398179 393837 390917 390992 401025 400444 394197 395844 391216 409180 399909 393066 392426 406805 389413 397666 396785 394798 398071 398580 392394 392876 394074 396203 393849 395670 386869 385412 397178 402403 395183 400916 394055 391061 396092 396199 403469 404377 404374 400519 397689 410425 405793 395777 398620 399420 398378 398234 412912 397281 404720 397410 400100 404523 402902 402122 396852 400075 400969 394981 398577 395978 394477 407221 399830 399978 401817 392047 408428 398751 399526 400029 399663 403892 400922 401083 395724 393771 393056 406388 401029 405251 400099 405340 408587 406307 411513 407376 406802 390933 405410 405899 405637 402582 398209 407823 404947 403297 398227 398775 398454 414711 398148 395747 403042 406226 406734 400739 410067 405694 411526 410552 398932 403332 405373 405738 413936 405026 395473 401997 390466 400647 393173 403840 392636 401401 409814 397543 573472 408648 580244
580314 405294 567101 385071 403505 404055 398048 388149 393050 401045 400670 403031 400517 401542 389769 393959 398254 396421 394347 392665 397127 403122 392508 400357 393464 383114 394679 400151 397459 396972 402461 401320 401477 411276 392043 405683 393162 397352 398494 398287 398325 399812 386512 403725 398084 392951 389986 396032 397260 406455 396305 392844 400739 390306 396171 398181 398950 397567 387675 400209 394651 406334 395172 400394 394957 397118 397967 396672 403562 388584 393017 394054 402105 392620 403131 394095 389442 399682 395152 396246 397874 399269 392840 394472 398848 398592 389728 404752 395218 401929 401466 403724 402533 401116 402337 407888 399272 398586 399978 399195 409891 406439 397553 384862 397319 393741 391621 392109 396900 399834 394453 402529 398024 391207 392705 390465 395489 392396 401795 397181 405120 394961 387045 400687 390628 401389 393600 395212 401387 394529 400091 395239 403219 396129 395158 407844 392434 395664 397282 400993 393310 394088 393471 395805 400553 393604 392856 393222 404111 399063 397707 392293 395025 396471 397085 394421 399921 393871 402863 396180 390600 393547 391056 397985 401326 405687 398138 394613 398764 402049 392809 391924 397559 400818 396258 395850 396593 393564 408741 396619 396273 395328 408252 395538 401473 394213 397661 398684 396932 393847 396540 397400 392351 390818 395962 388292 391044 394044 398550 391513 398004 392540 393620 393189 396683 400130 402956 406445 400655 399857 409189 400514 396408 399840 400077 401398 400183 410775 398384 403098 402097 401245 404717 401035 397227 395820 402647 399821 396422 402649 394764 395552 410130 399152 404003 401687 394203 409274 393544 399689 401601 404000 406246 400958 405075 394987 393729 397565 407515 400178 400478 405917 407613 410416 406240 406085 401479 412270 393189 408168 412930 405824 404179 401709 407506 407623 405846 400046 402587 394323 415156 401769 394571 399032 410820 408806 404410 408108 404497 406280 406412 397437 399287 409887 408334 410812 402733 394144 397286 394222 403874 392823 396637 393344 402887 406680 396533 579468 406895 580830
578756 400113 567338 390597 401933 405686 399062 389244 394595 403006 400033 398704 396251 402520 388584 395546 397654 389617 393010 392381 394527 404647 393157 398057 396823 387327 396800 401048 389915 394897 402712 398741 398629 408670 394449 399657 389489 399664 398257 397816 399383 408488 394066 409863 392059 392595 390881 393125 395871 406732 394637 392807 402895 391735 395001 404228 397673 398679 390507 398041 393801 402869 394872 400373 394743 397446 394291 399416 406823 394626 393535 392963 403838 392338 403572 392517 389407 398348 388296 397282 396554 405429 395867 393897 395023 399378 388530 402836 396284 396165 395852 405139 401636 399387 401101 409700 399540 399738 398469 400343 410164 406144 390363 383810 399767 389733 390598 391719 391799 398224 392597 403180 394119 390998 389568 394565 394461 389877 401160 394889 405969 393591 391420 404637 397914 399488 395052 400301 397589 393608 406046 396463 402920 395357 393298 403934 393958 393507 394815 398021 390420 391787 393215 399019 397882 393357 396691 395444 397340 394054 400909 392073 400323 399328 399561 390382 400312 396047 400860 394127 391241 393796 392779 395673 405871 401252 397872 389484 399761 397260 394742 389861 402568 404247 405453 396156 397374 394373 412471 399747 395123 394030 408423 392819 400947 395357 398889 403003 400313 395525 395500 390890 397462 394233 393795 391662 391342 395004 401023 391650 404010 391775 392227 398386 392716 402494 408999 405292 393859 401236 408889 403227 395044 397116 400252 406411 401067 406847 391702 403150 403129 396243 404758 399033 397005 394646 402677 402429 398684 404682 396739 392486 408367 397809 404781 405677 395184 409576 399913 396203 400661 402240 404568 403396 403639 397692 396938 395560 408681 402240 405126 398881 408645 404888 409729 406530 404165 409438 390504 405950 406505 405934 402344 398366 407598 408269 407631 398975 401289 398917 413351 401791 395695 399788 406587 408080 399838 409110 406231 413146 409921 399555 400938 410971 407032 407444 402122 401549 397792 392644 405483 396197 402953 398280 401483 412719 399712 573930 409094 581407
578367 406177 569401 389374 399148 401174 400678 385272 399636 398979 402467 401599 394887 398299 390118 393338 396953 390482 397776 395156 393743 401944 397609 397853 395165 392100 400346 404005 397595 398694 403978 397659 399883 409794 390649 399491 395493 399192 402905 401807 396843 405652 391798 409058 396352 398667 387738 399671 399911 406989 398212 395190 400628 390997 393791 403398 397561 400050 387982 396440 396102 399634 394671 400940 394393 400110 393673 396759 406751 393465 393516 398339 406490 394337 401376 395301 394600 397964 391969 399056 394647 399928 392666 398466 393885 395047 392434 404413 400235 397080 396273 406441 403378 400086 396560 402304 392105 397328 400449 402645 410597 402956 394338 385468 396038 389360 394308 393863 399599 400870 391185 400392 397553 392476 395293 391152 394695 397130 406178 398007 404012 394356 389455 401802 395374 397384 395069 395996 401602 399648 399294 397237 404433 394309 395687 408899 393360 395036 398217 398334 394745 393430 393847 393220 402090 391674 394841 395225 396026 395952 397236 387757 397800 403063 397118 391707 399554 399713 406434 391188 388034 388875 388629 395899 407336 403420 398256 394383 400312 401227 392988 394578 398018 399680 401750 397205 398945 392215 413004 394919 396354 395157 401637 395169 395554 395229 397854 399488 399074 395271 397609 394589 394340 393533 394337 390041 391749 393183 398918 390840 402575 392369 392535 395249 395887 400497 403713 402830 401225 404422 413065 403001 394041 400132 397873 396704 395183 409441 390341 404551 397018 401661 404216 400190 401880 395910 403336 403941 401382 406562 396995 390554 405859 402831 403252 403623 394827 407933 398718 400367 398484 401980 404326 400509 403465 399446 395220 392795 408507 399331 399507 401778 410029 408836 406615 407862 406840 407120 386885 404002 407819 404526 405140 402434 408120 404627 409238 396569 403489 401562 414830 402384 396109 402736 407350 408149 400587 411211 408834 411103 407648 396246 403567 407786 407888 407173 407094 399761 398027 391394 402517 395987 400522 394070 403910 404439 399321 579664 405903 582930
578688 409915 575123 392897 398218 404018 400149 389940 398269 402066 399678 400204 398030 401742 387877 395348 396070 391670 392779 393424 396629 400350 394718 402688 396168 389913 396586 402239 397643 394375 406512 400470 399860 411187 391240 401475 392754 401085 396635 401188 398724 399792 390316 405559 393984 398722 395088 396241 396829 403748 394868 396000 401377 386880 393635 402945 394233 396780 388922 394958 394080 399984 398601 397953 395010 392984 393223 399784 407488 394162 389919 395204 397833 397040 401825 393367 393077 400957 392620 399051 395675 400228 391569 393442 398291 397913 389764 402125 394961 399275 398582 407236 400170 401374 397985 407800 394720 397299 396130 399566 405332 405699 394994 382826 397670 389716 393046 390450 399621 401881 392877 404441 400785 392977 394661 396995 392139 394325 403795 396522 407774 395543 388533 401408 398121 400116 392989 399247 397750 399749 400454 392727 403041 397807 394998 414246 392124 398727 398727 398428 393913 395244 394058 395726 400865 393612 397101 393288 404438 397427 399492 393419 394337 396938 397088 395085 401528 392016 404182 396631 392303 396204 395885 398410 410496 402022 397383 393862 402947 400156 392131 395203 395091 398248 405773 392609 396964 396249 405323 399237 394178 391710 402820 389717 396668 397562 397825 392998 398376 395957 396249 398682 398249 394692 396291 389978 391627 394562 396109 393723 401171 391365 397585 394826 393762 403411 402381 407722 394398 398540 410429 404571 395771 399941 398699 403384 397611 411489 391036 400308 394874 400615 405989 400982 397907 396532 402071 404107 400189 401720 398635 394022 407810 401033 404539 405114 394811 409131 395983 397069 397435 402167 402430 402752 399332 399006 399051 396568 411787 402046 401913 399065 407466 402123 409092 407538 404367 409945 391193 402183 411347 406935 405402 401602 408743 406712 406113 400367 401959 399225 417003 402755 395710 401604 405286 407746 406383 414719 404896 414605 406988 398359 402309 411447 406018 413501 408052 401575 398309 394692 402175 392443 403486 399182 397901 405181 404735 572124 408818 581628
576760 405815 568153 387277 403749 407121 397329 390436 396456 400688 401341 405031 394685 400225 390658 395483 396374 389903 395496 394424 398949 400562 392939 399657 401589 389507 397762 402956 398016 395355 402631 402268 399613 404974 394602 400204 391699 400877 395903 401127 397714 403241 390535 406988 395059 392194 387700 399585 394825 407434 396710 398758 402916 392784 394876 399466 395309 401837 392912 398564 393946 405101 395828 397997 396804 394605 394867 394989 410576 392405 394457 397706 400408 392030 404244 393085 388252 398079 390491 398098 398272 402107 393177 395696 400359 393905 390503 405724 395661 402216 398992 401813 402332 401261 399165 412605 397303 402165 398219 400685 404867 403153 399775 386826 401007 390892 393274 390018 396160 401402 394912 407813 398851 395981 395368 395835 396296 392398 403974 398058 403565 396184 390484 405637 396330 400648 393317 399144 405349 400529 403203 395229 397805 396733 396734 409797 394987 393932 402298 401947 392919 392796 392318 400136 402517 393784 391859 394984 397885 399555 403321 395866 398107 402850 402596 396462 399723 399161 401934 394882 389923 394440 394903 399304 406205 406226 399085 394272 395279 397808 395922 389347 398495 402759 397122 392987 396732 397185 411052 399181 396546 392340 403029 399106 398437 395298 401346 397847 400107 395298 398143 395514 399001 395310 398032 391800 392422 396507 395364 395654 403837 391093 393718 394512 397968 402615 402245 401935 399351 404580 413567 402317 397346 399568 398355 400331 399535 413782 390001 400497 394156 398062 407154 398627 402510 397378 401072 398768 397392 405042 396476 392531 411147 401771 402826 401960 391537 407617 394898 402910 398810 401726 406140 403703 400430 397985 396070 395669 406253 400525 400887 397287 409151 406867 407204 406668 404283 413474 393194 408916 409690 405501 401585 407116 407506 411537 405300 400447 400979 394940 414426 398953 397292 403268 407205 408446 403294 411083 408939 412787 409621 400095 402768 409266 408360 411691 403977 401123 399688 395555 404962 393341 402310 398981 400055 409561 404240 576207 412083 586099
581288 406630 572601 388842 399114 403292 399112 391431 399896 403970 404219 406179 402671 398068 386952 392212 399098 392918 395235 390791 391673 400558 392241 400973 394068 387418 397564 402985 396977 396906 398251 398373 400053 410710 394879 403931 392721 400513 394746 401159 398593 401640 395349 408122 395225 395844 390855 390558 400697 407616 397829 392851 395046 388608 393118 403213 398008 401707 388013 399823 392916 403904 397054 399186 395261 393711 398204 394256 406166 393879 392425 394669 401960 392600 400638 396034 391099 401088 390893 398190 397316 400327 395457 390801 397193 398067 391748 404394 396848 399808 396030 404835 399790 400945 399747 410899 395596 397807 395785 395667 411536 402961 395525 381529 395462 390831 393399 393499 396274 402526 393292 401594 400257 394225 392458 394370 392293 395264 403667 394943 404973 396311 389121 400642 395988 396745 393199 401833 404254 398830 403035 392306 400217 392880 396754 409594 396630 398068 399328 398974 395023 394318 387405 395018 395194 392811 396043 394477 401094 398313 396305 396317 402468 402296 397897 394486 400551 394675 403589 397058 392223 394456 388993 397275 408312 408003 397522 395261 399313 400628 396483 391031 395407 401470 400507 393610 395381 392475 410419 401996 393523 398278 408183 392812 396914 393770 394846 399743 399792 396604 396378 395663 392156 391693 394902 391106 391533 393702 396649 397423 400888 389443 395759 392414 395974 401603 403983 402647 396688 399666 412687 402730 394296 399072 398908 404009 399884 408341 389434 401776 400634 395181 404069 399234 398379 397561 403761 401774 400767 405264 398844 393255 407749 400954 401111 406032 394286 407958 397038 401185 395337 408486 407822 402295 406145 397092 400502 397558 407404 399983 400452 398993 408505 405280 405848 406300 408508 403652 393288 404474 405746 406155 402340 404013 407272 413728 403377 401201 405410 401757 416737 400028 398907 402958 405195 407709 402564 414142 408477 409377 409327 398581 400509 413986 405286 412608 404650 403678 397725 395995 405501 392891 403506 396460 400246 412631 400830 577956 408458 584487
577984 405473 570476 386631 399980 402773 397984 391301 396318 400042 404919 399122 399764 400897 387626 392729 395060 393001 396866 389706 396306 392870 392078 402040 397086 385977 396095 399482 394087 396623 400485 398805 397173 409170 390918 394457 396355 399050 400020 400923 396393 402147 393151 409923 393361 389985 393614 391755 397492 408681 397987 397668 399386 391156 394106 400253 396564 401010 387816 395789 393596 401471 395828 398570 396520 391913 396062 398545 407039 393871 395796 400419 402362 397645 403236 397235 395032 401263 392752 395652 395557 400823 397199 395094 395574 398189 387468 403003 397397 399050 401432 404677 403270 400218 397476 409781 398111 401510 395451 397031 409011 407114 393023 382482 394833 389339 390279 396933 394804 397973 393163 401518 399032 392828 394608 393493 395165 392322 401482 397126 405079 394826 389339 399955 393380 397662 393610 397370 402008 397636 395877 392930 406268 394234 394774 404621 395403 395732 395634 400965 397103 394510 393740 397227 402238 387732 394776 394301 401681 394855 398979 395471 398973 400487 398313 394333 404011 397895 403832 400789 390258 400710 393492 402349 406096 403522 398316 395547 399954 401571 393747 389489 398592 405079 401499 394818 396868 391599 412335 397482 395772 395784 402927 390115 402171 396600 395646 396748 399876 398618 394637 398628 398737 392104 396737 388908 393321 392796 398539 397189 402171 391280 393928 396502 396894 405380 403475 406018 400331 399891 412720 404480 395348 397581 401320 404655 398762 412579 390606 401838 401979 395667 409532 398741 401164 394322 403297 403699 399473 399442 398962 394740 405885 405420 399200 407182 398846 408875 396560 402304 397262 401813 406077 400662 401174 394329 396281 400780 409801 395696 405707 399696 405693 407090 405510 411590 400765 407148 392987 403868 408426 409442 401708 399974 412255 406630 407391 393544 402165 397857 412173 403313 397224 402056 408743 409337 400566 413890 404881 413784 409219 400640 401929 411451 408416 407778 404340 399821 398964 395996 403341 396767 401052 400120 403765 410702 405104 575756 408237 584456
578188 404371 568031 386130 402222 405937 397558 389313 401898 400327 405356 401730 400361 398522 392009 392282 399413 390473 393895 390606 396939 402809 390764 397876 396064 389393 396114 400772 403533 401165 400539 398215 393692 408392 390414 399456 392469 399119 398438 396845 400814 399470 390982 402043 396421 392551 392672 395274 397252 404882 398704 393382 396760 389398 395986 397066 402536 401540 386850 396253 394964 405015 400536 400209 392985 396782 395434 395437 407735 391687 395936 397801 402338 392624 404066 395427 388617 399242 394622 399330 392764 398615 397010 389207 397826 396089 389785 401742 401436 396294 395700 400909 397443 398770 396034 410414 402148 396323 400088 397451 412019 404228 392115 383845 400596 385198 393362 393273 398361 399047 391369 402194 395692 391499 393323 391122 397157 394357 402033 401896 405569 393224 389132 407795 392895 394792 393263 396322 399415 398869 401251 396272 403908 397186 396617 406981 392789 396580 400878 396809 393315 390292 391381 396817 400040 392567 397338 399143 400573 397047 394833 395632 403108 400414 400078 393244 400714 395903 406119 393832 395189 393170 396484 396448 410314 405649 398419 393364 403627 400585 396621 390462 392483 402072 406427 396852 396734 396381 411796 404112 396112 396126 408838 392101 399684 394783 396676 394619 401277 395905 397026 398503 400413 394766 398412 391099 393425 395132 397291 394725 403789 390662 395507 399471 396972 404633 402422 406300 396175 400455 411115 401908 396680 400049 396303 401600 398512 410266 392980 401580 401632 402338 406406 399852 397372 393994 401060 402056 395079 402135 401550 397069 407106 400019 397444 407992 400568 407884 396097 398620 400606 404417 402718 402175 401616 397015 396041 394638 407844 402759 405007 399856 405317 403149 398857 408771 402560 411799 389584 407737 407623 409882 406776 403705 408672 408446 404225 398679 401314 396797 414860 402733 401741 402655 407476 410770 404626 414777 408132 413660 410215 399137 407527 411126 407838 412134 406233 398969 398765 391930 405561 393640 400722 397640 402968 410075 400505 579625 406947 586971
576838 408765 568618 387518 398420 402254 401075 390196 397421 401476 398001 402699 397357 396666 388195 394043 396703 387028 395169 391167 395362 400043 392111 402217 395996 387768 398787 402736 395422 398579 402121 401420 400992 410396 389517 402771 391042 398011 391537 401197 400249 399887 389348 400931 396012 392575 392270 395510 395140 405940 395677 393259 399780 392114 395544 403697 398917 401070 389494 400227 395781 401608 395947 396193 396917 394471 397551 396198 405871 393918 394088 400246 403598 392377 403863 391602 393567 396453 392719 396871 399189 403779 392014 394339 395927 394508 389293 405405 396964 400815 396474 405423 400048 400396 397276 410025 400160 397767 396473 400920 403223 404244 395829 381395 397425 389733 395003 392503 396833 399263 392859 405756 400234 392253 393403 394660 396908 393566 402265 398530 406237 395456 386736 403048 396477 405021 391969 396052 404622 399906 400775 395595 404084 400208 394970 405675 396672 394950 396538 402336 395188 392391 391015 399550 405346 393160 397682 399292 396635 396484 403117 398048 398699 403388 400481 397352 400699 394917 405098 396936 393645 390174 395289 398465 408584 403791 400663 391417 402053 404935 393335 394638 399843 400306 402522 398897 396668 398001 413397 402117 397201 393847 409637 393777 399457 395336 399077 398956 401754 398822 397621 393639 394773 392188 394798 391468 388313 395309 398586 395199 402542 391273 394299 402056 398911 405610 402494 406827 398799 402545 411252 404708 393035 401505 399249 398769 400399 406974 388337 401557 400196 397904 406216 396365 395747 399517 402165 402978 399220 400659 398223 392998 410984 403502 403713 404626 400088 406198 397859 399213 404251 402720 405387 402427 403118 399289 397425 396234 408764 403599 403841 398437 409517 408364 409414 407839 408187 411192 392143 407122 411024 409168 404377 401184 409331 405235 404212 396590 401152 398718 415547 402143 396848 406006 404952 406683 403355 415923 411003 412774 410372 400258 409004 410167 410358 412957 403010 404227 400991 395501 399478 391926 404874 399395 400370 406371 400304 578100 410520 585091
576223 410913 572369 385142 398286 406422 398562 392745 395772 401128 400406 404091 398964 401332 387482 390876 395675 390503 394656 392765 398559 398179 392951 398130 395894 391572 401039 402781 395107 395826 406362 401095 398828 412815 390436 401411 394522 395922 393924 399877 392198 402713 390431 405250 395986 397725 389427 393829 395082 405610 392907 395733 398310 390303 398239 396313 401574 396633 388270 397270 394757 400078 396034 397625 396141 395655 397115 397159 408051 392405 392213 396679 402465 395019 396757 393924 393671 401500 394940 394512 401336 400443 398170 393102 396958 394186 388806 399097 396462 399848 397546 409068 397544 404207 398480 405993 398081 399330 396354 397070 406621 407830 396557 381505 399590 390264 390961 392718 401368 402717 394096 401626 398592 393259 393852 394509 396724 393487 403380 394579 408408 393530 388349 404164 398851 398825 396347 399457 399591 398864 401371 397162 401171 398688 394529 411973 389178 397737 403560 402606 397611 393424 393959 394581 402263 394000 397203 397561 398113 394523 399837 395433 392942 404055 398058 397987 403674 393456 405673 398455 390468 397902 394662 401255 405905 406592 399561 398475 404889 399843 395935 394136 399184 404765 405648 400608 400231 391944 415623 400820 398689 397232 408147 395706 398686 398641 403163 397571 404188 397058 394623 397402 398293 392134 400108 391307 394794 391947 399424 397451 402131 393331 395429 402008 393070 404490 397939 405125 395553 402223 409843 402515 397026 400320 395010 401814 404316 413040 389963 401822 404248 398754 406961 402639 394960 398582 403727 399417 398959 404983 399650 391375 404403 401835 401458 407074 394245 407122 395521 399129 404460 402741 406401 401131 405465 397874 397063 394014 405402 399545 403747 401397 406697 409539 403929 408951 404151 411648 395868 406399 406407 409622 401067 402845 412135 405534 404570 400219 399613 398020 419062 401470 399020 404415 409907 411885 405304 414002 408426 413729 411266 400597 402220 410364 407072 414901 409788 402103 398590 398566 408144 396765 402152 397943 405822 409668 402211 576685 411164 579120
579981 406058 569402 385994 401492 404399 399900 389462 397162 399464 402777 402123 398915 397194 389294 393097 395911 386840 397916 392779 394697 400351 392318 395435 398551 388725 397668 401420 394906 402488 404962 400708 398578 411067 392702 400500 392286 397228 391577 398741 399425 397822 392805 408346 396031 393074 391161 392310 395001 407689 398627 389788 396557 389493 399308 403706 399404 399641 388672 401984 398320 403031 400215 397911 397820 395608 397858 400138 411688 396264 394580 398501 404266 393803 399831 398310 387639 404570 394046 394188 396055 402468 393151 392618 399931 396344 389914 406635 399202 400177 395167 404748 396178 399916 400168 408463 398763 395671 393104 398416 410778 403705 394019 384314 397543 389183 395127 388626 396489 399280 392988 399068 398907 393502 394101 392413 400115 393190 403384 398679 403732 390908 388040 407597 393006 397924 392406 396389 401804 395110 398860 394065 399217 400553 399030 406623 393702 399611 396826 400878 393990 397935 395493 394597 403893 393089 394726 396320 398172 399807 399504 397348 400375 402861 397280 395363 407375 397039 403588 396746 396254 397008 396298 398891 406992 407493 402307 394303 398764 404615 396170 394226 400399 403722 403313 397771 397938 392333 408762 402436 393039 397302 407905 394948 404671 396495 397791 397172 404112 395864 395714 397855 396922 393929 396625 388053 393237 396027 400569 398051 404801 392408 392813 393704 397467 404100 400863 408100 394816 406032 406011 400442 394701 400109 400531 404501 401883 413413 386693 404472 397847 399503 409481 401225 396597 396670 397846 401033 397978 400597 397743 395074 405388 402808 402188 406005 392295 407606 398080 399331 401472 401851 401971 403983 401216 398147 396835 396453 412750 404590 402428 400766 411256 407404 410542 412920 405711 411142 396260 405637 409315 405293 402170 401332 408486 412149 405206 399433 398664 399874 416716 398950 391988 402081 412100 408108 403118 409262 404918 412814 408577 403775 402416 410351 411788 411150 404439 403341 399602 396013 406373 396713 405396 397953 405012 413455 401943 580709 406910 587544
581055 404856 570084 388217 401099 403133 398571 392926 398056 400320 404238 405861 398778 400410 388199 397452 395153 391339 395250 391486 394461 401034 392136 396534 397947 390752 397244 397899 398300 395513 403058 400002 400939 405928 393186 399518 389243 398752 399578 398425 398748 401307 391962 407612 389749 396601 391343 395781 400469 410426 396403 394874 400575 389092 394325 401064 396928 396416 383579 400066 395600 403869 393208 398523 392548 393764 397638 396544 407196 395160 393641 395114 404212 393079 401855 396074 394586 396693 394066 397407 400513 400695 396009 394660 395924 401450 389931 404510 394686 399088 396629 402292 398030 401211 399026 407823 398765 399121 398248 398153 410750 400210 394953 384081 397180 391687 392585 394128 397991 400890 396086 401808 399202 390891 389442 398965 394518 393455 405917 397262 406028 394373 386111 406137 392313 399485 393541 398210 401825 400727 401209 395964 408540 395911 398727 406958 396497 395529 403394 400045 395864 394081 397202 398545 400234 394081 394674 397006 401393 398205 400393 394760 397706 398911 401895 398310 409269 399114 404481 400931 394743 403024 398742 401551 412161 406369 399539 392229 402521 401114 394699 395646 398773 405702 402309 396109 399399 396559 413280 400770 396476 398036 406012 398074 400540 398372 401451 395438 401095 394633 397556 396079 398027 394833 394676 390651 396003 396029 400774 397932 407822 394033 394361 398211 398616 405808 402878 406063 398205 399993 407366 404054 396560 402167 402137 401688 401172 411955 390630 402154 399415 399955 411329 406571 402246 394985 396022 403210 398973 401629 396495 391821 408070 398545 401431 408468 394780 407159 397815 402224 403139 403300 403910 402042 398669 399579 396996 398972 408708 402058 402844 396385 410078 406673 407311 406403 408101 412829 393075 407853 408286 410687 404491 404660 404713 407327 408539 392966 402993 395284 415359 400988 397803 404231 406382 405760 406007 413022 407624 419893 404985 397391 400444 410002 412468 412054 410121 403014 401805 398520 404597 395162 402457 401133 407072 413713 403248 583433 407657 587709
583694 405929 577933 383788 403078 407750 401126 392420 395804 403740 404240 403146 400604 399885 390075 394001 395227 389430 395563 391764 401834 404701 394788 402909 396830 394375 396292 403434 400348 399857 402849 396953 397833 408330 393814 398306 393807 402317 395741 402830 397969 401809 388122 410067 392820 394454 391956 394994 397055 411657 394342 395622 398351 394957 390160 405248 396953 400765 387434 400061 394136 407097 396582 398873 394020 392039 397622 394316 405487 392277 394998 398901 401604 395786 402774 395473 394468 399843 388990 396208 399013 401814 396492 390336 398171 395963 392470 405731 392875 396389 394667 403025 406620 399783 399524 415802 400133 396415 399594 402625 414451 404234 397044 385528 401404 393045 396449 393762 395255 402897 390627 403040 400074 394262 392256 397270 397132 392793 403606 397076 408133 397655 384860 405896 392893 401565 393136 397697 403115 400787 403035 398810 400767 403865 398215 404639 398272 397567 396928 396273 395253 397597 396244 398636 400108 393552 396927 394275 403361 399747 400349 393057 400762 403613 400818 397824 401434 397491 406089 396018 395940 401407 395791 397736 403984 406518 398227 394037 399039 402511 396267 396395 398229 405609 405354 396995 397519 394040 412737 403656 399448 400153 407192 398025 399383 395446 400024 400324 396399 394097 399867 398160 395894 393552 398609 390674 391157 398256 396178 395068 407221 391397 393198 399296 399392 408565 399494 402574 399926 403535 410331 402784 399057 405286 398090 399852 401747 412162 392546 401216 403492 399573 408013 400375 399521 397745 400656 402609 392955 405475 395794 392649 410518 402091 400938 409332 391971 409311 399077 397682 398494 401966 403476 401248 402277 398351 393337 395786 408085 403064 402906 402460 408308 408704 409600 404982 405398 408199 392556 407163 410625 408778 406996 400923 413112 408065 399950 399821 401248 396632 416868 395326 397342 403015 406926 406984 405188 418780 402353 413933 411700 400319 404623 408677 413426 412717 406161 401109 400553 395750 405186 395675 406327 392505 403809 410231 405637 580422 409294 587476
581415 405411 570824 390137 398370 408212 401153 390460 399622 404027 403623 404332 401666 403652 393643 394652 398837 391092 391214 394615 397771 403962 395007 403139 400229 389045 394895 400697 398534 401300 402436 399328 403303 409932 392706 398406 393522 396956 398804 402040 396904 400483 384628 407721 398245 394156 391667 397087 394913 407969 394080 394341 398663 393357 396291 402341 399456 400255 387445 393990 391646 403422 399764 400752 393952 389563 394061 396973 408091 395132 393363 401223 402978 393973 405475 400302 391576 398437 394846 397924 393322 400159 396775 393886 395123 399703 393053 402619 395656 399422 395096 398642 399861 400903 397237 407253 396246 398889 397873 401683 405320 409131 395406 389363 396177 391991 389185 391524 400934 404799 393041 402844 400081 391800 395602 393143 396600 395551 403769 399911 408353 398436 390470 406543 401423 397521 395946 395430 404730 401532 405968 397007 404577 400791 397670 401111 394959 399617 398892 400150 396009 393697 393409 393222 405001 392160 395999 394667 402015 396060 399856 394056 399414 397618 400198 394979 408046 395281 410339 398495 394497 398577 394788 402331 413330 403176 404468 395843 401519 406794 392437 394496 399918 403576 401393 397970 392595 395533 408359 399238 399595 393735 405906 393142 400547 393356 403740 401473 401166 396970 395421 397014 396224 396027 400469 393179 392078 395763 397338 397559 408205 392013 396142 399395 395943 404804 403958 406864 401763 401190 410596 401642 395402 402929 400779 405481 400361 410457 391889 403593 398120 397349 407452 401464 399136 397330 402946 403616 403818 405111 395799 396714 403682 400794 403060 404224 392166 410401 396649 399880 400955 402041 404038 400873 403222 402329 397906 402811 405790 400038 402221 400165 410047 406686 409582 409501 406459 410869 392059 405638 409217 405651 400353 404550 409271 406830 404530 402613 403668 397496 414743 399776 394206 403155 410327 407631 405109 414019 408200 414055 410463 403500 403635 410270 409998 412500 409952 399825 402669 394328 406015 396108 398763 400512 401232 409849 402525 580779 412481 588327
583232 405570 573816 391887 403635 408092 402604 394727 397823 399964 405224 403066 401567 399447 388068 397542 397659 391791 396383 391196 396672 403436 393261 401831 400839 392786 397571 405160 397955 402636 403982 399199 400352 410708 392408 402013 396051 398135 398958 402430 402153 403072 394754 404881 393857 396013 395238 396229 400142 412836 393459 394406 400035 394807 397535 398442 403583 400654 388201 398944 395125 399766 398190 396431 396830 390920 396689 392558 404690 397817 393540 396699 401535 393366 402834 397191 392457 398597 394907 400318 401287 402011 397958 392115 401547 398207 391561 405398 396566 401571 398058 400796 400075 406558 401013 408990 399560 401108 398685 399578 410986 404117 393898 385264 396004 390361 395088 394408 400109 402988 393395 402256 399905 393304 393921 393671 400888 389444 404186 398381 403908 396900 391083 407796 393235 401850 394541 396427 403346 401780 399780 393040 402431 396438 396803 409307 398739 398033 402471 403206 395196 391609 396314 396847 401364 390906 398289 397406 401824 399556 402688 394238 402056 405338 398626 399443 405332 398298 406265 398105 394258 398953 401638 400304 408112 405999 399710 401651 402547 405686 397778 397132 397723 409411 408733 398159 397987 394116 408841 406061 398795 396798 407376 397391 404725 399692 401007 399688 400699 394579 398260 397487 396659 392892 400500 394442 394797 399969 398895 400064 407752 395463 395428 400804 400029 406372 402249 406953 401340 401659 409334 405832 398730 393951 404796 405441 405736 412553 395420 404177 398314 398002 408775 400692 400812 401361 400951 404536 401699 402834 394531 394272 412720 401693 402799 409578 395529 407824 395951 400131 400404 401317 400052 405175 402888 399930 402101 399228 409622 401847 403372 402829 409610 409409 410807 410059 404062 414039 394708 408937 413227 408419 402827 403832 409216 409734 403250 398739 401103 395356 417763 403272 395447 402420 408219 411336 403406 415332 405232 414597 407983 401764 405118 413295 410777 414220 407429 400986 399073 396316 406569 394132 406306 398648 403828 415568 401390 582793 410861 587447
580077 408664 570114 393397 403854 406168 403638 393090 398851 401491 404960 409033 399232 400186 392278 396646 397539 392728 394899 394979 394861 401287 393417 403800 399979 393789 397876 400768 395582 399976 402162 399458 403822 414658 393500 399478 393623 400054 397640 396940 399379 404430 392635 406592 394531 397008 393820 393307 399526 406446 395210 394733 400327 396745 395318 400430 399027 398733 387635 397425 397246 400003 399388 398267 397013 395432 395385 394954 406802 394489 396180 397530 405419 395876 401372 393963 395146 401186 389396 396279 399149 402431 397080 395406 400797 404119 391767 408002 401677 399073 399108 406225 399247 403139 399225 411132 401330 402225 397681 398292 412012 410754 398433 385114 401727 387501 390734 395887 399289 399960 391840 404042 396244 396611 393545 395740 397864 394411 406898 396891 407279 394088 385670 405630 394484 400755 389802 397059 403563 391525 399865 393592 404649 399672 400298 408572 397603 396964 399073 402553 395806 394096 394936 395926 402958 395071 395852 394484 405127 398776 400032 396835 398224 404165 400109 398273 407891 403288 404012 398205 395991 400707 402786 402952 410468 409172 403010 393845 401483 403719 397204 397295 401546 405865 408306 401208 403462 392436 412200 402819 400034 400977 411885 394998 399141 394383 401127 403205 407173 397586 400411 400016 396692 390976 397046 391264 392589 396399 401233 396638 402852 394303 396752 402120 399036 409719 404460 404071 403237 405205 413688 405852 402130 402435 399789 404272 401091 413452 396645 406792 401985 397345 406368 403719 402097 400281 403609 403448 399257 403743 397482 393493 405793 396720 400847 408226 400602 410824 399632 397824 399295 402101 404145 400035 403282 400280 399548 401802 404924 398993 404278 398159 410271 413105 411596 411499 405557 410809 395965 406160 411085 407027 404517 406359 405522 413723 408784 398651 402217 398449 414709 402053 397798 403965 412599 413079 407036 412955 409413 416899 409357 401543 404471 413131 409932 417355 410485 400320 401870 395661 409868 396892 404634 400339 404415 414734 399591 578933 410948 587770
537001 405020 562364 399958 395742 404775 399539 399451 394379 408589 401788 398160 386251 400739 394962 393263 398513 395095 407811 398711 403007 398850 399640 393828 393963 402448 395809 396326 408014 399810 395346 397153 405159 401998 396521 396696 399391 391336 392721 396309 401760 399029 403058 408771 402414 397631 398314 409917 402156 408748 408353 395066 403721 395327 397791 388180 400762 394015 392539 394935 386202 395353 399597 402880 402203 393126 400108 405003 406124 397426 403921 397988 400429 401199 393765 391860 403719 398927 402528 390521 392200 400383 382609 402042 405403 396599 402046 396034 403663 389979 398275 388678 397035 401233 398884 396226 403622 399809 407300 396367 400862 397145 387908 394036 398886 403360 397992 398208 401095 396091 387545 394359 396538 396594 392308 395936 405645 398114 392498 393917 397860 395257 400196 394149 397255 398165 395635 393434 394522 396829 392405 392984 399786 397752 396607 400397 400330 384540 388741 390656 405772 394597 398537 401556 393136 390523 396890 397703 396553 400538 403577 401779 393780 397438 404102 408996 407756 404881 393260 401499 404914 422958 407684 391215 392550 396445 403552 402909 408938 399903 396372 405737 405051 403269 400024 400480 398209 405362 393608 402973 402688 399028 392723 396284 404916 405803 398000 391845 403143 392396 397461 390711 407670 392841 393844 401303 397755 394807 407097 389742 402210 409005 408890 404823 398524 404853 402340 404638 409579 404326 408213 407050 405291 396885 411028 402931 405862 401543 396871 391591 401449 400850 407058 399501 406282 397055 401400 402598 404369 396792 399143 395828 395193 398025 401222 411662 407523 405080 405388 403145 409156 406937 404807 405224 400941 406410 396714 409863 409987 407730 407191 407328 402862 408609 414125 403680 409030 403952 407129 413674 404501 396582 407872 415413 396598 411520 413179 399693 411624 411302 404662 409495 400698 399851 404225 397366 403826 404188 406091 401123 403845 410369 409386 406183 406024 404359 415348 407013 403444 401598 408910 397097 413776 406608 409046 411423 413870 571443 413607 549745
536369 408318 566225 400940 402859 399956 404448 399101 394285 409894 397319 397880 387657 401119 391121 397350 392443 396102 407424 399499 399075 405993 407970 399832 397136 403973 395338 405124 404960 402446 399551 394881 402388 398204 401331 401114 401474 394335 396211 400230 407298 400073 396475 411913 399501 403273 398971 410186 402811 406918 413064 397618 404010 393371 401330 388804 408519 395131 387730 396581 389244 398005 395988 399381 393426 394189 394829 400736 404163 396729 402087 397240 400574 400701 394203 397066 400537 402516 401747 393756 390325 395431 390543 402658 408631 396206 402910 401413 402074 397550 394134 399907 398737 400351 403112 393961 407145 397479 405531 398482 399618 397055 389345 396814 396567 405432 400312 398136 394712 391508 388759 389655 394603 402333 390005 400781 406237 399358 392581 384826 399573 398904 399182 398960 393442 402449 397727 392641 396074 397291 394517 398255 396035 393329 396987 396817 403277 391975 389349 392342 406579 393334 395656 396398 394684 393171 395572 400132 397880 404070 395676 403944 395635 395678 398472 406877 405845 396610 397015 399972 410777 415555 406369 397833 397911 394421 402003 405440 404841 401468 403925 399957 402972 399525 400715 397842 401175 401560 397770 404592 404417 400746 399554 396936 402460 402096 402402 395756 403494 397425 395553 397221 407077 398138 401600 401184 399008 393705 409924 386456 401911 407993 403536 401215 396285 404434 405213 407924 408968 403583 408527 408339 402140 400065 408072 405457 406434 398240 397960 395060 401537 404416 407372 399691 405292 399510 402847 402222 402771 395755 401026 397817 395804 398391 401049 413178 411459 403937 401937 403811 405222 402914 410024 410737 398650 406477 398398 408453 402659 404097 405214 410774 404273 415190 412397 403253 412338 408829 405137 416242 407692 399083 410867 415245 397555 405865 405811 402724 404561 416172 404096 404880 401169 399700 403943 400693 405551 406350 403263 400470 408821 407992 410967 405688 406456 399150 413699 409033 400667 401660 406924 398510 410260 411440 414681 408005 410642 572929 415215 548426
533015 405121 564141 398586 396835 402164 396645 396658 395230 409338 401223 397388 390234 401717 395876 394349 395782 395610 411829 399127 403793 405357 405013 397377 396027 403459 398248 397991 403235 403850 396448 394382 401820 403267 397396 398570 399591 391817 394802 395566 402627 400509 398291 409541 396659 397836 401613 402985 401118 408987 408995 392586 403367 389019 400011 391767 406807 390690 387306 394808 391001 399322 395845 394013 398192 393649 398960 404396 403930 396105 401458 396593 401737 402045 392170 389508 396390 399573 405971 389552 390970 397461 384818 398406 406971 393332 402713 399367 399569 392170 394925 394095 397784 400276 402193 396765 404865 396500 406484 393737 400522 394775 387398 391036 392610 403332 397164 397562 395513 396138 389179 393138 393135 403190 391877 396542 407806 397973 388985 393335 397601 397284 396083 397368 394221 400038 397606 388520 391700 393311 389564 396254 391753 392500 395169 398204 398156 387700 385073 391736 414402 389849 398061 399082 396220 392484 396586 399399 400938 402522 405382 404343 393348 397955 404546 404735 403756 403341 397064 399963 407645 420480 405262 396970 394471 397532 401028 404470 407244 395829 399741 400813 407088 401642 399477 396860 402109 396723 393528 405636 401991 399300 398929 397938 404067 406686 398585 398123 402483 394407 393190 400301 406669 394165 396166 398996 399567 395361 407567 393559 406905 405017 404415 400667 397884 405573 411024 404151 404572 399525 404146 400281 402773 395615 409036 400416 408562 401219 399879 391323 401625 402890 405666 397746 402639 396969 401987 404155 407768 399267 405697 399841 398063 398611 402377 406582 408584 403557 406022 398348 400335 405683 408586 403511 396499 410290 398083 408872 407569 402124 406104 407354 404107 409065 417498 397245 410857 406003 403080 416152 403573 402182 410505 413850 397000 407937 411164 403949 406129 415607 403289 405123 398239 402873 405298 403964 403765 407697 405016 401306 407132 414530 408430 405371 407932 393947 414565 411656 400948 402924 409906 402397 406915 409487 409632 411417 415678 578259 417630 551035
534858 404797 565986 398071 402561 402815 398067 396550 398699 410307 394535 397553 386636 400041 395616 400079 396005 391807 411103 398261 401823 407685 404900 396610 394456 402009 393324 397123 406171 402257 393869 395317 402052 403637 394088 393334 392922 390012 396985 401596 402949 400575 397835 405495 403729 402493 403030 409267 403708 410987 406033 395520 403075 394299 398734 391737 407915 393831 387185 396525 387966 395906 396839 400494 400006 395084 400095 402415 403700 397422 400832 398370 396469 398099 392050 394659 398821 397035 401838 391230 393634 397688 387585 399617 405174 395914 405582 394758 402278 394087 398068 393249 396434 400469 404548 395918 406387 399248 403598 396059 397670 397343 388980 391485 392430 398747 396782 400164 393872 393307 385433 393363 399435 397760 391163 398610 402810 396306 390745 387913 399452 395399 395785 396254 394788 400374 400442 394212 395411 395715 393380 392816 393593 397345 397091 401420 401190 387944 388584 392063 408237 394070 397758 394019 395963 392606 398188 398948 397704 399513 405471 403596 398297 397811 398775 405391 404032 406625 396641 397708 406345 417444 402538 394357 397135 398232 405208 403840 408480 401735 398934 398925 404572 399724 398939 395944 403782 402721 393924 406360 403081 399954 392324 394296 402455 405070 397620 395428 405109 393327 394121 397135 407821 389510 399179 396239 398482 391617 406561 391055 405311 408699 400822 401519 400205 406198 401068 405414 407474 404090 404863 403161 407021 394367 408245 401874 406678 400030 397329 393118 403818 402759 405728 401958 401584 400633 405481 403923 405054 399145 401501 398765 396884 394771 400137 402863 409329 400639 397186 405735 404540 405322 410490 406874 395960 402767 398811 409138 407410 403344 408608 405489 400616 412775 414644 399737 408723 411503 408654 413825 402006 398390 406734 411616 399684 403635 408169 403595 404840 413797 405066 409381 398005 402165 407420 397255 395295 404217 402781 399282 406937 409644 410587 409847 405222 402820 412922 407432 404267 400776 406176 401021 412046 409293 408378 406257 414088 576451 411880 549257
533874 408138 562108 400882 401942 404180 403437 396103 398047 408384 398927 401121 385818 396955 396813 398217 398888 397671 412631 398465 398030 405197 402552 401030 396295 401415 393224 396064 404263 406530 396612 393740 402761 403197 399569 393504 396907 391888 395498 401409 406597 402361 399434 404433 401326 400379 401999 405103 398857 408523 410437 394390 399691 392558 395266 387505 406710 392554 390656 395926 387867 397540 395394 397727 394944 394537 397226 401973 404830 393040 406430 394831 400151 399026 395734 391048 400992 400831 404379 395230 385058 396316 385972 397201 407742 393948 399481 398532 400496 392836 396070 393964 397786 400642 402695 394110 400466 399467 407214 395430 397949 400056 386735 394355 392220 399090 396958 398386 394346 394610 382682 392284 397615 400301 393855 394845 405491 394993 389279 384019 395604 396057 398507 397889 397864 400696 393011 394098 397838 396973 391770 395578 397577 394549 391566 400681 399034 392741 390039 392108 408818 396105 399936 395103 394206 393531 398224 399680 393905 401816 400235 405762 395950 392861 403306 400988 402915 402895 393879 397920 413589 419958 407307 390189 397392 397510 401210 404839 406751 404298 398010 402358 401026 403169 400386 398534 402862 401377 392719 407167 403653 400519 394488 395806 405047 405924 395181 393706 403990 396047 394087 397885 409711 394657 397047 401949 398942 398107 407247 393276 403583 407591 404113 404395 402930 402882 404184 401309 406471 400035 409716 401099 402211 396411 408927 403406 406219 402729 398226 393817 401364 405199 406196 401774 404067 395822 406810 399067 405869 397893 402132 395923 394307 395189 399556 408868 406141 402740 403659 402723 404424 406008 402704 404870 396383 404756 396143 411287 412535 406890 405939 406792 401338 409591 415524 395481 410555 406368 404779 411753 404517 397731 411076 411720 396510 409976 410666 403022 403426 413674 402720 403406 400883 404062 399793 400880 401533 405312 402843 399525 409756 409096 406197 403318 407865 399210 410994 402979 399921 401634 406413 402556 407589 410305 410928 407109 409360 580036 415521 550958
531871 405896 565912 400179 398064 407865 400257 398235 402090 409715 399442 402924 384655 400812 398429 399668 397333 392689 405285 399398 400178 403161 403624 399754 399533 399677 396563 399248 404154 405491 397430 389786 397805 403560 403745 397174 402368 392163 394687 396620 404577 400543 398995 406502 400984 400106 403935 408562 403556 403996 406477 394760 398195 391750 398516 391535 409208 390764 387380 394809 385481 393925 397134 399621 393692 390170 399659 403047 405462 396243 402139 395220 400866 399162 396494 393983 401662 396277 404228 392465 391574 392832 386057 398716 404715 391781 403355 401905 397433 393603 396375 392143 401988 395655 404657 391283 402448 400074 409179 392557 399863 398130 389092 394681 393368 396896 396530 398149 395379 393990 389272 387855 392842 398383 393997 393752 407453 398162 394548 385708 399340 400716 392735 400424 394482 395996 394982 393029 394679 394626 388295 397925 398144 394677 395304 400992 405179 390760 391556 389650 409854 393324 401872 397829 395583 393751 397960 395423 396624 403127 401740 403596 390094 398506 402971 404623 404317 401636 393959 400451 411301 416598 407349 395806 396846 397459 402178 400687 406746 401831 402043 400125 400501 401084 398227 396998 398419 403041 391366 407010 405264 396705 393942 397687 405675 412614 397594 394844 402210 391917 397526 395791 411062 393577 396852 400115 399943 396448 408308 390532 401077 408725 404095 400276 405092 407095 402074 403611 407651 401273 406532 406465 403909 399782 410917 400096 406036 400793 400527 392704 403619 400609 407399 396756 402650 399052 405513 404924 402982 396713 402856 403192 395735 394828 398045 406173 409874 401811 403125 404213 399973 405235 406803 401595 397403 403557 396853 411375 405061 401657 408558 408182 399806 410821 416192 398285 408058 407373 404787 411676 402308 397183 411161 409381 398770 410475 411278 402917 403572 407134 406740 409347 397461 401076 402090 402907 402695 406339 405456 399695 405636 408012 404160 406567 409782 398994 411080 405275 399526 401052 407474 398004 410744 408710 409114 404394 410765 579082 418409 549073
535695 405806 564049 399282 404707 404447 400258 398411 397295 409791 396566 401371 386102 401794 398106 398456 398922 391394 413225 400560 400097 404462 401264 399117 400058 401608 396440 396226 407024 402141 397025 393494 400521 405880 397832 396162 401228 392091 392541 398943 401308 405382 394208 407713 403358 402306 401453 404117 400963 409173 407774 394030 405802 393408 401391 389037 407130 392169 390269 398878 386234 395307 396570 399398 396187 395555 396434 404236 403658 393987 403032 396678 402731 401997 392449 394116 400502 400032 405070 393732 391723 398360 388522 399253 409700 392166 403142 398978 400635 395870 396933 393050 398092 399697 400500 396269 407719 399218 406179 394918 399734 396647 388854 393349 395268 404382 397580 397944 395703 397068 384452 391862 395228 402869 392612 398378 406083 396051 395833 385779 399310 396055 396256 399480 394031 403479 402615 397728 394285 395213 391291 398756 392461 397419 393231 398672 400893 386507 387932 396956 408557 394868 402212 398116 397707 390840 396696 396905 398360 404928 401748 406654 393233 397162 402992 407125 405210 403582 396812 397188 404547 418285 406260 398080 393459 398875 402192 401797 403549 398776 402206 402965 400941 401691 398701 399049 400339 402263 391231 406864 405582 389941 398171 391126 404307 406134 399629 395253 407566 400294 396054 394665 407671 393995 396607 401597 401146 394139 409523 392002 403715 409225 401656 402337 401942 410988 406389 404405 409481 403599 409844 404887 399337 392882 408472 403534 408105 405901 395881 397177 403199 403294 409900 399974 405761 397649 397695 406208 405149 398387 401495 400425 398662 398141 401253 410657 406110 403371 403938 405379 403117 404767 407560 402809 397380 406981 395712 408579 406570 405020 405891 409920 401590 407892 416514 398467 408848 406251 404981 410576 407975 398317 407566 409422 396658 410637 412189 400673 408223 412976 405353 407013 397317 397050 403216 403122 402632 405611 405235 401740 406642 409894 405702 405278 405960 400430 412494 404471 400411 400631 404013 399209 407182 411836 406412 405944 413031 568245 415518 550116
536971 406452 564079 399065 402793 405706 402862 401161 392833 411776 400179 399523 386646 400832 394900 398800 398853 395886 411231 398461 401850 410157 404010 397147 396646 400936 393632 396351 407155 402785 399426 396742 397522 408502 399525 399275 401432 391259 396569 401012 402116 403810 399053 406260 397669 401954 401810 408228 402046 406800 408289 392332 401778 394063 394904 390443 403578 392067 391839 396529 388763 400156 397133 400573 398338 391745 400089 402049 402551 393774 403232 399055 400984 395536 394476 395231 398803 398122 402754 392748 390639 396012 389856 400291 407698 392119 402697 400526 401746 398046 395175 392677 391521 402141 407296 396923 407158 398972 404589 394627 401245 400542 388310 391377 393499 401996 395747 397336 391719 397484 391477 392128 395493 402064 387465 394343 408670 398202 393766 388414 401076 397145 397741 398060 398850 400684 398102 391600 398015 395854 390906 395471 395366 392505 395516 401134 402286 387755 390226 392455 406813 395802 394522 398970 393043 392169 397853 398474 399890 407571 399592 403180 392187 394861 400553 403654 404523 406613 398977 401273 411692 419182 404767 393993 396322 397978 402462 405203 409510 400170 398442 398673 401581 405484 400225 405066 402988 403649 397048 409391 402952 398405 394057 393818 408464 407812 396410 394437 400717 396769 397795 399214 407985 393186 397557 397060 396253 394525 411105 393347 402568 402142 407386 402312 399235 406174 400914 404772 411343 402485 407482 402858 402137 398338 413215 405326 408003 402425 398170 394990 405204 404934 407360 397382 406129 398285 404338 404592 403889 399547 405550 402364 393438 398015 400526 405766 408140 402535 402717 405611 402653 402258 408629 405238 402107 405546 397337 406175 403647 404947 404825 404934 403173 410306 411259 397900 408388 409307 405973 411515 402335 398844 411296 409585 399287 408502 410816 404999 405608 415184 404914 406000 394756 402431 402836 400948 405663 407998 405175 403609 410702 408910 410452 405355 407898 404033 410137 402854 400056 402362 405530 403645 413293 406944 409448 408110 411807 577895 417669 549330
537706 405756 563837 398568 397784 401405 398982 402760 400327 411635 400478 397406 384830 400785 399147 394197 394512 390579 410248 399266 400975 404627 403410 397689 399568 402825 398458 397363 403520 401618 392185 397135 402279 405702 394439 395194 400837 391972 392597 397234 400154 399708 398980 408822 401087 400020 396748 410868 400230 404651 410856 395927 404641 389486 396603 389616 404039 392351 389452 395175 387976 397628 401264 400295 396664 390537 397881 403147 400925 399052 401523 394869 399130 399958 392499 392643 402122 393925 404013 393886 388433 395918 384696 397070 406116 396236 403494 397717 399840 392646 392565 392751 395307 398125 400351 391659 403122 397118 408222 394533 400549 397200 385276 392226 390046 400780 394465 398256 397034 392812 386672 393307 398860 399545 392645 395370 405261 399562 390112 384996 399997 394196 393463 395567 392456 400511 399640 394200 394004 395648 389782 394772 394190 393997 392686 398008 403457 390560 387390 392955 409822 390984 400131 395574 394123 391555 394920 396352 396902 400514 400628 400210 393279 396113 397660 400264 405704 400462 395439 405338 409160 414124 407344 395295 396296 399086 400373 399107 404278 396591 401200 397114 400077 403978 397777 394675 404000 402950 395334 403009 401349 395419 394808 392740 398551 406914 400537 392820 402410 393977 395507 397721 409229 393171 398732 401148 398700 392518 407824 389325 402273 407785 403797 405252 399844 405896 402147 407494 411141 401695 406820 401281 403730 399092 412277 401968 408003 401252 400968 392898 403903 404340 405704 399472 406496 396310 404265 406002 407439 400143 405213 394922 395797 395944 397187 407958 409830 401535 401860 402747 400880 405649 409828 404533 398110 403888 395138 407434 406492 403394 402114 405521 397812 407598 414535 395733 406037 407808 403040 412862 398982 399630 408258 409221 393709 408461 414656 405476 403991 413525 407405 407003 396318 400315 403803 396738 401442 406505 406222 399290 405335 409596 409540 404679 411889 398607 411098 406505 402668 402232 407392 401847 408526 405749 409642 400270 409496 573500 414266 551162
536651 408629 567973 400479 403593 405200 404009 405581 399722 409370 399878 401954 387855 403312 399052 397325 399145 395051 411457 400201 402232 407705 402864 400070 393838 396526 400057 396799 404744 407048 394086 395453 398110 402772 400085 395767 401960 392746 391905 397778 400879 401593 397762 402472 401151 398609 401429 403373 399009 406205 408646 394348 403745 396019 398236 388388 410324 392728 388130 397104 392253 396430 399575 401431 399739 392560 400907 403776 404697 395003 400037 397976 399954 399209 395088 391760 395966 397949 402350 388950 390661 398303 388836 400583 408389 396169 406054 402629 403054 394213 399303 395989 397908 400075 401098 395651 403040 396755 407592 397460 399559 397754 388963 394309 389861 403468 398709 395879 392958 395213 386211 391336 395793 402949 392855 397912 408927 397612 389746 386116 398325 395678 396234 397566 396242 399020 396101 391525 395846 395858 388735 395696 396702 396203 396546 400716 397101 391709 383899 396351 407395 390575 395790 394029 395507 391674 393096 400073 397347 403099 402080 405205 392201 394145 396145 401874 398220 399504 391420 396358 410268 415035 407030 394664 394048 394659 400635 404105 403027 397722 398644 400361 405395 401488 397152 399584 402861 402608 396171 404638 400226 396686 392359 393506 401501 403710 396904 398983 402304 395098 397651 398228 407302 389950 396798 401083 399352 394032 406795 386084 403534 406879 403895 400439 402584 406881 400436 403624 408254 402140 407622 405113 401248 402942 405946 399594 406715 400852 394982 394228 402705 400322 408486 401201 406766 398335 404488 403263 401788 399476 403486 399374 392818 397036 399439 410735 405364 403960 402650 404070 406320 406655 408347 409851 400957 405596 396355 407188 405734 402863 405693 402713 400207 407415 412221 399798 409495 408426 406392 413889 400367 396962 410583 407610 394858 407213 411056 402293 405907 414960 400198 405042 400066 401992 401130 403082 397687 404598 399227 400570 409032 407206 406983 404252 411242 398131 409847 403236 397585 398389 407230 398331 409802 409105 408412 403046 415203 574842 413220 549844
533421 406318 569630 400184 399622 400845 400354 401487 395912 409241 400231 402693 385618 403458 395445 394384 398855 393845 412363 395659 399950 407635 405550 402403 396252 400978 397213 396823 404017 404086 398189 395567 400944 403623 403408 394029 401577 395054 394894 399577 399669 396906 396905 407084 400075 401280 398853 410919 403464 407805 411202 393497 402957 393771 398316 389500 409798 392326 390754 398906 385579 396126 399097 400637 398786 394221 401041 403233 403880 399978 400694 397638 400279 396417 391771 394557 399391 397807 403511 390255 394158 400131 388210 400995 408648 393239 402030 402107 398351 396488 395390 395547 392159 399988 404880 397518 404077 395815 408854 390588 398362 394679 389771 391491 392580 398764 395765 400414 397951 396980 386678 392185 392113 398891 395522 402206 405546 393983 387501 383995 398486 393092 395191 401131 394552 400990 400662 390353 398213 395433 392662 394161 394869 396035 397489 397955 401136 391572 388465 392257 403843 392364 401089 397398 392683 389518 396284 398236 399489 398596 402498 402987 390809 395237 400013 406756 404779 405044 393813 397278 410265 418282 401529 395037 391369 397871 402631 401984 405429 397968 397753 400916 400425 398158 396552 399280 398257 398616 393349 405653 404318 402367 400692 394262 402766 405952 398099 393927 399244 395070 396138 397137 407462 394206 395522 401263 396897 395571 411406 392886 402534 405732 407857 404726 397626 406195 401870 397239 407434 400668 404730 404373 400553 398218 404757 399246 405781 402579 398934 393058 405178 406795 406510 396249 403686 398801 403765 408626 404495 398860 398743 397669 396886 397898 396399 408902 405754 404317 397328 406809 399758 400927 407308 405142 399586 406711 398923 406265 409292 405007 407695 404683 400061 413019 409922 396109 405087 402892 404277 415245 397737 395174 406678 408678 398262 405800 402004 405713 407699 413862 401431 407379 394002 397114 401990 397927 406292 402244 403572 399991 407024 413055 409437 406545 404946 402348 411526 403580 399038 400691 405671 397799 407312 411196 407692 408136 409725 574285 415404 547346
535049 409302 566070 397699 392353 403047 403600 396257 399094 412875 399091 397755 391090 402955 397509 399176 400483 392989 409164 400956 400272 405412 406879 398449 398527 400988 397726 396064 405984 399319 399307 391869 400698 402624 402322 400724 399947 392287 392632 401150 400630 404591 401761 409726 400429 402378 405102 407918 403463 411741 404629 393792 404535 396301 397229 391736 404762 396463 384100 397705 389385 395607 396801 401936 397875 392355 400160 402260 407789 394342 404451 394533 402916 398055 398059 398065 400931 400060 404459 394145 391442 402488 390249 396875 407403 390749 404593 398476 399680 390305 398506 391370 397369 400073 401959 397653 405164 394151 405390 393532 396646 391469 384608 392880 394133 402716 395396 397306 396267 394724 385327 389857 396418 402265 391805 395474 406962 395558 390708 389699 395409 393989 395142 397532 396420 400764 395933 395295 393984 392803 387858 398457 396230 396577 393839 400686 401301 392264 396112 392953 407683 392854 399569 400741 394280 392844 395346 393418 396636 406441 398160 402878 388994 395966 402386 402533 406003 399504 394090 399490 409751 417085 406522 391219 393422 401004 400727 403315 405464 398024 401653 399232 407008 402229 399818 397077 403427 395959 391437 407839 403540 395534 394710 394897 404109 400877 398739 398530 398876 396430 393922 396981 411172 390102 396568 402636 396256 393311 411144 389216 403638 411886 402774 400615 405291 407271 402219 405647 409444 400283 405808 403682 402892 397852 406254 402563 402162 403019 402358 394591 405922 401388 409727 397096 403757 398731 402762 403502 403346 401535 402122 399336 395695 395054 400769 408679 406977 400709 405264 403884 407323 401096 403661 404939 399795 402257 401514 411232 405687 402931 404762 408327 407058 410907 417428 399467 408987 400224 401741 413948 401284 398844 405909 410356 398158 411290 408793 404210 405918 414565 406277 406185 396373 398401 405141 401089 402664 401734 408055 398135 402207 408162 408853 406599 410746 399386 411041 405727 400826 402969 404527 401229 409970 407520 409036 408652 411438 577470 414024 550531
538265 406718 573777 403771 400650 401601 402529 398071 398063 411457 403226 403302 388016 403559 400482 396838 401472 394453 413237 400577 401087 405748 405374 396928 399021 402493 396656 397418 408317 400507 396129 394822 402040 401794 398885 397921 399763 396590 395823 402526 405906 401446 400853 409374 401774 401513 405699 409524 406522 410029 407300 393397 403798 393911 396124 394625 406477 398919 385316 397924 393544 401355 404517 401596 399745 393994 401524 398955 405779 399757 405976 399720 403780 400332 397811 394368 400176 396991 400759 387426 390787 396509 388213 396948 399115 392105 403120 401281 399771 393547 396902 390993 396360 399741 402080 393426 407410 400837 407244 395107 399783 401349 388602 391975 389085 402448 401527 397583 397780 393236 386355 391092 395694 397152 393731 399735 404793 399381 392413 385540 399570 396808 394703 397546 395358 399502 400859 392105 393813 394523 386853 397030 395916 389789 395672 395216 398248 387849 389683 400827 409466 397413 400650 400376 393046 390637 396661 397381 396863 403519 398293 403434 392521 395929 398254 401270 406203 403041 394856 401110 409734 416553 407806 395129 395323 397049 397452 393359 403798 395058 401892 406775 401851 401956 398477 396783 401830 395385 392507 405920 403344 398181 396824 391544 403603 404971 393706 397791 402378 394157 393843 402104 412163 394258 395754 402925 398844 396134 411477 393439 403117 406422 403568 399295 399815 409978 402640 406928 409338 401036 409092 405785 404022 399025 405927 397842 408242 405859 403337 394420 401806 404859 406281 399965 404144 402143 402782 400311 407522 401767 403642 396067 401774 397595 399343 411871 411141 403162 405843 407604 398500 404677 407424 407717 398789 402716 399469 408039 405974 403957 410281 405075 400493 409738 411220 403614 407675 404332 405820 413119 400600 401526 403080 410484 397592 405936 410071 403431 404928 413635 404870 405780 394222 403300 401353 399664 401064 408420 402704 402983 407689 406738 407284 402082 411412 397935 411498 408063 404680 402746 402307 399521 410365 409576 408431 407779 408852 574293 414614 548398
536823 407440 570482 400686 402197 405388 402720 399619 394105 410280 403168 398131 383717 401712 399511 394027 398456 396273 415066 398670 399976 410893 407559 397338 399870 400273 390433 395127 409383 400519 398001 397062 404258 407105 398467 397131 400920 393509 392687 401148 400676 401841 400328 404748 405650 404840 396517 409141 401550 407650 411577 395170 407691 395106 400716 388617 406889 393708 391777 399154 391965 397905 396808 401030 394961 396878 402311 406000 406141 394500 404658 395733 400083 397593 394420 393974 396618 400817 406227 395030 394602 397884 388140 399249 407423 395722 403274 395372 401176 396425 396537 389899 394934 399246 405693 395035 401733 398920 404199 393346 402619 397639 392666 392241 392892 398696 396201 399839 396572 392446 390690 393055 394909 402066 392569 391672 409799 393692 388314 384870 399320 394825 396329 399291 398114 396635 398762 392098 393031 398002 393492 396600 398194 392263 393201 396432 399064 388234 389639 393087 409987 396476 395866 395306 398186 387839 397155 397996 395763 405533 402738 404469 392235 393999 404281 401394 407147 397555 391647 395987 405867 415564 403457 392477 395293 394046 400010 398757 405611 398666 397339 398263 401931 401720 398420 397745 397758 398444 392499 403634 401894 396459 397870 396003 404389 407686 398025 396842 402662 393687 391677 395241 404948 389868 396901 400058 398019 394560 408899 391620 400206 407625 401885 403053 405540 404657 402418 402700 406286 403251 413987 402918 402600 398422 404937 401621 406889 406385 401797 397041 402473 404112 405737 402515 408895 398830 404413 404177 405243 399223 401182 394098 399158 397529 404644 411693 410230 401017 403321 404428 405557 404231 406045 409463 400508 405727 402157 410927 408419 403492 407916 405166 403294 407698 415702 398893 408133 404969 402407 408557 407858 400117 410511 415644 393348 402246 412381 405822 405184 415022 407551 407553 396287 402059 404525 402565 406334 403996 398982 404910 411430 410437 411720 405365 405045 402414 407547 409963 400986 402879 404597 401194 411518 406712 405626 404479 410081 575844 415078 545358
536199 407051 566389 398901 397367 404339 400759 397958 396771 406742 398237 398891 388814 400436 397899 394943 395950 394885 409884 402100 405288 407921 405402 405714 399382 402195 393202 398854 408184 405036 396015 398284 403363 408729 400361 397267 402746 396090 393832 399737 404733 402939 401415 408566 404076 401148 401456 406596 405351 408891 414426 393534 405095 395267 397382 388725 404559 395993 393134 397870 386552 397738 397372 399021 397440 393425 399847 403874 406108 399424 405125 401415 398852 397967 391982 396887 400647 403046 402842 394482 390244 399990 390241 400098 410675 393715 403159 401437 392678 392225 394643 394492 397206 399890 401534 393537 402433 399408 403787 395463 399512 398405 387274 393533 392464 401931 394638 398003 397182 397083 384742 392834 395785 401918 393451 395700 403296 396761 389483 388300 397726 394162 391155 399945 393096 398025 395559 391544 393774 394266 389456 394823 392890 394543 398348 393569 401656 390746 391206 390984 411212 397616 392574 394906 396678 391431 399809 394451 397549 401989 401707 403298 391073 396797 396176 406138 400351 394971 393874 402010 410307 418391 402277 392996 396764 394191 401041 400443 406117 397612 399308 398137 403665 403986 395881 395299 399698 400749 389182 405894 404080 395689 397959 395059 405913 402286 396299 390821 401699 392035 394756 396982 408226 392007 398789 399890 396307 391666 408106 393364 404514 406041 403313 399867 402005 407918 403978 404151 407232 405744 407251 404409 401932 404052 407597 403495 406649 404034 402705 393278 407847 403830 409779 398245 403774 400470 403658 406061 404615 397973 405955 394193 401577 399796 402546 407862 406440 406359 403024 407352 402772 404278 409805 403200 398384 406377 400065 408746 408411 405255 410157 405864 401637 405243 415292 396651 408913 405248 402029 409839 399173 397823 406722 413432 395840 406745 411671 399997 407880 414646 408882 405045 397386 399710 401974 402800 403824 402807 404081 402539 407973 405689 410642 408175 409692 401103 407293 408832 400792 404358 405890 397597 408969 410261 406546 409805 411133 576208 413385 549363
536648 404886 566208 402930 399699 408884 399675 401073 393094 411675 398979 401659 389595 398171 396497 398633 398551 391417 409085 404243 399827 405700 405729 398749 397540 400048 397865 393804 407767 402768 399285 397340 400731 405224 395735 395292 401213 393045 390044 399340 401695 403568 401895 411338 402606 401564 399195 409447 401777 402982 411235 397994 404530 395419 398122 390370 410379 395285 391685 397265 391809 398475 400520 399904 395814 395245 400622 398753 404222 394111 402010 399922 397906 394633 393712 397259 400723 398581 402921 393376 393298 399507 388167 400962 402109 396560 407922 404850 403914 394968 398720 393129 395968 396495 404870 394554 402930 397183 398911 391535 401691 395618 389172 393744 393854 396449 397426 397823 392105 396440 384978 391807 391151 398510 388039 397020 405212 396763 391700 384513 397347 398753 395010 398961 393468 404580 397961 394710 397684 391949 388412 393251 399053 391687 393267 400044 398300 390430 386073 395506 409763 388730 399998 395455 395398 391469 394509 401458 396094 397179 399758 404719 394399 396301 399542 400068 405601 402724 396705 399288 407593 418131 402586 394708 397340 395398 398120 399590 403122 396865 399292 399853 404433 397429 398129 395081 399074 401718 390651 406794 399257 397195 395228 392577 405010 406651 394671 394995 396599 394697 392365 399759 408496 389755 398503 400211 395527 391711 411798 390204 406399 411452 399937 400299 395387 401594 400942 400729 411208 404859 409932 407973 407596 401260 406919 400551 408402 402258 396557 395563 405021 402353 408681 397411 406310 394747 403436 403661 404559 402395 401274 397137 401241 395788 399942 410847 410003 401516 407261 405999 407586 407212 406180 405670 395943 402083 394440 404163 401613 405835 410270 404721 402950 406854 416035 401185 405932 405118 400548 409066 403504 393371 409686 411961 398400 410691 411144 405036 402892 415244 403640 404103 395964 399453 402211 399452 399823 401866 402044 396533 401669 408327 407410 401888 409880 399457 409771 406976 402775 403281 400863 400546 408986 404174 412891 403976 408656 571711 413728 548787
537642 402807 569507 403447 401315 404055 403898 397962 400992 410168 401257 401831 386366 401829 397969 393739 393511 395707 414225 400556 404731 407136 407031 400243 400421 407845 394803 398318 403949 401892 391168 394199 402454 403113 397746 394193 400790 391044 398964 401781 402965 401145 401398 409403 404347 397739 402536 410144 401331 412666 409534 395910 406213 393342 398346 392655 405885 398518 391039 396641 385749 399172 402157 402917 401386 395424 401925 407629 404579 399457 400928 398474 402607 398991 391693 392919 401126 401541 402586 392839 392580 401227 387104 401610 405429 394185 405114 403110 403020 393460 399111 395977 397942 397754 402986 396220 403478 397432 402532 397557 399147 399006 389783 394776 392649 400036 399020 397951 390846 398828 388224 384351 395219 397807 392010 393999 407493 399256 390775 379933 396975 394233 393891 400575 395832 402246 398640 393532 391615 391763 389852 399306 397850 397846 395364 398089 400302 390628 392512 392454 404123 395666 398204 397176 396943 391677 395670 397331 396386 397277 401123 404583 396547 395712 396927 403285 399459 402463 391247 398165 407871 418281 402552 393440 393597 396811 403616 402472 403365 398850 399015 396643 404516 404394 399346 396376 398010 400127 392717 402386 399480 394902 398035 397318 406087 405277 397793 392912 400859 392778 392850 396149 409645 395615 400149 402569 397459 389960 406424 391681 401644 404818 408039 401011 401126 404191 403956 400794 409718 400813 407192 401078 399617 396171 409620 403986 404129 403289 401057 393445 401521 401130 404274 393808 405905 400165 404641 405743 408439 397376 404333 399913 399516 398737 401722 416479 408102 401382 399286 404995 407372 405903 406869 406315 399389 405534 396929 409333 408039 403640 408812 402090 400031 413351 412103 399876 406552 406478 403195 415222 401824 395653 408880 409330 397906 406656 406036 401656 405657 415441 404127 408440 397965 395935 399763 402172 402336 404566 402392 399755 410023 409092 411133 403631 407860 401034 408539 406851 401394 399937 405539 397909 405128 405013 410634 407376 408850 576601 416198 547304
537450 408850 567969 405575 398668 401638 405969 402711 400102 412227 404453 398056 387190 399661 396255 396253 398814 395316 417181 403319 403638 408851 408281 399582 399411 402837 398017 397710 406056 404180 400519 394833 401348 407965 400297 397418 401194 393082 393570 404046 405346 403513 403485 409553 406883 403727 399347 406978 402957 412325 412896 396072 405963 396676 399476 391588 410151 395176 389465 395105 390125 401811 404828 402505 403788 394966 401167 406951 403588 395634 404082 404023 405109 402180 395930 397676 402938 402147 407783 394568 391188 397754 386875 402779 404349 394352 403850 403806 401573 397329 402604 396944 398382 397264 404026 395882 404427 401433 406353 397927 399672 394887 394022 391106 392906 399913 398514 397568 397026 395252 387599 392060 393093 401891 392177 394694 401242 393693 388926 390305 397412 390901 394222 402278 393597 397818 397223 390867 394703 395324 390124 392779 395833 394275 396214 401897 403159 389580 390736 396380 408310 391626 398047 398235 395422 392019 399262 396069 397304 402489 400329 403247 392655 396955 399638 402311 401974 402732 399428 401018 404017 416488 404084 393575 395633 396803 401394 405424 401343 396853 395415 398621 401496 401965 398436 399294 402566 399392 391177 404766 397758 397727 396480 393064 403435 405912 398944 392552 402524 395531 392183 396344 404578 392502 396999 400926 397684 396881 408466 388939 403872 406042 403411 400963 403811 405332 400903 405096 407134 401657 409489 401965 403326 397541 408254 402308 410658 403647 399972 398601 405981 401318 409690 401072 407871 400032 405531 407794 411890 398749 399283 398161 398250 396389 403992 415023 410799 396995 403752 404963 406429 401830 415834 409500 399462 407972 394133 412467 411290 407047 408777 406368 403988 410729 412459 395954 402309 404049 408327 412557 401549 399043 408846 405447 394128 404759 404600 401011 408394 414189 402447 405151 393042 398786 400194 397903 398494 406652 404235 401251 411537 414871 406949 402485 408699 402897 408735 402984 399203 403202 403114 398692 408207 409193 409455 410165 410034 576803 413630 549814
531693 405044 568029 402367 402301 401702 402221 404654 396465 411691 402025 401481 384655 399251 398875 394864 400514 396951 411450 405011 401911 406347 405297 399598 400388 406561 394067 395598 406235 406865 398173 395766 402917 405234 401119 402557 401769 394202 392153 397781 410011 402053 402633 408702 404927 397845 402671 409988 403178 407256 412830 395402 407602 398227 399032 389804 408753 392636 388838 399269 388165 403200 401442 400722 401522 390897 401629 404160 404983 399160 403230 399568 400668 403080 391791 396518 398325 398941 407152 391364 391885 396610 388873 397527 409349 394414 405516 401632 401227 397148 397182 391703 399882 395672 402898 397266 405285 398796 407564 392426 397710 397681 385392 393638 393922 401831 394273 399984 396272 395112 386569 391037 390609 399686 393329 398653 406479 394962 395187 382467 399657 395763 395705 392760 394831 402049 396175 389834 393154 397946 388316 395317 396043 396601 391342 396036 397588 385162 389932 395878 408258 392336 395832 396073 392405 390388 397385 397716 394889 400812 401482 402567 391326 396536 400255 408040 401192 399406 393669 394713 405793 420587 403644 394379 397575 393180 401884 401732 405796 399574 396745 399516 403594 400345 397573 397087 401065 400033 390570 401596 400626 399423 395304 392802 405386 404252 394530 397528 404118 393086 396121 397194 407080 396277 394097 404282 397650 396662 407512 390454 402227 403736 403923 401625 401403 406077 401752 407076 406468 403761 410629 402206 405000 398840 409762 402300 407041 403663 395828 394041 404226 407087 405622 402662 402100 400661 404790 408919 405168 404195 405760 396887 398886 400922 402071 412683 407906 403200 402270 405273 405045 405599 411740 409119 400873 405171 397254 410834 407869 409225 409746 405803 399657 411409 418581 397427 408337 404591 401613 410968 402730 396727 407412 406403 397882 407452 410122 399908 403753 416125 405847 406891 399166 399666 398141 397867 403928 399816 401438 397561 407329 406039 405299 404110 404321 400310 406975 408701 393930 402095 405365 399131 409447 410739 411594 403577 413756 576438 416609 549065
535645 406651 566791 403171 399277 399264 400962 400288 396836 411709 397629 401341 385384 404198 401617 398078 395642 391938 409264 399474 400505 409089 399776 400383 405501 406443 395424 397900 407390 401173 397715 393493 405178 407303 401619 399233 399789 392473 393608 399162 405920 400554 398948 407117 404211 401670 403270 413734 402098 413789 411163 397010 407644 393741 400888 393392 406244 395191 390528 397850 389013 399825 401773 399431 397077 398129 406470 405910 404372 400065 401600 401938 400347 401101 393131 397374 401132 401569 406454 400186 392257 395493 392833 401916 406782 393680 400911 405911 404521 396479 396222 390932 394339 399210 405281 394275 403519 397980 414094 396013 399356 402451 385788 395603 396129 400128 399709 398960 396031 394302 389517 389925 390768 398255 395639 402152 403725 398705 393355 386343 400052 393193 393442 393669 396414 401104 398492 388096 394231 390387 391833 396966 393968 392815 395999 396724 398656 389491 386123 393303 408029 392191 401163 398899 395982 391812 400515 395880 395326 399410 400372 405148 391168 396712 398422 403924 403972 403902 397661 398161 404445 416550 403731 396752 395259 397141 400214 401948 401560 399751 402449 399010 402329 401642 399217 397667 401224 394147 391530 401805 405484 400463 396167 394292 405902 408063 396848 393838 401633 395617 394965 397400 408304 391349 396883 401482 397820 393354 409085 390694 403914 407149 400465 403731 399242 409718 403830 403883 406480 404071 406451 400110 403967 400434 410497 403189 412591 405019 397716 395524 405516 404420 406674 399421 401963 399268 405341 406644 410614 399488 404539 400289 400452 398452 400030 411819 412023 402601 401994 406720 409653 403178 409006 408006 401929 403721 401126 410331 404095 403136 408805 403813 405896 408875 419361 398549 404126 408227 404221 415413 401203 397487 408603 408108 396981 406254 408707 403648 402412 410770 402550 407992 395533 400408 403397 400695 403986 399746 397035 400572 405543 409277 404039 403140 410027 404485 414933 409391 402410 401640 402397 398473 409076 409270 408896 408974 415025 577414 414803 549903
537129 408477 563571 403529 400174 403261 401871 405382 393167 411011 400842 399406 391105 405585 400625 397469 395790 396451 413349 398921 404586 405726 403653 399960 401348 402706 397247 400399 408965 402985 400079 396410 402274 403610 397265 399993 400356 394744 395197 403271 407358 407156 401963 408777 408724 404580 403718 410928 401754 409166 412935 396800 408513 396601 399230 392206 410695 395853 390480 402064 388879 402422 401645 403914 400558 394165 402890 403100 407530 397982 404250 398612 401741 399987 396084 397756 396768 405372 409618 397497 391174 402144 389427 398944 413071 398630 406328 401061 404298 395481 400176 395615 397322 402438 403766 394861 405478 398786 406255 396264 399163 397492 391826 394286 395642 400939 397634 398071 398615 393054 391365 393577 394501 398886 393367 398027 404584 397047 392014 386831 396660 392661 398319 395783 392541 396541 398609 389350 394854 392783 387763 398363 399550 393934 393294 399384 400405 388543 387151 392715 407885 392302 400584 396169 392885 387275 395662 396413 399627 400988 398107 403341 388375 394314 394806 398786 402502 401112 397424 397109 408175 413130 408797 397831 397713 397627 406422 403853 406916 398442 397123 402095 400859 397471 394682 397740 401188 397468 389101 401906 397793 393065 396559 392860 404864 405308 397536 391926 405167 394201 397701 393909 403668 391394 397510 396004 397886 393378 408292 389810 402911 407451 399180 400603 400200 407474 402594 408433 410238 397365 409805 400250 402166 397456 412167 399962 409028 405987 402723 399170 402188 410588 407206 406410 407733 397949 405137 405316 413096 399048 404497 400284 396654 400341 403148 413535 408668 408760 405240 406124 404895 404756 405989 402907 399729 405820 399129 408930 404802 407335 405441 402273 403531 411372 410771 399344 411343 403736 405432 411411 401604 399991 408501 408721 396484 410629 411319 402231 403004 411888 405138 409611 395642 396317 405636 398103 400765 403667 403437 398947 403868 407506 407698 409579 407396 400239 409692 400772 397486 402101 403959 401388 410589 406266 408309 405373 411956 577120 412743 550275
539545 410545 567237 399131 400214 405219 399653 399469 398665 410556 400817 398519 385472 401392 396481 391981 403220 396543 408573 404196 400194 407970 406500 401055 399302 399707 394385 398271 408327 404648 397709 397327 402833 406381 396478 397370 403839 394148 397915 397577 405643 401424 399747 408149 405090 403422 403164 405913 403694 412759 409859 401982 405497 394186 399124 392964 404995 392911 392742 396857 388507 401654 402107 398682 400842 397011 401567 406160 407990 395268 404356 401008 401529 400724 390257 398439 405107 399443 404138 393587 395523 400246 390189 404822 409605 396630 403491 405404 403249 394972 399602 393484 396716 399665 404363 395467 407265 399115 403389 391856 404102 399436 389156 390711 394084 399387 397449 399530 393922 391974 387098 390248 390864 401059 390669 393902 405366 396330 390227 386971 398459 393331 395525 395263 399182 396942 398866 393816 396851 392007 392442 393644 396070 393462 395380 397032 394987 384385 390803 388532 405760 391954 399207 396161 392814 387818 402217 392498 394791 397056 398087 402380 388464 394895 397856 404876 399846 401296 391342 398187 407949 415295 404960 393400 395659 392996 398940 402101 407748 398946 399526 398654 405191 402033 400029 395837 398211 398287 395902 399173 400487 394237 396625 396452 400202 404403 398993 390829 401501 392642 394231 398026 403840 393049 396797 397850 394452 392521 409118 393028 400264 408400 403839 399497 400209 403358 402901 405053 408899 399547 410174 405541 400122 397942 408858 404145 407478 405797 400885 392786 408622 403089 405832 398053 406602 399823 401582 405935 409409 400444 403847 395166 396199 402350 401594 413202 405131 403834 400541 409554 405193 406309 406737 409065 400216 406151 395823 410866 403182 405360 410253 408033 404622 409523 414979 401874 407529 406701 406256 412201 403879 401724 404439 408702 397088 405451 410161 398943 405511 413293 405800 403582 397921 399367 399321 399382 399449 399544 399692 399307 404915 407475 408769 398417 407145 400938 412730 406001 399634 401927 404213 396776 409288 408198 411594 406749 414688 573247 415445 548437
537576 405912 571805 399880 396163 403975 402796 397677 396148 410913 401219 400807 388389 400104 399619 397555 395059 397913 413516 400004 403600 408200 409154 402317 399381 403613 395669 401932 404573 403663 400362 396066 398512 408200 399597 398857 402099 392126 392384 398954 404994 400884 397407 413879 405923 403376 405567 407160 404109 406270 415364 397375 406699 393801 400888 392194 405227 389855 395108 400316 387389 398636 399733 396625 403407 397187 400482 402246 404794 401075 404351 397477 404979 399725 392931 393641 398145 400476 406273 395049 396607 397423 390309 400917 405371 400730 405942 403460 404083 395173 396542 398652 397114 403028 402395 395168 404156 398865 406994 392975 402520 399869 384918 396054 395281 402188 393584 396123 397463 395232 387442 389756 398245 398218 394499 397084 406224 399644 395760 384188 397849 394676 391872 401013 395914 398500 393592 390631 392355 390914 386760 394407 394811 398964 396497 395206 394621 387015 390828 393979 407400 390763 399585 398443 393862 392775 395085 395036 397534 406419 401936 402789 390655 396312 402740 400955 404808 400525 394180 404651 408498 419238 401902 395233 390779 395127 398734 399375 397340 397137 400148 400804 398183 396402 398600 394955 399080 400718 392315 401969 399808 399367 393360 392497 400554 404534 392740 393130 402362 395849 393948 399371 406141 387986 397382 403738 392041 395964 405712 392888 402652 408079 400361 400002 398115 407575 401283 403228 409835 400682 403845 403488 401472 401032 405049 404520 410726 403875 393451 394070 405676 404504 407009 401750 407722 395320 405531 409590 407435 398764 403916 402332 394345 400098 400783 414506 407684 409080 406387 409714 406590 410671 413644 409242 402470 405069 398360 411692 411081 402728 406683 408041 404318 407430 413020 400144 404417 403884 402747 416501 402126 394673 406064 407146 394605 404990 413329 401544 401127 418110 405648 406126 396242 399739 401475 400389 402498 404289 402787 399128 404782 407427 411201 403823 407211 402277 409533 409047 401492 404149 397622 395096 409954 408649 409449 406971 408358 570910 414704 549056
537560 404479 571933 400540 398099 401975 403172 402771 394065 407266 397360 396236 385983 399548 400629 395061 396819 397224 410121 398505 399533 407002 407809 398434 395826 402713 394809 400687 406926 402434 398793 396693 400019 404241 398540 401475 403952 394765 395596 401688 404646 399767 402423 409860 403038 401099 400027 408190 401472 406663 414499 396135 410862 394881 402186 391853 409045 395668 395673 397439 389612 397987 397684 399385 402555 393434 401855 401390 404426 396997 401776 401400 397330 398734 395598 397259 402489 402971 405849 397850 395785 400825 389595 403851 412441 396846 402864 401711 400584 399594 399211 394825 397792 403782 407891 397745 404809 401337 406076 395325 398242 401258 389965 392906 394790 397988 395067 398350 393317 395515 385037 390276 393483 397377 396142 396918 409844 398870 392790 391034 393508 395442 397808 395875 397549 398419 398350 393027 394230 392699 394901 398021 401116 395356 392542 398185 401749 390190 386096 393099 408670 392954 401283 398196 390806 389153 396996 399451 394229 399892 399320 402468 391627 396137 397481 403701 402022 402374 392499 398217 409701 421881 404165 395661 391691 399605 400882 401562 402340 396602 401513 398625 406164 400445 396728 397105 397683 398459 390276 403523 401850 395553 399256 393591 405414 407628 394525 392796 401022 397716 395453 395086 407745 392210 398555 400339 396522 398283 407008 385747 404479 406677 400743 403275 402567 405763 401920 406283 406677 401709 409354 404596 403509 397991 407127 401403 404824 403569 399941 391863 405701 406619 411015 401443 407598 395831 406809 406646 405018 400452 405360 397330 397870 406124 400646 414781 409140 405620 408390 410120 405850 405945 411944 408441 401442 405262 403425 409273 410253 407009 410754 406651 403372 414609 417764 402786 407147 407940 404130 415131 403597 398261 406031 405855 395359 407297 410308 406484 406731 413545 406799 408515 395938 399931 398550 399152 400157 404202 407296 400889 404327 410711 409406 404757 406747 397725 409266 406760 402809 401603 402778 398625 411897 410028 408130 403121 409221 574179 414399 547071
535690 405434 564268 402079 400688 404968 399917 399712 395996 411460 401718 399300 387832 400585 398131 392262 398404 393848 407660 399915 402205 410587 402939 399751 397403 400915 399644 400292 405698 405991 391577 395899 403746 405531 397379 394337 396444 392901 401852 400457 404199 404825 399613 406442 402869 405326 400696 409750 404369 409409 414874 398642 402804 396610 399668 391529 406888 395891 386761 399058 388661 401139 400953 402287 401651 394998 398632 408366 402380 395032 410378 399810 402914 402159 396374 399272 402319 399205 408486 393255 390961 401103 391683 403613 407226 395808 401564 401899 404328 395356 397550 395969 392712 400261 404750 396168 404145 403155 407576 393221 402256 400815 386639 391178 392176 399011 395188 396556 397849 393770 386676 392412 394978 403551 391971 398882 404889 402824 389220 386423 400036 394225 395675 401618 397165 398567 398988 391727 396634 393251 392433 397715 395566 395136 393341 398303 397426 393783 389092 388634 407032 389510 400425 395903 393792 392038 396061 400201 394005 401576 397311 401563 392625 396174 401719 401285 401489 400831 391517 397343 407362 418509 404673 391176 397887 395770 398803 397945 402179 397611 397130 399829 395804 396949 397846 394782 400711 396516 390217 401919 403346 399739 396324 391166 403708 406047 393953 391288 401620 388180 394559 396465 405782 391203 399065 398366 395713 394389 408121 387348 400600 408771 401241 402485 400636 405878 399524 407144 402835 400272 406931 405304 405672 399343 405733 402882 411590 401573 395306 396392 406600 406640 409897 399050 405517 397943 403484 403973 404770 398420 405968 403254 396231 395731 397908 411911 411974 406265 404476 405153 404990 404830 409922 406493 395788 408379 400005 412085 408281 406080 407351 411365 399360 410829 411564 399705 408072 406558 401546 408515 402121 399916 407962 413459 400387 406231 410081 399491 404550 412989 405202 409442 399341 404575 404266 401068 401506 405306 402296 400339 407536 408369 403772 403868 410281 402874 414126 405151 400875 400430 398338 396340 408816 405899 407899 401454 409834 574841 413583 549943
536516 407145 571476 404432 397574 403609 397050 398298 397975 413035 397799 399619 392465 402768 395516 396936 398203 394432 410362 401349 403599 402946 405280 400906 399359 400960 399492 397027 407332 402459 399678 392901 402223 407320 397354 396165 399763 392405 393792 397823 404489 402131 404534 408861 402338 401507 401328 409860 402484 409925 406590 393562 405429 393060 401451 389014 406023 397108 392511 398655 386503 399534 401882 399973 399135 393254 402711 406862 404585 398301 408087 397957 402909 403405 392228 392626 401701 400459 407278 392290 394204 398099 385860 401273 406938 396989 403629 400032 402733 395816 400041 396343 396540 402463 401953 393480 407015 402018 405572 399619 402724 398629 389000 392380 393691 402829 398874 399316 394502 391612 389657 387906 391344 397703 390831 397024 406238 394612 392114 387643 395358 397704 393626 395518 397720 397197 395784 386693 392553 391145 393778 394999 395698 391354 393798 395387 402234 389747 388979 389894 408687 391883 398979 398776 393722 388791 399589 397992 395217 399120 402108 402755 393497 393705 397485 407125 401695 398993 388747 394019 406805 417078 407951 397049 390466 392011 404127 397269 402385 397398 398684 397501 402387 398114 397318 393374 398718 397385 386849 401987 397833 395426 388811 394675 406796 405064 394986 395989 402445 392407 395646 389828 406254 389655 396095 400305 394374 391853 412034 387904 405088 405366 406177 402774 402349 403586 397079 406627 412570 402992 407640 402378 399954 395514 407757 400270 411288 399816 398539 391193 404962 405888 406817 400269 402010 397050 405210 406920 409277 399764 402067 398398 397617 399223 399245 413059 412245 405257 406543 404360 407143 401107 409685 405529 398115 407269 401671 411410 405125 407509 408516 406177 403278 412933 414310 399478 406197 403475 403722 409590 405994 397736 410971 413299 393801 405784 411179 397242 405306 415485 405118 404973 400000 399907 399132 402468 400102 404525 402779 397768 408599 409550 406170 408156 410575 398758 408073 404539 401483 400801 405511 396488 408215 412269 406291 406709 411816 576034 410872 548503
538841 405027 567806 398687 397864 403560 400224 392968 395149 409723 397721 401476 386010 404433 398502 396981 395317 394711 411549 399253 403607 402467 400082 400160 395715 401656 397284 395547 407598 404818 396892 391651 400924 404014 396939 398257 402975 392611 397054 399109 403830 401848 404599 402731 402997 401059 403520 409479 404834 410146 411601 399696 402524 394398 399449 391147 405166 397378 393562 399346 385413 401057 399691 398755 399768 396314 406406 403929 406271 399406 406238 394105 403858 403204 394222 396213 400670 400932 404265 394191 393361 401766 388138 400217 405456 393824 403497 401760 403988 394069 400311 389899 397543 402092 404987 398106 402855 399219 405021 393288 400795 401880 388842 396006 393028 401613 398808 396937 395648 396140 394382 390402 395502 401535 392268 395333 401614 398525 395416 387335 402945 393859 398297 398379 394916 394494 400526 391981 392469 392768 391397 399496 394167 393959 393436 400121 402759 388060 389032 392402 407831 391441 397766 397519 396742 388241 395920 397492 398613 403355 398662 405211 390895 394210 398571 402631 403630 400233 389199 396693 404236 415599 405849 397804 394477 395690 402525 399026 401454 397320 396533 396978 398392 393174 394592 398175 397561 397532 393712 406250 397194 393059 393635 396957 400184 404255 394779 395101 398836 390565 393161 389907 408751 390998 397084 400525 399039 392684 404021 389487 398551 407320 400964 400451 400277 400659 406613 407790 402308 403053 405975 405851 404383 397539 410282 397052 406007 404184 404719 397745 404609 405961 406538 400853 404359 398073 403833 408346 406396 398615 406135 397748 396759 399003 402796 410480 410297 404184 408559 406968 403086 408376 409963 412388 397966 405225 402997 409325 406550 408159 408178 407197 403168 412512 418031 396831 408852 406161 406355 409903 405100 399426 407402 410335 397796 408027 412668 403051 408140 413290 406722 405516 394617 400500 402011 398169 403390 402695 404019 401260 400142 408324 410611 404545 406559 400381 412142 405514 399995 402901 397421 397136 411090 408575 406089 402988 409653 571509 412651 548037
536149 405321 574069 401800 403155 399576 398706 398152 397532 409365 397869 400383 385810 397197 401424 395980 397875 395567 409637 396878 400915 408517 402161 398204 397068 402578 394655 397283 408831 399516 394699 394842 403948 405088 398549 401457 400679 390813 398357 398955 402905 406419 402145 409718 402457 399998 399552 408880 401935 410474 410250 394566 405844 395129 399448 389700 407185 393945 391809 399118 391501 401845 397776 402549 398731 393264 401321 402527 407011 398674 404536 399458 404397 402368 398208 393264 404787 401997 406899 394906 396598 393848 386993 403173 406640 398756 404627 404334 404453 398519 399326 395015 400132 398125 403116 394098 407830 398574 407786 393529 401713 402625 391832 396792 392465 404170 396841 396301 399229 394962 384533 393918 395912 399773 395101 397721 400428 400935 392382 392512 395214 397972 396740 401074 394543 399641 398617 393907 398314 394535 391302 391028 397954 394939 394640 397531 398232 392503 391540 395113 406717 392210 400929 397689 391962 391138 395713 397011 396228 400425 397911 399827 392052 397629 396020 399705 405366 399526 393227 393582 407664 419380 409076 392584 390554 398069 398526 398287 403921 401172 394349 397156 400462 398803 395478 394281 400031 398187 389958 403774 400422 396090 392032 394791 406765 404887 390538 393446 397915 394334 394209 395950 402486 390492 393155 396526 398229 393294 405722 389892 403015 404677 403948 406270 396885 403653 398319 404624 407520 399021 403667 401631 402310 397979 410738 400495 407803 400660 398843 397428 404838 403151 414693 401346 406070 397932 405763 408710 408878 399124 402215 396356 399488 397586 400503 411347 414218 409272 405478 406277 404129 406015 408429 408307 402867 408063 397188 410588 408786 407223 409191 409857 402172 409658 413203 402561 406813 409843 406019 415147 407897 403355 408959 410203 398388 411229 408495 405153 403567 417525 399975 408168 401121 400589 400671 402586 404465 399074 399967 399475 406239 407575 406302 401932 406894 398420 407686 404219 398090 398953 404262 392894 409261 409625 404361 402127 404311 574476 412951 548178
536747 409629 565885 398804 400421 403543 397392 398781 396921 409484 397525 402296 386704 403053 397365 394256 392321 391831 408848 402247 401096 403639 401544 398912 394990 403659 392642 398711 406444 402062 395298 397283 398291 408911 397578 400799 399570 394021 397374 399426 400156 399323 400817 410124 400588 401868 400383 410130 405475 409412 412670 395844 403765 392335 399076 389736 407193 395534 392575 398719 392328 403101 399746 407797 401692 395088 399430 405562 407685 399026 405411 395199 399781 399937 396183 398015 402156 400150 404662 396094 390191 400275 387743 405358 410200 397266 407052 410930 406323 393056 400339 395736 398902 401108 405358 394552 409926 399291 408630 395654 401474 399538 390710 396500 392939 405890 398618 400221 396822 396749 383332 394390 396968 397030 392916 397495 405874 391733 395980 389000 399558 399449 394968 401454 394681 398633 398279 393037 401195 395751 392391 398665 394012 392677 396493 400695 400957 386296 387064 392263 408969 393538 399194 395432 394643 389588 394343 396117 397363 399916 399007 403194 393760 398247 396168 400914 401572 400670 392895 401033 399079 417224 408226 392218 396166 395523 399423 398125 403342 396236 394205 392901 399233 397208 395847 392959 395908 398019 390108 405840 398609 394067 396183 394903 405050 405518 395517 392834 400567 395799 394560 395905 408466 392488 396779 400872 399044 391191 407980 389108 400523 406293 402519 398690 399305 404355 401409 404988 410231 398830 407325 403233 401157 396905 408910 403974 408726 404923 399901 391435 400935 403816 401675 400652 405189 401046 403648 405715 405042 394678 403152 401119 397592 400466 401568 411573 412577 400587 407113 404091 404778 405520 413910 405773 398572 405769 397717 414294 410901 402811 404810 411686 405533 413772 416767 401060 407926 406797 407789 416232 403782 400351 409197 412928 397322 414242 410389 406587 408221 416096 405992 404806 397513 401039 399969 398687 401248 405131 397961 400981 406438 404894 408235 406985 405005 398923 407986 406442 400028 403374 404806 396735 410554 406692 407624 407203 412377 576489 413871 550285
532084 403934 568912 399214 399787 401170 397663 399236 399188 409629 400733 401767 390420 399717 395684 396698 398942 393868 408969 399855 399270 406572 401112 394799 401020 405246 394619 396979 406318 403711 399292 397003 403384 401059 400206 395718 398241 386339 395076 399506 405270 398376 400712 410415 404867 405370 403657 409041 407659 409696 407117 394469 402906 396966 398744 390874 406273 395559 394386 397420 392305 401468 397597 399600 399941 400232 402405 406066 406299 400734 404749 401635 405398 401519 398064 395924 399536 405496 409155 399887 393259 398718 391590 397969 408320 395037 404647 400455 405381 393643 401682 397161 397167 400413 406368 397701 407962 405432 407774 395229 403072 399053 389857 395196 396993 398253 399642 401753 398125 395467 389843 390166 394982 400008 393975 398990 408372 398810 394194 391084 401726 392813 399544 399576 393330 400807 399667 395339 396213 394957 393161 397236 395162 395264 396153 401324 398079 392247 389841 396482 407095 393157 397829 402984 393308 386691 395236 393241 393061 400324 398991 402320 395585 395451 397175 403133 401605 397803 392890 397447 404396 415105 407181 394613 391553 394808 400405 398574 405404 400713 399537 396596 404466 397208 395863 394259 398209 397526 389362 406910 393237 397328 394167 391727 402379 404577 394991 390028 403017 391626 394179 392479 409074 394940 394832 402466 392570 393096 408559 389189 407411 404123 401950 397032 395586 405498 403190 404569 404261 404879 406101 403312 401279 396713 404500 402548 409903 399432 397215 400338 405078 399837 406452 403068 404652 398529 403868 407890 405411 399845 403495 398154 400596 402594 399661 410528 409236 406581 408638 403773 406068 402933 410219 410059 401802 410005 402608 412898 410520 408057 412156 408564 403867 413273 414389 402255 411677 406177 408124 414552 405777 399967 412186 412128 395445 413232 413006 403050 407290 410856 405328 408383 399131 402654 401782 400015 403436 402632 403054 396722 405671 410265 410215 401508 408624 401900 410607 405649 401387 401478 406617 393949 408256 410270 405527 403025 409354 573098 416957 547825
536460 406893 566344 401734 398619 401161 400181 396605 395658 411077 401642 400267 388906 400414 398752 398541 400850 396524 407239 398044 404966 405902 404711 395880 401201 402941 393337 401235 406575 402327 397475 394231 400491 404663 395711 395154 400405 394433 395945 398066 408230 403385 400945 401835 399969 400428 402561 409251 403267 408748 416049 396302 403283 395285 397816 390036 409404 400192 391708 400794 391779 397989 396472 404459 400914 395760 403630 404052 405626 397728 407887 399032 407023 400453 394891 396473 399902 402389 406309 393041 397046 405251 386256 400824 406731 399351 405570 405964 402852 396469 395521 394530 397461 398226 407392 398699 408691 401777 408323 397506 402271 405292 390997 394204 395551 402490 398551 395621 401305 399735 390120 392311 392632 404384 392474 400142 405843 399228 393839 391042 398062 396197 398747 403123 395491 399516 396077 394103 396323 394571 391256 398278 397780 392433 395662 400015 402489 391078 385490 393326 402663 390222 395926 399939 393232 390897 391220 397601 399338 402848 397724 406610 390279 397923 401920 400884 404094 399423 395647 396637 405006 417243 406695 392215 394666 393346 396861 399710 403024 395327 395400 398893 399528 397054 394674 398213 396674 402701 390761 405445 397921 397556 393650 394691 398561 402404 393945 388455 403289 395815 388417 394117 403903 396004 394767 395520 398901 391199 413093 388653 403382 412088 405732 401774 399339 406908 405803 405238 410591 400620 404353 405835 401921 395805 408114 399308 403701 406746 395860 397651 403965 404889 405985 399329 401820 399941 409027 404904 406535 398186 401502 399885 399749 400394 403268 415493 409183 406394 405579 405970 405224 407042 411710 412052 399795 407305 399834 411926 408161 407062 408520 410437 405402 411144 416905 401278 412986 408608 409721 414779 407164 397187 413680 415153 396216 412057 411729 408315 402937 412808 404184 408540 397999 399283 405892 399019 404004 402064 405572 396123 405977 409722 406348 405429 406478 399315 412298 404524 403150 402300 403398 396211 407968 400823 405378 406080 409377 577585 413918 548017
536800 406441 566715 400111 397761 406121 402804 394563 396017 413586 403088 399643 389279 400692 392204 398166 396732 393056 409949 396462 404650 404958 403528 397452 398271 402895 395299 396900 407486 404863 404127 394491 402081 405555 399262 400425 402682 393360 393965 399154 405257 403716 397115 408584 403029 406217 401400 406741 400191 411816 413312 394676 405233 392076 402381 391546 408738 394579 390655 399551 388400 404944 405291 404183 401752 391735 399219 406956 409684 398452 404369 401084 404064 401833 397357 400123 402475 402119 405218 396471 393617 401749 390438 402060 413992 400419 407170 401196 405173 394888 399672 398983 399147 398390 401850 398067 408014 401966 407189 397937 400120 398895 393214 398729 397336 401733 399894 398202 398076 399153 385349 390206 395157 401023 393592 401841 409885 401185 397199 385986 401837 398589 399152 398293 393827 399600 396050 392993 397510 396639 393956 397321 396593 393829 397371 394964 400505 389342 387046 394897 407192 395444 398919 397721 391160 392093 398032 401177 401159 399521 399989 403464 390690 396965 398838 401320 401653 402407 395086 398790 408334 416009 403916 392042 394295 398305 403589 400335 400221 397341 399363 398552 401668 398858 394680 396218 397316 399824 392360 402398 396873 392410 393896 392936 407459 404965 396802 392708 398280 392923 393995 395763 406509 389046 393754 397823 394047 391440 410380 389994 403314 409779 402195 402609 400905 408672 401740 404287 412100 401896 406511 406388 401914 400847 410194 401666 408171 406634 400166 395287 402848 403988 407823 398474 405425 397521 399520 407428 406004 398099 404966 397175 397852 397676 405145 411637 411042 403729 403284 406779 401939 404244 412257 408634 402035 407262 403498 407391 405515 411598 409188 414083 405734 413128 415801 402139 407980 408036 409728 415450 403860 402900 407717 416036 400516 407006 410317 402934 406183 412578 408156 404948 397451 396159 404584 401372 404205 407658 405290 401055 408754 408840 409729 407775 413030 400329 408483 406166 400031 403814 402741 396554 411033 406948 409311 403802 409732 569631 413224 545110
538014 406242 573164 401269 399523 406022 402672 395695 397589 410675 402894 394851 387672 403395 398756 395853 394554 394435 409232 404399 401876 411927 404779 400203 393140 407607 394967 395353 404251 402345 401233 398320 403256 404621 396014 398409 399325 392274 397897 400978 404050 399337 399952 410072 400854 403827 403158 408057 400651 409984 410811 395648 404220 397117 401443 387503 408887 396427 390774 402753 390637 396153 400600 402601 399660 393173 399441 403581 406933 394550 405727 396150 404049 402589 396611 396949 401979 403603 411229 395402 393565 402304 390457 403060 409942 398333 411407 401617 402399 398092 403497 398754 400150 396750 400094 400849 406032 401069 408124 398980 403686 402516 390324 396361 399164 402637 398580 394968 400504 399808 388392 393634 399838 403138 391294 403281 405693 398288 390207 393021 399524 397020 397827 400977 396287 403228 399684 399451 398092 394048 393166 399240 401021 397597 399535 397724 401054 391823 391195 392612 408130 394259 398725 396709 394865 390948 396627 395135 402957 403110 397874 402614 389084 398249 398833 402606 403506 401356 393305 399810 407238 415862 405390 391542 393521 398919 402259 400467 402439 395249 394572 397937 399262 400459 392185 397913 399841 395001 391244 398931 398821 399189 390343 393449 408024 404451 397228 389384 398406 388384 395030 390599 403402 393964 396406 399786 395652 393735 407020 388505 398552 405175 408906 397864 403153 406871 402788 403745 410547 402884 407573 401457 401224 397691 409405 403189 407272 404670 400612 396390 405865 403013 408368 403377 404091 394091 405489 405946 408309 397966 407344 401652 400786 397055 399074 411384 411143 400776 404746 409373 405582 403790 411047 407684 399821 409573 399462 412388 411961 406486 413973 408112 405452 413331 416901 398475 405044 404957 407863 413697 402439 398967 407124 410087 400219 411794 408957 398721 407687 414542 401623 405730 398184 400507 401483 403848 397778 404753 402233 403603 409442 411409 407642 405907 404758 402150 412827 407926 397729 401348 404245 401543 409590 407522 407314 406358 409716 581901 413276 547382
532762 407742 566790 402318 400807 402492 396540 397475 397159 411481 398661 397803 390335 395614 392092 397148 400963 398393 408847 400048 401929 406949 402168 397879 397561 402149 390157 396346 406023 402724 398134 393640 402133 408357 395846 398586 404491 392261 397600 398977 408271 401075 398815 407361 403358 402418 399905 404576 399936 406179 408767 393247 404807 394440 399164 392365 407824 398516 389644 401214 390618 399346 402276 401131 399855 393429 400558 408999 406329 397651 405069 397912 402205 401705 398099 395932 401111 401806 406084 395485 394157 402960 392462 402744 405205 397411 405763 407791 406836 396926 402121 396805 399658 404863 404895 400817 408025 398600 412391 399148 408483 401509 392920 397760 394926 400953 400685 402437 401345 398508 391436 393101 394057 404294 396587 396929 405936 398625 392765 391994 402012 399899 395581 402376 395565 402987 396893 395050 401131 390643 391276 394493 398248 395570 396343 401209 400642 393039 390636 393511 407892 391921 399433 396811 396096 391468 400679 399708 398880 400971 401106 401243 393571 392084 396141 402790 402423 401626 392095 398327 411701 416638 403057 392363 392197 394041 398908 403120 403728 402030 401135 400078 401885 398292 391608 398019 398742 398395 388923 402460 397992 394405 394483 393917 403993 403297 392852 393743 398220 390059 394089 393508 404381 391215 396052 398235 396707 389220 410224 392979 403816 406588 403925 397050 398169 405908 401229 406247 409414 401243 407225 404527 401377 396564 408573 398561 405909 405335 404277 396775 397499 407001 405538 405768 404237 396866 402836 404353 406923 399902 403319 398499 398796 400674 398413 410532 411765 401741 403898 406447 407309 407324 411786 406252 400585 410510 401291 412124 412260 405698 409683 411274 400796 416653 415764 398881 410213 404741 408837 412715 403188 399341 408796 412704 402880 407568 412706 405447 406174 413384 401910 410073 398438 396080 400276 400490 402564 405091 404435 403119 408600 407172 408799 406638 408616 400803 414175 402243 406779 399650 404898 398905 407073 408049 407247 404568 408528 574141 413022 549411
536877 409233 568364 403525 398881 403479 399062 397656 399449 411568 397737 399777 383355 401202 398054 397549 397881 394687 412342 394916 404227 407438 406962 396844 393257 399660 393755 400713 406372 401823 397990 397909 397817 405936 400376 394538 402169 391026 394159 400474 404900 399397 401792 408605 403119 403611 401047 405818 403671 410768 408939 396550 404076 392164 400574 392444 404624 395532 392262 397748 390851 401020 403753 404560 403257 393352 404074 402764 408758 393177 403968 399797 400368 405264 396573 399033 403657 402485 408818 394248 394759 399559 391431 401876 408886 395707 404139 406240 406080 396653 397682 395430 399695 402177 407386 398458 407198 397939 408178 400937 403537 404805 391171 395845 392839 398761 398028 397654 398712 397839 390904 389480 397037 399029 392053 399147 403900 397996 393070 390127 397478 396674 395366 399291 400252 402786 401335 397033 395745 396293 392671 402308 397812 397719 397082 403279 401965 392275 389852 394778 408440 394231 398237 397419 397349 396464 396297 396336 398984 404611 399915 403454 395313 393737 402343 397523 401982 402510 392989 395281 403599 415186 403499 392471 393749 395068 401341 403128 405624 394054 397376 399282 399649 398799 391839 397181 397635 400992 390013 400169 394479 392944 394206 394756 405704 404215 393163 393611 396926 394568 394553 391010 402549 395374 393628 401530 394459 393007 407372 389146 400446 406024 402569 404216 400859 405570 396957 402799 409198 400712 408221 405370 402724 396336 404637 404600 406555 402591 395124 397470 401783 400693 404934 400377 404175 401116 402190 403896 407792 398326 403382 399588 395312 398020 402301 412791 410834 405054 407279 406681 409479 411815 407612 408851 402347 409730 398956 411801 406197 409577 411502 408404 403828 408712 418734 403576 411763 407617 408337 417896 404991 401008 411164 415697 396949 407940 414568 404938 407985 416117 405950 409700 400483 401633 402567 406427 406943 402630 401711 401792 404979 410104 414125 404796 413687 400498 412140 405802 397750 405767 403149 397195 406499 408268 409717 402925 411322 574932 414711 547750
539156 403905 567395 401520 400833 407233 398849 396187 399650 408187 399784 400067 389290 403998 397562 395317 397308 397259 411713 397046 403974 406056 402808 397898 396370 401695 396066 397506 409884 398942 400397 395509 401260 404695 397541 399190 402581 392040 395688 403431 407271 403785 399435 409949 401203 398558 397218 408158 402129 406867 410885 394174 408953 391716 396672 389138 408729 394343 393739 399112 388550 399768 399885 404051 401407 394673 404631 405960 407081 398213 401653 400924 401651 397892 396190 399339 400178 404148 407023 392970 390905 398783 387443 403136 410860 397269 406383 401011 405617 393677 395844 399669 398259 401581 403357 402445 409481 399908 407802 397678 402305 404004 390320 394449 398286 403056 401312 396748 396054 399513 391302 394896 395297 404025 394543 400808 408738 399768 396363 387910 403347 398741 399975 401327 401639 402648 400052 396105 401974 396285 391928 399683 399267 400878 396513 402836 401472 390653 387061 392173 410905 397007 401147 396761 398726 389782 400344 399890 398132 404204 398570 401963 394242 397463 401236 405639 404328 399717 394516 399718 405596 420594 403398 389499 394579 395601 401215 402326 405076 398628 401603 399879 404407 400192 398415 396337 396991 400267 391431 403889 401610 399508 396773 395215 402796 404582 395311 391982 404788 396179 391016 396419 404990 391967 393936 399900 398105 390860 405657 389055 404377 409886 399228 398835 399829 404171 402407 402156 408888 401324 408164 405672 406325 399044 409998 403415 406968 401089 400404 396501 403649 407813 408298 397640 404398 403618 403633 404328 409788 397545 405031 400429 394721 397187 403032 411311 406144 404240 408280 408101 404770 404295 410080 404225 401139 412737 403822 410765 403394 410109 407515 411475 405563 410248 413074 402213 410043 409465 410378 412409 404512 398489 411664 411558 398421 408947 416331 404177 409710 418688 402813 406424 403810 403885 402575 398620 401997 405859 403302 401266 409217 408115 409195 409388 409193 403255 410034 402861 400773 405825 404890 398333 404523 406977 408415 405280 407331 572568 411917 543912
535691 402706 566364 397595 398783 401878 402058 398528 395396 410361 401493 397421 390594 398922 395085 398266 392935 392860 410361 397831 404154 407561 404552 397054 395643 400234 396692 399147 407809 402714 400313 396750 400700 406295 397123 394340 402594 390125 393595 402413 405858 402643 398313 403290 403321 405475 401091 411236 402105 410313 413791 395908 402268 396072 396001 390140 406842 391956 392681 401558 387885 396933 400938 401941 401890 394580 404989 408721 403055 395916 407908 397250 404106 401504 396809 397355 398899 400110 406527 389928 395630 396317 390880 404221 409651 396792 408724 407032 404251 400271 400575 396401 401359 399677 405141 394716 407860 400560 405206 404177 402347 403879 389561 395518 395147 402190 400490 401447 399120 395902 391291 390530 397198 403139 394952 397858 407553 397383 389752 391864 393841 395738 399073 395763 397556 402726 398222 391589 397677 396967 391983 395982 399419 399432 399843 396648 402818 393209 388561 393283 407032 395218 400891 396415 400738 391486 399469 397802 397778 397626 400391 402312 393002 395489 391901 402353 404674 400891 394014 399676 409168 416787 403946 394991 393475 395890 398179 400294 400844 397834 399587 396266 400222 399186 396197 395359 397466 399459 386902 400623 401982 396976 392571 393491 399976 403388 394914 391574 401177 389625 394227 387412 401800 395045 399823 400445 392857 390972 405832 388578 402649 403055 405593 398461 399857 404258 398350 398907 410719 406350 407895 405284 404068 399038 404776 398800 406586 402906 396252 395014 404121 406930 411818 401110 404703 393749 406739 403334 405721 395544 409202 398441 396155 400629 402735 412682 410133 406481 403771 407878 403833 407057 410083 407565 400747 409146 402492 412113 410539 404564 409576 409371 406646 410866 418545 400869 411458 409400 402417 414754 403321 401041 407312 414264 398492 410146 411413 405764 408643 415726 408352 411110 396005 403241 403521 401456 401613 411930 403601 404676 409270 411398 408480 406585 409372 400464 408432 407201 399911 399646 408011 401601 406406 407649 411298 407730 410523 572185 414259 543288
533491 405437 564942 398270 401213 402018 399882 399930 395308 411332 397643 396378 384413 399170 398131 395170 397053 394241 412744 402187 398448 412282 403055 399311 398357 399760 395761 395439 406302 401510 395463 395427 400080 407239 394598 398441 401223 389892 395688 397005 399807 401706 403404 406935 400154 397887 406873 404504 402596 408867 409698 397382 406498 393516 399479 390005 406942 393520 390864 398460 388972 402184 398265 400938 400575 393310 399266 409782 407809 397786 404217 396622 401950 400905 396798 397916 402606 401949 408313 392443 396037 402631 392038 401743 411498 401356 405984 401395 405032 402235 401006 397508 400639 398028 405837 399796 406784 400792 407139 398887 408542 399584 389811 396133 395844 401162 398806 398336 399672 396216 391112 394098 391179 402628 393359 399474 405498 397298 396355 393035 398758 398289 401186 399553 396794 404296 399140 397116 393794 393981 390615 399789 398243 396717 397082 400755 400874 387441 390233 392891 411545 395526 397261 400091 398982 388532 399878 399720 403215 403035 403441 402198 392449 393268 397459 400328 403230 401650 393008 402618 407758 422674 402539 394863 395650 390062 397824 405516 402380 398491 399949 398408 401175 396737 394566 398384 397204 396266 389544 406140 400605 395263 395900 393125 399563 404662 395447 394315 398031 391730 394445 393574 403999 391740 397305 400232 392524 393853 407839 385865 401483 405098 399333 395243 401835 402025 402246 405095 405879 400964 406444 401015 400261 396998 409082 403960 405272 404392 402539 394103 405228 406095 407554 401257 407815 398409 405395 404226 402899 396477 404150 396418 396566 399520 402619 414579 406830 407393 410962 403901 408153 405465 407469 406054 403230 407849 400319 409088 411039 404220 409767 409170 404721 410930 415116 399463 410151 403225 405614 413941 405318 403846 408667 414997 398283 410051 414632 406068 407184 413766 409512 406286 399807 403721 404987 403439 402839 403663 408791 407480 406943 406573 409107 409794 409868 400502 410581 404328 401001 398943 405018 397235 406861 410274 408726 406190 409838 567233 417758 547326
534742 407840 562132 401843 401521 400939 402691 394955 395584 405280 402588 400045 387956 399905 395748 398443 397797 391888 406303 396649 402236 405134 402021 398947 399396 401905 392440 394760 407330 404652 398462 389169 402061 404910 394939 392654 401743 391621 395822 399495 403883 398752 402612 407463 402187 404629 396889 413931 402824 408633 412108 395853 402455 396066 401962 389523 407065 396439 391048 401908 392779 399451 399178 400179 400721 390583 400507 404744 402954 398858 406591 401021 402901 398649 398944 395860 402544 398972 400840 395665 393804 399516 391880 401542 410664 398833 402417 402841 404484 400435 400144 394926 397012 401217 402324 394266 411513 399090 410353 398216 402571 400135 394495 397771 395815 400286 394666 401997 399053 394613 391910 396556 393054 401662 395328 396260 408103 400071 392663 386669 401237 397093 398157 400549 399509 403555 401674 398459 397574 390814 391773 399651 403423 387910 394498 404294 400556 392507 391917 395866 408103 391857 396199 397731 399369 390010 398805 401771 399134 402076 398628 404829 393332 399238 401677 401491 402159 404481 395379 397815 407489 418948 406597 397934 393713 397000 397931 402151 403378 397853 399625 399561 402326 396658 397688 395110 397375 394476 388705 400518 395943 393848 395732 392563 404157 403517 394501 391876 400572 391593 391982 396359 404756 389121 396056 400450 392789 393949 404550 388573 402458 404640 402211 399481 396516 402001 401026 405129 406620 404358 412029 403969 400489 398990 408905 396792 408369 406857 398441 392405 404954 404466 402099 396173 408497 401718 407992 401992 401711 402205 401871 397822 398114 397872 399192 412064 409293 402922 399500 405992 407359 405244 412193 409972 396782 406849 404251 412620 407101 407043 411493 414537 403821 410443 414539 399404 408769 410407 408692 414321 402442 402096 410436 413372 397308 413862 411730 405258 408263 414528 406987 409194 401401 403835 406758 404668 405742 405687 407035 402539 408594 408389 409580 402395 410265 403421 411342 407467 402099 400932 410316 397546 411153 411103 407122 406098 406701 575985 414686 549632
538564 402883 570907 400063 400016 402918 394748 400870 392806 413149 400161 396926 382139 398005 398954 397545 392615 397151 411263 400172 400687 404545 399082 401214 396901 401585 392052 398708 403861 405550 394695 395229 401566 400157 396045 392972 400683 388985 393484 401821 406850 400321 401388 407407 404529 403137 403963 406837 400397 409383 412241 396981 406464 393077 402463 393176 405290 395562 390054 399456 388757 399595 398447 398265 399116 393867 400352 409311 403288 399093 409016 396005 400756 401015 393489 401813 398255 402856 403381 387127 392713 399469 390970 403100 408862 397905 410603 400982 403656 398036 401833 395622 401980 401296 412323 395979 405592 400108 407709 394849 406026 400372 392787 392690 397332 406394 400387 398306 396430 394820 391416 392160 396230 400165 394430 398652 407495 402043 395078 390990 400970 392753 399443 398589 396283 402589 406026 394526 394265 392659 395074 400626 399318 397212 399898 402367 406911 393933 390423 392953 412049 391663 400906 399488 399157 390928 394017 397910 400633 403414 400937 406252 391843 396352 399490 406938 404852 404167 391154 399734 407269 417191 405901 392394 395628 392203 398194 398552 402020 400595 396591 398915 403796 397106 394971 396897 394107 397030 392819 399523 400464 396100 393234 389725 399589 402091 391656 391737 402309 392223 396086 389229 406645 393048 392033 397615 394025 393878 400748 393192 404262 408727 403643 393844 397976 401030 402100 401741 409839 402359 405555 400465 404713 398594 410235 404334 403844 399625 397390 389533 402465 402865 405874 397930 406295 398628 408023 403353 402052 400491 403635 397701 398470 401383 400872 408713 409909 403750 407239 406926 405039 406403 410747 413225 401242 408457 396447 410095 406083 408535 409440 412154 404727 413381 415977 401596 413025 407533 404016 416420 395331 401459 412290 409698 401337 410638 410253 406883 406266 416416 403229 411373 401641 404370 406361 402937 406095 407134 408201 400343 411867 408089 406920 408971 406409 402585 408797 407289 401322 397977 400136 399382 410094 410353 405788 407103 408993 572458 412417 549215
534025 408847 567699 398373 402975 403816 398996 398530 395797 409590 399506 399010 388813 403195 393911 393984 404044 393239 409304 398550 397546 408931 402405 392026 399543 397506 395393 398433 406653 404796 396964 397638 402187 401459 393475 396841 401184 395905 397092 399956 399278 401888 402538 405733 401932 402385 402028 410571 407814 409925 410576 398396 406867 395616 398465 389262 409000 393913 391806 399702 388767 400938 402890 401307 401276 395824 404650 406755 401961 400638 404760 401136 401362 402740 401828 399079 400528 400770 402124 397022 396233 403678 391677 400460 409737 396585 405720 406031 403405 398162 399301 393754 400423 403644 402975 398554 407384 401558 410309 397299 405088 399263 391927 395470 396285 401319 402342 398788 392309 402963 387831 399683 396444 403557 398451 399783 409806 397872 392234 388695 402440 397684 399457 398765 396861 401304 407364 393775 396737 394717 392469 398416 398955 394974 397879 398493 402592 390794 391876 399672 408589 393588 402714 399297 395290 395783 398659 400182 396848 404262 401457 406111 392771 399747 401919 401683 403317 407387 394126 401442 407118 420611 406871 393223 395035 398709 401879 404287 403293 398112 401497 399208 400776 399199 397259 397152 395327 398067 390920 401147 399160 394839 390742 391855 399664 404696 396408 391797 403426 392292 394298 392469 398808 388809 391105 399983 396795 393160 403613 390488 400347 405260 403641 401339 399875 406594 403817 401924 406513 403955 406607 401751 404420 399751 406802 403307 406363 401224 398826 394115 404594 407702 404165 403838 407717 401085 406084 408027 408380 397278 405081 399971 395628 397860 402070 416664 407873 409296 405181 406374 403308 405778 407567 408046 401562 406952 400391 415417 406593 412626 409431 412746 407221 412426 414616 398342 411037 408630 408446 417388 404201 402982 412256 411277 396842 409737 414340 405893 405261 419357 411613 408550 398587 403592 405756 403344 400999 402026 401799 401764 412750 415798 411083 409790 412361 402970 406597 410755 400896 402180 406244 400256 412256 407902 407921 408484 408089 577058 414547 549257
536131 406440 563696 399199 396974 399590 400439 398360 393817 413324 397959 398500 386701 399216 399409 394997 399619 395809 409144 397373 403354 408018 401822 397617 397663 403206 395848 394463 406674 401362 399818 392695 401099 401294 397701 397455 397370 391750 395159 403223 404867 399635 402155 409429 405967 400526 405938 412169 400950 408667 414593 396708 405968 396739 399223 388979 406519 396026 394393 398099 388880 403227 402313 405139 406689 395119 397794 400716 405008 400437 403409 403363 405990 402814 397143 401335 404164 403838 406392 394692 390963 396775 393692 406879 410589 394724 404222 401017 408182 401003 399454 396313 400897 401350 405422 398058 407689 399407 407849 400931 402936 401756 392388 395014 396874 404679 399279 399089 400799 393194 391276 392915 398336 401301 395046 401720 408422 397056 389984 386258 402211 398850 399488 399921 393378 399659 404021 394448 397655 393275 392171 397671 400874 397322 395504 399872 402300 393274 391709 397939 411759 396134 403369 396956 398152 392771 398914 398706 400528 404539 401353 401382 393022 396099 398712 401176 404799 404545 398005 402195 405945 417919 403161 392380 394990 397962 403493 399916 404234 396862 399653 401387 406382 400887 398786 400233 399799 395446 387613 404826 397069 397674 392513 392329 405104 407437 392300 389899 401019 392486 392611 395815 409506 395410 392331 398353 397571 393393 408422 385864 403213 404051 402116 402356 400522 409211 397302 403354 406310 399247 407955 403236 407428 400583 406749 400544 408872 403742 397401 392771 405437 405724 403938 405471 409072 396339 404213 409189 411567 394312 407886 400825 397585 396077 404918 415664 409318 404510 408988 405401 403416 404656 409078 409951 398390 411599 399786 415120 410277 411400 407682 404033 405937 411906 416938 402384 413994 408681 408628 419725 406564 405237 410946 411679 401504 409739 411218 402174 407866 410315 407216 405886 403606 401850 404199 403694 402870 404724 408207 402219 412135 410981 411221 408640 408252 404536 411357 406785 401612 406384 407409 399873 407978 410157 411833 406051 411501 577564 413853 549540
535569 405042 567666 402773 398554 402458 400141 395970 397096 409550 398050 397338 388087 396666 395714 397392 397347 392638 408394 398780 401088 406776 402700 403874 396885 405161 395718 397325 403414 400844 396764 391065 402146 408470 395734 394048 401567 391149 395901 396901 404162 403321 401013 410296 405004 402469 401827 406970 404485 410608 411367 393694 406050 400897 398221 393135 406501 397527 389391 398668 388291 402162 401935 402296 400107 393258 409133 409874 402421 398789 406633 400668 404353 403888 400761 396783 404364 404006 407180 397478 393093 402141 393104 405291 409947 397152 404659 402151 404259 401814 396542 396653 400033 401724 404967 397586 407784 401248 406367 397096 401390 400357 390572 398082 398123 402882 395996 396967 400123 394726 388178 393553 401676 398844 390533 400345 406861 399366 392925 390601 402233 397042 395369 401825 394666 405245 401814 394775 397822 395849 394656 398213 397223 396025 392025 405517 403960 389777 395328 393604 406553 391897 402284 399896 398489 389149 399298 399368 401554 403237 402467 403778 391444 400216 400422 405947 405388 404098 396268 400533 405718 418329 405783 396509 398423 397241 401963 400370 406651 399568 402733 400589 404877 399978 395728 396879 400885 398354 391896 404062 403161 392435 388201 394944 398517 403873 397294 394657 400058 394145 392591 393253 406555 391566 395166 396210 398174 395501 408281 387160 404252 404317 404041 397023 399519 406334 399129 404245 407646 401400 405867 402878 402337 395727 409129 399601 409520 396755 400728 395381 405998 407995 405182 399703 409690 397335 406906 407710 406955 402180 404649 399144 396813 398956 401105 411195 409920 400524 410321 405652 405483 403913 412810 408607 402287 403405 400380 411969 410525 409242 410170 409196 405104 414152 415549 395276 413176 411585 406071 415424 403792 403566 411066 415901 400489 411206 415086 403237 404082 415383 404219 404927 395142 407542 403844 404900 403064 405038 407005 400989 409495 412252 411229 410128 407814 403212 412158 407377 402555 401698 409266 400098 409063 408700 409619 411159 410192 576191 413442 548064
531961 400998 565843 402757 401106 403008 397194 395912 391145 408122 397194 396279 382846 400775 396380 398442 395290 392230 409239 398942 397283 402725 402658 399105 392224 399612 397423 396163 402370 402989 396288 391916 400376 405563 401343 393953 403810 394528 392125 399110 402999 399596 399326 406158 402722 402164 400061 407398 397921 407833 413471 397481 407036 391348 398643 394075 406209 392296 393102 399459 390166 401266 400494 403886 404118 396376 402397 403625 405749 396428 403554 400032 406663 401275 397206 395688 398680 403807 406334 390246 395837 400137 387563 403155 409983 394289 407083 403872 407277 397969 403051 398260 400019 401268 405969 398021 408001 405155 408904 401141 401850 399039 390836 396874 394989 401252 395865 399553 397230 401362 387906 392585 393749 405505 394885 399209 405114 396628 394066 387545 398740 399906 400928 402160 400974 400292 402075 396243 396548 395912 392302 398545 399035 395420 398917 400024 404953 389309 393408 393639 410676 391436 402734 397657 396884 395801 400877 399575 399321 403334 404308 406308 392755 400521 403246 403610 404428 403455 394187 400711 408550 416684 403448 394462 393877 393644 398413 400666 405590 399028 398169 402466 402669 399888 395546 394476 398867 396341 392864 402787 399175 394918 394165 391686 402060 405492 394040 393597 400363 390399 392677 389481 404502 393519 395495 401183 395313 393619 406878 391250 402777 403923 400629 399349 395620 402225 397633 402253 409030 398489 406477 401464 401582 400001 414829 404271 406371 399580 398974 394239 404559 402357 407805 396997 402106 399910 403379 405677 409066 399911 405015 403170 395563 404740 403600 411869 408575 402785 399822 407569 408122 403922 408155 409581 400899 404765 397089 412505 408216 407517 412644 410579 406991 409655 414938 396838 409065 409277 408212 412657 404839 397572 411472 408528 399893 409083 413763 404765 409234 416325 409079 405556 398699 402072 405780 404059 403161 405764 404669 399242 406214 412397 412524 405334 410599 403424 412854 407262 399330 399857 406213 398863 409489 410610 407752 408097 408802 576267 413631 549400
538757 402682 567770 397238 400358 402236 398003 400384 398113 405219 400381 398521 384418 398786 395189 399090 393151 395385 410839 399073 402039 410178 400705 397591 395462 400480 396924 394788 403329 405451 400582 389157 404833 404083 394573 397963 398764 390646 390023 397548 403357 402712 395527 407320 399593 397903 398399 406199 399038 408383 409124 395377 404748 394052 394649 390524 407224 393727 391781 399494 395129 394800 398518 402057 398269 393796 401344 401553 402173 395283 401125 406766 399387 401418 392226 397223 398487 399300 404798 395501 392190 398980 385508 402401 411584 398043 407546 401576 405012 398824 401486 394819 396088 401937 406637 396869 409150 403893 406091 393718 401628 397106 391916 389783 396005 402472 398505 396731 402021 395932 387596 393922 394496 405358 392919 400824 409014 399929 393946 389515 397541 394580 396368 399553 399354 403058 404398 399117 398335 396726 392791 397695 400462 394377 394017 402680 403051 388352 388469 394476 411267 393801 401224 400110 394821 394591 396093 400707 402474 401452 401329 404123 391693 398543 400957 406066 405043 404076 395592 394468 409040 419988 408793 392953 396075 396553 398330 404805 403494 399491 400149 398429 402534 399446 397652 391438 399033 398779 389636 403589 397471 395361 389371 395561 398644 406830 391469 391485 401147 389760 393494 392849 406788 391565 393281 396409 396396 393799 407447 389393 401185 407533 400079 398646 399436 402669 398389 403555 405463 396935 403224 399982 399631 398848 406198 399061 408210 401957 395326 393678 398662 403285 407002 403130 406621 395268 406649 410230 407717 398743 400683 399275 397423 399142 402024 412088 407228 403115 405093 405453 402587 407318 406139 406421 398429 404785 400491 412532 407180 407951 409081 407568 401991 412444 414413 403643 409122 409421 402062 414061 405027 400331 408051 409048 401740 413041 410075 406124 407283 414429 407027 405773 400237 400279 407046 400103 405552 406230 407010 403829 408063 407366 410483 404618 409806 399505 413250 406101 407188 404989 405965 400263 412603 410100 407406 405644 410761 576566 416763 549445
534761 407551 571357 399180 398788 398476 399695 398798 398069 407292 397782 399250 388565 401326 396541 394303 397363 388764 410563 396692 402904 402672 403657 395826 396173 404123 395270 397390 405986 403633 397845 390976 402991 399359 395873 396570 399309 391978 392213 399608 404550 400714 402434 405180 402631 401158 398814 407243 402787 404737 407682 393215 407347 393130 400268 390844 403476 395417 391568 395376 392431 398386 400905 393638 396853 394479 398992 409231 406634 394095 404604 396511 406722 398275 395708 397195 402548 406791 408057 394224 391947 400451 389827 400170 408645 400742 401577 401723 400232 393967 398554 392034 398799 399799 406141 393301 405842 403205 402999 398348 399253 404245 393769 391130 398217 402750 398888 398584 398510 395757 389608 390482 397997 403358 394714 400090 402633 402571 394669 393334 400118 395058 399820 398168 394701 402957 399664 397905 398200 397794 395634 397462 401901 400478 399132 399286 406015 391906 395146 396931 410018 395163 402414 398677 397001 389465 395860 399132 397568 405096 402741 406038 394018 397578 400987 404068 406221 403400 395184 400336 409768 418016 406662 395949 393379 396271 400576 402707 402910 400972 395490 402514 403707 401678 394248 396908 400616 398832 390146 406761 400842 396581 396108 392767 399314 403009 395659 394676 399710 392978 394726 394187 406467 389194 396457 394395 397680 391777 405373 391526 400087 406004 402237 397164 402511 407674 405245 402642 404641 400196 403393 401850 401104 397702 410070 399600 404461 401126 399156 394112 402999 401637 400918 397218 404761 399967 405896 407243 403785 395634 408358 398673 400892 395864 400151 408657 409443 402355 407117 405249 404882 403587 403898 409460 401507 405629 400323 409784 408830 408145 413230 407693 404870 415727 422363 402671 411405 408493 409166 419853 402179 399551 410548 414300 400860 409700 411611 408352 403310 416249 406311 406039 399954 406710 409072 400564 402606 409802 411782 402129 408219 411049 410310 407733 409572 398965 412097 411246 399755 406324 406841 402500 408693 409244 408712 408463 414611 575993 415412 550327
535549 405842 567200 394794 394867 407154 402031 398961 395531 409468 394901 400075 388307 398000 398490 395983 395064 390582 412304 398792 401182 406289 406188 398256 397317 399794 392988 397487 407347 399114 397101 394889 403191 401566 395035 396579 399224 395040 387062 397979 404231 400200 398108 405895 404925 394726 402870 406769 400843 406544 412659 396297 401237 392149 399771 391200 408367 397120 392522 397706 387479 397974 396761 401001 399696 394215 400506 405332 405669 396518 406390 399571 404085 400823 400293 398032 397478 404413 405183 394608 394506 397141 387981 402066 406824 396514 405982 398100 407593 396880 398365 397655 398666 401229 404001 400701 408137 399088 408090 395106 405840 400706 388889 396336 397731 403913 399830 401587 397295 393487 385807 390668 397426 399520 396389 397343 409503 397701 395782 389732 400916 399194 399859 402015 395343 402767 403208 398863 398265 396125 392038 398732 396938 400901 396307 402458 400798 390305 391424 393282 408106 393490 402207 402244 400725 393410 395770 399354 403485 404564 400488 403805 390816 398593 398188 406593 399574 405954 398509 401961 410404 419259 406568 396351 395632 396581 405346 405567 401686 399314 397529 397312 404314 397360 397746 400595 400199 399171 391485 405252 402589 394792 395447 390876 400000 401314 392322 392570 398244 392625 394500 393674 405516 390706 396867 397352 395155 392082 407908 389560 399108 402504 402330 397061 401340 406759 396388 400293 405613 401707 405421 399522 398273 397711 403145 395971 405348 401476 392493 394619 403012 402294 406121 398355 400075 399203 403236 401665 406250 402847 405494 400818 400266 398396 402641 414143 412820 401282 409028 404286 403943 405868 407710 409778 395750 405042 398016 407188 408601 405609 406889 407462 403768 412011 416962 400967 409286 406357 406940 413442 403104 402571 408165 411357 400807 412454 412089 404068 407483 415714 405965 404921 398823 400238 402082 402402 403129 405430 403975 403135 409702 412654 408341 410644 409858 403655 410431 411696 402897 401048 404317 400941 413897 406078 407590 407230 411733 577338 414735 547265
534682 402341 565813 397069 399128 403629 402883 396839 398405 405315 394109 397535 388022 397137 394751 395603 397593 393103 407647 400457 401553 406979 401945 396543 398438 397070 394413 398080 404373 398381 396353 392734 406915 400051 396113 394816 400929 389438 393783 396027 405160 398242 399035 404123 404613 402282 397369 406324 402463 402465 409706 391674 405736 396354 400888 394209 409078 393497 389629 396060 390876 403450 400872 402830 400542 398118 398804 403976 402042 396793 406765 396755 403404 401473 393370 396132 400388 401198 404779 395911 394792 401236 389592 402641 411156 396199 406823 400826 402988 395698 400878 399142 398247 400874 408132 394858 408811 399927 406356 394191 399543 398129 392794 395194 397267 402145 396969 397493 399066 396136 386319 393960 394721 401617 395992 396303 410282 393864 399233 386266 398584 396212 397843 399155 395323 401544 402880 394466 395320 396549 391213 398492 402998 397977 396758 390528 403154 387868 392511 397476 407664 395311 404564 393365 395101 395647 397564 400742 396341 403611 402198 404000 394776 397468 398990 404340 403453 404674 399191 402870 406584 416980 401968 395759 400109 396156 405504 400990 406788 399446 398992 403953 406560 401809 397438 397141 400755 400419 386534 404912 402064 396353 396475 395022 402730 404265 394126 393847 399019 396059 396838 396351 400386 390309 392687 399652 396098 391550 406303 392561 402637 402801 399941 397286 399949 406801 403179 407476 404557 401528 407382 402394 401339 399501 405437 402352 406966 398444 396163 393596 400535 403201 404372 399093 404504 397920 406475 404119 410657 397564 403475 398948 400138 395217 403659 414525 409381 402696 407027 402374 404536 404340 405096 403834 398815 404713 399276 411628 408456 410893 405477 408818 403286 409766 415867 402649 412599 407360 407292 409274 403789 403410 412735 410866 400764 410890 410649 407899 408651 413232 405514 406369 399684 400345 405318 399840 402184 407482 408985 403652 408532 409002 413841 408464 409385 402504 410928 409780 400509 404194 401660 400860 409455 409614 412533 404506 414771 573623 412342 549463
535102 407273 567917 401363 399185 401386 398814 400523 395784 409120 395805 399362 390213 397925 394933 394970 395677 392895 409198 399266 399363 405196 404876 397867 393917 404258 391145 393593 400824 405057 388754 393024 398638 403617 399749 395573 397351 388618 394623 402237 404660 401503 400961 406954 401093 396525 398192 405894 397825 405816 410049 393045 405267 395097 398102 390681 403040 394649 386949 396931 387937 399883 398629 397645 398931 391041 398853 406042 408037 394586 405946 398734 404924 399871 395238 394236 403067 399706 409484 398942 395557 399262 391987 402252 408842 395352 407498 402190 398165 392422 398571 393964 397961 401592 404495 401210 402691 401124 409228 393620 399811 398237 389288 394952 396643 400594 394922 399569 400331 399595 389102 391581 397096 399911 396291 400927 411247 396060 391738 391968 401345 398315 393563 397022 400417 399924 400606 393531 393465 394312 392747 397437 401178 394464 401941 399200 409567 396291 390977 398448 410055 396186 404730 402304 397506 393783 401409 401986 401776 407744 399293 403667 393961 398092 400317 406134 399499 402080 393804 400887 408392 417806 406715 396060 396117 395502 402825 401826 407411 403816 402902 405597 401660 403153 397991 397084 400725 403707 390748 406406 401636 393872 393148 394522 401942 405279 395771 393911 401335 393298 394058 393265 406166 387454 396475 395614 393659 392241 405610 388748 402747 404346 402369 400592 399746 403227 402027 399739 406270 403038 407418 397495 403147 396648 410185 395656 406750 399421 396852 396379 403229 404917 403932 399105 405567 399816 407861 402988 402761 395557 404256 397201 398332 397675 401167 409272 408432 402171 408578 405502 400775 405243 409262 408246 401339 409099 401987 408173 408015 410416 411242 411063 405605 415525 406837 400997 411168 405597 407550 413843 405725 398307 411325 413534 399183 410198 411897 404443 410225 415606 409838 410913 401977 406651 403806 401077 402301 408230 404259 400575 408861 412352 411700 405574 410372 398743 410782 406023 401767 406656 409090 398149 409202 408738 412323 408380 415998 569658 414884 551652
538076 407587 567295 397077 399377 401998 397652 397855 397213 409013 401716 399127 386746 400217 397430 396034 393975 390041 407854 399364 400086 408821 401425 400613 389673 399606 396646 393364 407944 401452 394473 392769 396735 403080 393182 395745 400505 392937 393927 403767 400054 398260 398466 402621 401391 400925 400532 406377 401135 408100 407244 393082 400912 397755 396998 391422 407539 397016 387892 401198 389763 398684 401287 397822 397434 393340 396412 403107 405817 397426 402670 395983 402603 399562 391979 397591 400778 401494 403927 392820 393962 400218 388189 399131 409466 398710 403509 404029 401569 394451 399055 397963 399510 402476 406317 396870 410833 401887 404666 395045 401448 401268 389555 399960 395222 404062 397210 400734 402077 396136 391540 394523 391562 404837 394664 397648 409410 399286 392402 389287 401258 397315 396319 397928 396016 403536 399786 394516 396062 395857 392496 396722 398668 397038 394926 400730 401138 393809 389030 395150 410476 395239 399884 397310 396203 391268 398641 399653 403327 402725 404276 402249 397093 396454 402877 407436 407958 404161 397578 397942 407338 416806 408198 396718 394141 400055 402867 400707 409155 403621 402489 401203 401211 402620 400398 397958 403951 404142 387671 403655 401772 399498 391702 393842 398601 403332 393833 392899 397918 391408 391316 394964 402203 390723 395476 403248 394959 391742 405674 390560 404659 405161 402016 395645 398657 403228 398282 400529 407468 397152 404712 404382 398473 396678 407572 401078 408520 397650 396142 390198 401479 404964 408304 396420 402413 398593 401847 404264 407118 398565 405512 396773 393368 395915 400417 406541 408253 407677 406375 401440 402350 405009 413820 408436 399063 408064 401127 414729 407974 405344 416049 403784 404469 410052 419500 398186 412111 407404 406730 414181 404291 400912 411867 413844 397638 416272 413212 405889 409963 413354 407898 406444 401014 400336 401502 399278 403802 406534 403249 397166 410988 407154 409252 406609 411952 405429 409890 411242 397782 401444 405479 401380 407382 412167 404600 406703 416090 577536 415973 553589
391989 403545 562250 398603 396675 402420 398161 395641 395141 410032 400624 398093 384755 400364 398448 401734 398447 395228 410793 400163 404071 405488 403308 399685 396297 401794 391628 397270 402096 400900 394854 389419 401214 405190 395923 397705 400716 391714 395602 403046 401918 400038 394914 406388 403905 402083 396377 405787 402292 405287 409222 396683 403213 396026 398965 389600 401418 396295 389590 399558 386340 403031 396594 399264 399960 395063 403330 402416 405709 397113 404787 398779 401660 403278 394022 397519 403592 403144 409288 393932 393508 399431 390020 402706 405830 395544 399589 403121 401403 396398 398510 396690 398904 398561 407656 396141 405928 400961 405802 395323 403894 398533 389905 396430 395912 403256 398236 402334 396429 397014 391197 393771 397626 403823 392820 399937 409524 400247 394027 390191 400479 394633 395420 398368 395031 403284 400681 395968 396497 397272 392335 395316 402334 399323 399161 401257 405657 390522 392033 395512 406301 394127 400487 398254 395351 393327 399214 397626 400979 404950 401544 405607 394906 399786 400741 405590 400469 403838 396452 399964 410253 420852 403707 396643 395984 398466 399189 404416 404140 404312 400801 405808 400937 403711 398155 398181 406235 398229 393921 405371 403270 397392 394018 395437 402358 410255 395793 393355 402264 389441 393354 391623 403690 392277 395568 402405 395214 394045 404857 389490 403059 408300 398602 402546 400092 406219 402779 405494 407095 402225 408574 403787 399717 396839 405244 398209 407292 404221 403823 392943 400559 404471 404042 396628 404673 397993 400632 403992 404263 400781 410201 398381 400540 397066 399232 412554 411453 402843 406153 409258 405156 409076 408059 408344 402835 406076 401961 409735 408625 407291 411517 406148 404049 416135 412103 401719 406728 412338 406678 412012 404341 400431 409215 409492 397869 411576 415787 405580 406057 417954 406948 407600 400991 405267 404079 403022 403563 407203 403767 402950 405674 411302 412755 409863 408639 404566 411240 405100 401868 400821 410437 404361 410055 412323 406837 408172 412552 575326 417811 399658
392206 404549 567063 403149 399302 401732 401943 400186 399562 410777 399603 395351 386704 400225 396941 395763 392719 393741 408774 398877 402678 405476 403715 399454 392594 397444 393455 393208 403130 400381 394086 392738 400472 399978 399309 393722 397938 393338 395184 400096 399646 400450 401734 403242 404599 395686 400590 406855 403545 407491 407773 394410 404035 393708 398053 393226 405374 389824 391810 398720 387465 402957 402419 398542 400827 392488 398969 402896 401569 394657 406337 397788 401185 402320 394155 398168 398446 401181 404743 394246 389093 398316 387797 400205 407082 396943 404595 402989 400146 392942 398729 392197 396704 398359 402097 394622 410450 401346 404744 395642 401946 399687 392540 396434 395818 402343 401123 397316 399706 394924 388511 392267 397219 403236 393180 399126 407276 397292 393335 389989 398513 395944 398315 399366 401331 400177 397805 396637 399565 392097 394030 394827 395910 396903 398835 402712 403100 394595 388395 391887 406082 394101 402040 401955 392027 394900 398976 396998 402083 404679 402660 400557 394213 395544 400086 404772 406783 400463 394415 402233 410091 415948 405607 394735 394678 397193 403159 399628 407012 399822 399954 398085 404906 403036 400544 398574 397087 392583 389325 404292 397974 398341 395974 394104 404390 405130 397874 396980 402593 392401 394297 395821 406997 399557 398245 400406 396154 395083 406355 390413 399610 405252 400637 398908 397659 404474 405622 400962 408373 400266 405183 400790 401308 395181 403261 404721 409901 406563 399836 395363 400928 401974 405327 397656 402110 397141 404709 400480 405774 400992 401138 399463 397424 393371 398156 410274 410170 403621 407385 406152 405437 403481 411941 409319 398676 407123 398837 412538 407098 404889 411700 413039 407279 410892 412593 400885 411575 408404 410222 417097 403901 398153 412496 418452 398002 408305 412253 402081 402837 416407 405830 410523 396853 400600 403671 401344 400809 402882 407027 400553 410736 405700 406918 408598 413476 407647 413754 410072 396824 405794 407086 400126 410859 412131 410806 406958 407292 582319 417464 401011
394187 407250 566736 397735 402024 403541 399976 396552 400001 408381 402283 397448 387602 400497 397538 397888 393229 391830 407718 402363 404051 403627 400773 397901 396889 402224 394117 398694 405186 403923 396180 391804 402731 404250 397649 396561 402861 392881 393107 402439 404128 398927 396216 407392 400349 398876 400251 405051 403311 405083 406434 394729 405701 392651 399750 390550 403837 394454 387004 398788 390252 396772 401717 400040 400312 389437 400966 403010 404988 397255 404277 400898 401262 398788 394589 395724 399804 399581 408117 391586 390015 398366 390205 402525 403523 396640 400955 402941 402875 395621 397692 398528 400374 399717 398427 398362 403958 396137 407798 396513 405012 404418 390932 394883 392898 404088 395072 400207 398186 395787 389839 393539 395626 402353 395733 400285 409537 400982 395025 390994 397688 394630 399017 397823 395967 401548 398950 393307 399538 395734 389763 395960 402187 399026 396231 401194 399579 390916 393838 395449 410892 393204 398635 401156 391800 390266 401008 397049 393964 405440 399334 399535 390724 397148 400720 400812 409463 402792 394928 404050 409737 419930 405817 400678 396136 398941 402271 405050 404197 401484 403913 398908 400477 398341 395618 400813 403060 400460 394135 404274 403409 398694 394348 395061 401399 404595 396402 392234 400402 391688 395798 397401 406935 399053 397744 399326 397790 392301 408421 393185 405226 404406 401715 400873 402044 402381 402429 403527 408628 399501 409076 402946 399776 397038 406670 401460 402486 403944 398598 392028 400648 406119 406858 400474 403498 398489 404698 404735 407995 394760 399875 396403 395026 396028 401015 410319 412326 403830 406287 405452 406697 401302 411422 404588 397559 407270 399494 413745 410227 409494 410671 407531 403029 413328 416429 400778 408354 406177 408090 412903 399044 400595 413501 414442 398663 410831 408455 408877 404140 417982 405444 413157 399254 401762 402944 400162 405077 410930 404880 400414 412260 410247 414743 408382 414488 403196 411038 406597 402168 405706 409592 401510 411476 409951 406782 409439 407897 575860 412192 400951
391609 404838 565414 397212 402296 404836 401363 402019 398208 412294 400375 400762 386901 399101 398189 397758 398955 395725 407850 395137 402428 405998 403290 399145 397744 400969 393655 395178 410703 402983 397770 396066 402435 403228 397766 390813 403226 392383 393742 402236 403052 400671 398939 409270 401043 401982 394983 411994 401264 406519 410042 396435 404782 389864 403052 388470 402623 392575 387629 401841 389382 400239 400698 400687 398313 392162 401909 405816 401722 393389 402981 396225 401982 397319 394817 400676 400576 396028 405854 396486 394948 399262 392211 398773 408879 397884 402739 400132 400394 393626 396581 397164 399412 393895 403295 398710 405851 400361 407106 399007 402630 399663 389320 392287 396262 401937 398523 398583 397106 398361 390414 393855 395647 401656 394649 400507 404930 398119 394104 391851 397617 397136 399968 398207 397320 403775 399883 395552 397424 394927 391009 396160 397638 394740 399427 400079 400075 394213 392581 392332 408297 395023 401017 396018 398302 395135 400066 399170 398660 400771 401232 403086 396417 393327 394518 402115 402495 402664 401563 399965 410703 414817 402619 390968 391434 397243 404853 401839 405557 397334 397731 399770 405024 399579 401153 397870 398234 396768 393828 404840 400680 400480 393031 397751 404159 408208 393275 393549 395766 392158 392351 395622 405641 393476 395606 402724 398408 397441 407426 389250 401639 408563 402558 400751 397550 406110 402435 400760 406787 399945 406857 404143 400620 395827 407533 401760 410445 406067 397360 394203 405554 402447 404491 400267 401359 396476 401760 403084 402713 398643 403595 398145 398011 402403 399219 414310 410518 400886 406873 405072 408417 407691 413035 406323 400856 409079 403199 414077 406591 403773 411440 411738 401895 414934 409231 402882 408217 409061 406512 417115 405555 401613 410492 415841 405625 410165 412255 408475 408875 416535 408893 409338 404552 398594 406811 406366 406207 403695 407151 403637 407519 408874 408580 406382 413048 399493 411532 411003 404501 402192 408327 399917 415811 412281 410897 411213 416572 572213 416768 401295
391495 411292 571186 392469 400433 402529 402046 399578 398652 410678 400536 398868 387649 399358 397569 395492 393375 396607 407982 394915 403391 406000 397929 401133 393434 399774 398124 397289 406266 400483 396241 389067 403295 402254 395258 397858 402082 393310 394614 399436 402917 399758 396326 406342 402974 400920 399956 410494 401311 409825 408619 392584 402005 394262 398779 390529 406085 396617 386833 398852 390450 401488 398905 397940 399765 390325 401478 400547 405209 400855 405770 397503 401340 399161 394515 395339 397709 402369 401042 391915 394608 397328 389016 400781 403798 396311 400654 402070 403166 400348 392862 392599 399649 398687 404781 395130 406800 399882 405401 394172 398720 400714 391749 392749 398350 402169 395160 401743 396350 393421 385744 391762 394970 399091 395307 401883 402683 396280 393159 390092 399286 396058 396086 404094 401959 398460 400731 394525 395867 394981 390938 396545 397229 397206 397203 402686 400095 385569 392116 397681 407250 395464 401778 396785 393690 391133 397211 398515 403550 408160 402927 406120 393834 395152 399211 404232 405033 403029 395538 402681 410148 419961 408458 395794 395825 401124 403479 402302 404544 401144 396544 398436 400439 399128 393644 399373 398184 398321 396731 405672 399308 398864 392731 393413 402791 405170 399287 393468 402883 391333 394423 395591 406796 390074 396549 400679 396687 395970 411130 389974 403084 408187 400535 397896 394120 405381 401034 406533 408438 399539 405505 406241 402722 394717 403324 401850 407093 404680 399009 393309 403219 402170 403195 402461 408370 395101 403223 405318 402546 396802 404048 400145 397534 397661 396856 408119 406256 403786 405094 405718 403854 402645 411253 406744 397087 409774 400015 409701 406306 405872 405530 406611 403426 412509 418188 402692 414341 411783 405581 413954 409339 399895 415688 415107 400599 408596 413034 406129 409414 419592 405322 408652 400053 407057 402542 399233 400702 404231 405845 399576 412133 409841 411920 409279 410637 399966 409626 406461 404121 404547 408940 397540 412724 407737 409637 410022 414446 573424 413967 399759
391656 410621 572418 402858 399494 401646 401224 398609 394040 411715 404279 398430 386536 397098 394704 395420 395567 388376 409316 396029 398167 406252 401950 398771 397692 403381 394135 395617 406867 400010 396011 393150 396745 405290 402012 398062 398539 391133 392745 396115 405289 403616 398812 404543 399241 400193 401490 408955 406661 404016 407281 393252 406598 395463 398780 389066 406162 392679 389454 398823 390026 396692 400190 400858 395887 393392 400836 400951 402923 398186 406894 396942 401921 403193 394968 397188 402634 402304 403141 394497 393893 401131 389442 401083 407459 395915 402777 400442 403060 398372 399328 393058 400230 399358 403680 395436 407154 396481 408480 397278 400450 400694 388517 393072 393480 399468 399219 399732 395970 389680 390351 392702 394854 400031 393459 401022 405756 400634 394804 388912 397925 393953 395518 398769 398225 399450 398547 395048 395719 396729 392073 399037 397278 397021 395987 398143 400536 389019 391984 388966 404338 393130 394903 396577 392734 395964 399516 396671 402675 402090 400836 400234 390997 398898 399513 404438 401548 400892 391697 400989 413065 421312 408690 394754 396647 395920 403666 401420 405661 398592 395145 395947 397676 398469 395458 396903 403512 401403 395106 402668 400182 398677 391023 393183 403247 405820 399924 393853 397881 394221 394313 393934 402404 392043 397710 399672 396298 393079 406518 390209 401147 406575 402846 401600 399871 407681 399797 400642 408890 400308 409642 399829 399739 400196 408550 396014 405695 401861 401308 391519 401976 405581 405034 400711 399776 399744 400278 406174 404971 397254 403235 395012 395934 395679 399730 410445 405266 403679 403598 402205 405464 402787 410140 408752 400542 410462 399530 414338 404904 413099 412085 409848 401357 417252 414451 404028 407785 409408 404799 413105 400845 400914 410397 409782 401716 410253 418551 407327 405301 415384 409060 410445 404613 397111 405595 404912 401029 407365 405578 402819 412122 412387 409632 407051 407484 408078 408933 408037 401001 405658 405299 399665 413355 409938 413194 404505 411416 575063 414358 402343
396565 410186 564282 400365 402406 404227 399498 396301 400374 409809 400637 396281 387340 400349 392102 397860 394423 394597 410411 399570 399215 406389 401660 398574 397298 400726 395421 400543 407099 401091 393431 392540 401987 405098 395380 394645 398084 388809 394017 397676 408327 401217 395776 410262 400244 399317 401605 405491 400739 406820 410978 394711 404525 393747 396465 385540 404709 395618 382024 397116 386783 401725 396098 397539 401299 392651 400846 403981 408206 393677 405414 395309 402100 397074 397873 398392 398992 400044 404366 394778 389120 400852 391007 400547 409106 392019 403183 403825 400107 396075 398946 398288 395969 395431 399952 395496 408042 401577 410589 398538 400370 397548 390021 394154 395899 400577 403002 399495 396696 396723 387726 391846 394750 400720 395144 398808 404120 397668 393685 394221 398381 398764 396503 401765 396983 399260 402864 391540 396999 393796 395568 398186 397728 393010 396344 398008 399756 393173 389026 393614 407337 393858 399853 396582 397504 390214 395215 397459 403507 403094 403940 403795 392444 396089 401794 405326 409317 402669 397585 400119 408505 416982 409082 393827 396789 399178 401928 401747 405207 400172 404037 401912 400100 402736 397280 400109 399907 396479 394003 405906 400430 397844 394786 391698 402581 404278 396610 392401 398528 392999 394460 397584 409302 390382 396528 398474 399735 395432 410062 389511 404089 404537 401447 397374 401948 404110 404571 403030 409342 400023 405981 401926 401061 399152 405533 401138 403627 404376 403261 390063 400391 402002 406081 398510 405266 396188 403601 405705 405516 397410 399619 397270 396776 395769 401024 410714 409234 403571 403977 405300 406054 406265 410926 407642 398649 409377 396088 410385 404561 406845 408193 409378 404316 410496 418502 402260 410584 405116 405573 418497 404736 397514 412774 414014 401382 412874 414283 401249 403738 417394 402335 407968 403992 400994 403093 400953 404453 407895 406725 408515 405302 411234 408269 407802 405135 402483 411851 409723 403189 406547 406934 402270 410085 410316 411771 406185 412097 579025 418787 399971
391851 409816 563808 404798 399634 404610 400809 395888 395141 413929 401399 400826 389065 402488 400780 397232 398000 396286 412580 403131 404750 407983 403599 403449 398230 403685 397451 400810 407005 398007 396696 396920 402741 405295 399894 395841 400545 391870 393959 396823 399284 399982 403636 407350 400346 400499 396686 405418 403267 410484 412766 393802 406173 394241 400720 391322 403034 393786 390424 399205 389078 396809 401988 397284 400127 393522 399868 404694 400274 395332 402717 399004 399816 400722 393904 395685 396581 398845 402940 393423 394163 397517 387695 398996 411089 398483 402997 406048 405582 393152 398736 394024 398912 400836 407790 395988 405914 402262 407942 399625 397410 400077 392389 389475 397465 400570 399368 398328 399172 395045 386722 391824 396617 399781 392228 402729 405805 397629 392452 391266 399733 394810 399467 399598 396848 400816 398423 390134 395274 391472 390390 395785 403173 398055 393355 397136 403937 388572 390133 392676 408097 395127 400968 397679 396582 395770 396127 399472 397878 401825 401672 403236 398096 395146 401208 408701 404983 398142 395611 398981 409756 415813 407645 399360 396022 396885 404895 400634 406136 398482 403849 402457 401609 402201 397348 396517 400859 397561 391120 406953 400371 397840 396464 394578 403033 404441 393940 395693 402503 391119 393999 399688 404841 395694 395133 401416 397436 391847 407389 389010 402479 405035 400005 397471 402792 405982 401661 400873 406039 400993 407594 400491 404921 397090 405209 398991 410263 404695 396883 392520 404841 403706 405667 398198 405094 395785 399890 403155 406160 398824 402394 398628 396012 396457 398272 409413 404638 400734 405554 404651 407539 402128 407738 409839 398105 403048 396175 410449 408004 407006 408628 407024 400713 412917 415227 402802 413769 405271 406548 412120 406353 397199 409675 409114 397418 409199 410546 404103 404388 417114 411654 408483 400494 401814 403291 397449 405808 403125 407110 400532 407978 412720 410820 405065 410154 400224 411098 407325 402006 404446 410132 399134 412494 416569 413434 404161 412310 576999 414303 399013
393581 408801 566755 399986 400468 407918 401967 398276 397883 415221 400371 399374 389263 398968 398947 395668 395695 395317 412813 403871 406932 408490 403043 399566 395308 402905 393420 393778 404680 402440 394625 399300 402375 404393 398177 395821 398522 395483 396056 398856 400046 398403 397813 405259 403476 399803 403461 407154 399246 405227 413597 391518 402181 396060 398891 393579 405880 394890 393368 394480 389954 398237 395431 396975 401642 393378 401933 405360 406834 401461 404987 395827 404108 399335 393058 393404 403974 401828 403541 393349 395751 397982 382573 400805 408077 393157 405712 401158 401558 392900 399047 393326 395477 401138 400203 396353 400830 397118 406800 396328 399879 399458 393447 392871 395421 400940 393394 397059 398019 396362 387343 394679 394893 401499 391846 396891 407082 393753 395896 384581 397611 397252 400876 393410 395171 403298 399009 394829 396083 394775 390908 395605 401077 399055 397292 403268 400456 395339 396381 393880 407055 395712 400944 397172 397583 392717 399390 400603 398722 400697 399792 402502 391990 395255 400380 407369 398716 403849 397354 396930 407474 422207 403596 393393 396546 394115 405408 400017 405921 397236 399947 400801 403262 404565 398717 394182 400996 402229 394154 402101 405668 400508 395080 396992 407811 405867 396906 392637 400638 394453 397891 395781 408106 394549 395977 398169 399913 398677 409563 390131 402199 407045 404471 401334 401368 404847 398474 402586 404185 395445 405993 403267 400224 398598 403776 401128 410000 404712 399488 395924 400404 404235 405429 398865 407494 394558 400880 401703 402834 395416 405851 400077 399794 397531 399546 411388 408335 397675 404200 401903 407429 406298 408723 407838 399111 405891 398210 413039 409470 405805 408695 409279 400398 410314 410737 397978 403246 410959 407793 411942 406660 400650 411982 420052 395249 409604 411278 410433 407056 413048 410326 411412 398750 406086 405079 398771 402411 404206 406617 401922 410594 412120 413223 407574 411974 409738 417673 410200 402504 401536 406519 403078 410051 406391 410374 407748 412956 580143 416589 402130
395448 405533 571492 405888 399474 404407 405028 398759 388179 412622 400283 401989 390835 403264 402504 396822 395394 398248 411147 397003 400457 408996 402880 397802 397246 402745 393893 399211 407203 401339 394614 395313 401995 405486 397944 396991 404019 388831 395134 399188 405863 403633 399868 404572 400027 402120 401343 407569 402138 409957 407638 394355 407004 393244 400289 389450 405463 394865 390469 396620 383584 403398 401338 397435 399500 391358 400808 405818 402985 396656 407406 397530 402446 399280 395035 393875 401560 399303 398963 392360 391987 397650 388856 403892 409143 396571 401096 402698 404401 392114 397045 396541 397389 400338 404589 395076 407548 399076 402918 393602 400760 399078 389728 393752 391481 403323 402105 393367 398142 395814 390431 394861 396167 401401 394844 395904 402726 398326 392963 388322 402371 396633 397893 398860 395726 401873 396780 393320 394565 398846 390726 399539 396713 395749 393621 396588 400269 392099 389343 393807 410467 391709 398247 395624 395574 391694 395992 397176 396270 404806 402244 402933 391098 394842 399213 403090 406131 404183 397082 399166 407483 419822 406109 397083 393442 398070 404324 400281 401349 400798 399887 399989 403424 404292 396806 395544 398747 398542 394085 404792 401143 392669 392448 392430 401722 406333 395802 394550 401896 391725 396193 400403 406684 394643 394751 401676 399273 393990 408276 393744 403537 408157 401931 398415 399963 406298 399283 400137 406616 401016 411666 398631 404990 397615 408296 397934 405841 400983 398273 394507 400834 403117 401887 399707 400633 397605 408197 406025 406443 396912 403326 399216 400065 398034 400077 406916 406872 400354 402210 407019 404765 404347 405169 403779 397924 404988 397740 410937 408827 404369 407136 406849 403814 413785 413397 400442 412562 410398 409215 412614 407977 402381 408135 416717 399752 410808 411955 407258 403240 418728 407344 403138 401487 402635 406450 404269 401458 406418 405396 402521 406985 407960 411207 404098 409956 401426 410921 409705 400775 404829 407569 402165 419515 414725 410476 409380 417859 574275 416474 401285
399792 409214 569666 402479 401732 405330 404603 395683 397852 411608 402616 399848 386501 401489 396297 396341 397439 396507 411496 399193 403306 405925 404300 395555 397598 403507 394356 398609 405795 403231 398097 394623 402248 402409 396314 394810 399081 390211 392104 398608 402981 400705 400730 408107 404598 398278 401665 405420 401573 407484 405669 401235 405095 394759 396712 389966 408689 394936 386532 398176 388643 398620 399913 398811 396786 392414 398062 404124 402776 398229 401468 398373 403074 398688 395880 398585 398875 406008 403625 395868 389416 399211 389119 398760 410023 392952 405567 400466 404068 398428 398179 395593 395000 402837 404700 394618 407174 400905 404402 393814 401989 401123 390647 394700 390682 395466 395823 398066 396610 392569 385132 390631 391409 401324 393983 394841 402456 395869 391018 387162 402111 395509 395993 398276 397053 404268 401244 396416 392949 393910 391182 396694 401703 396926 393021 401096 401824 391389 391255 395446 410023 392489 396703 398642 397211 393913 398282 398635 396722 404900 399543 403142 392037 397759 393908 405471 403894 402733 391406 403075 408610 421413 408812 399517 393251 401386 403974 402087 406009 400936 397026 403765 404129 401192 396241 398758 399986 401658 394779 404598 400721 400339 394657 397639 406236 404714 398841 392946 403000 393453 398178 396046 407389 392310 395030 401766 397621 396365 405138 388105 405983 409665 403625 396813 401894 406182 401898 403375 409408 405185 410200 407554 404945 400570 405409 401123 405626 403963 397805 393356 402245 405572 408087 398586 405376 396920 406692 406264 403846 398090 399707 396112 400301 399383 399307 410889 407754 399231 405186 401413 405280 400421 407950 406365 395127 406776 400479 410150 405640 407463 406179 406010 403474 409883 415907 400506 410789 409927 404355 413182 404136 397575 408342 410718 393475 405261 412583 405325 408148 420256 404947 406332 395274 404097 407178 404343 403459 406813 402847 401881 407169 411016 411410 407619 411913 401807 409689 402820 405152 405019 411762 401841 414020 411182 410571 409336 412726 579213 414420 399649
400227 406581 568030 400069 403541 406088 403372 402245 396140 406409 397504 396960 390724 400296 401501 396378 396437 396885 412604 396865 405516 409068 402529 402376 396886 404268 391909 399521 405814 401454 397198 393086 401704 403527 403302 393818 400890 394398 393207 400969 402316 400400 398268 411876 399210 402280 397997 405119 400141 407101 405710 398012 404569 393274 404217 388735 406713 391811 387460 397688 392054 400320 402371 399961 399479 394870 402933 410559 402905 396201 404235 398120 404280 404496 393241 398514 399916 400378 403880 394412 390793 398302 389588 397825 405794 396084 405847 401647 408645 392701 399249 393248 397701 403110 400169 398997 405070 399506 403914 396410 397548 398759 391688 392131 395172 401708 395623 398387 397842 394437 388056 392998 394587 402311 388282 394070 406599 395680 388228 390039 397123 393613 394404 397456 392842 399185 402075 392141 396633 393745 391457 394872 396413 394911 396265 402428 403315 392273 387660 394179 407968 393055 400522 400449 395690 389764 396358 395912 396761 405143 398494 400737 391843 394380 401185 404123 402807 399201 394341 398290 404645 420930 401146 392307 392642 397924 398769 401206 407571 396496 400266 399252 403355 405270 401193 402842 400179 399562 388382 407423 402542 394383 393087 391397 405465 402988 396794 392346 400047 391508 390246 397757 405849 397557 395851 400895 398490 393708 410745 388248 403136 408762 405119 402295 400745 405715 401910 406258 408354 396465 408319 404220 398723 397880 409061 402488 405494 400860 405344 394926 402141 405790 405243 394831 404086 397307 403808 406092 407470 397213 402233 395174 398481 396917 400985 408823 411470 404295 402703 402914 406477 410450 407377 405087 396190 402551 395788 409170 409118 407453 410535 407030 405970 410143 416790 399302 408292 405303 405249 413057 402621 401746 411927 413858 398179 409834 408505 405715 410409 415743 405957 408818 398116 401912 406390 404007 405225 404364 407510 400521 407435 407688 403251 405864 408834 398798 410563 408339 404267 408682 405690 401597 410288 407893 414750 406100 412447 575566 415359 399388
395305 404709 567339 402406 400047 403913 403072 397657 399884 410415 400422 400744 387091 401588 401336 398029 397951 398529 410970 401552 402804 409190 400548 395926 399282 403577 394338 398800 403591 405173 398266 396031 403174 405353 399756 395644 399590 390348 396051 398143 405550 399700 402821 407408 399370 399977 398904 407089 403984 408913 407932 399206 405351 394308 398220 391049 405891 391624 391269 397390 388488 399525 401661 404352 400265 392798 401270 409851 405864 393195 405580 400037 400196 398462 393925 395362 397555 393248 405870 393014 393111 403186 386041 405082 405543 396260 403758 404304 403154 398685 396454 393483 399639 399399 407015 395519 406624 396355 405194 393872 401885 395888 391183 395519 392611 398574 397225 393270 397927 396311 388334 392617 394767 399311 388562 392192 408940 394940 394503 385169 399954 396062 396509 397810 396906 399730 402514 395492 396040 395247 395477 397558 394468 397477 393382 400689 404429 389694 387207 385112 411161 393707 400055 398448 395982 392600 396906 401273 396370 404081 400366 402871 395438 398181 401543 405695 404628 409173 389543 398125 406746 423345 403642 396340 395629 397714 402408 403133 405262 400478 399982 403033 402020 400082 399000 397631 402014 399831 396261 406364 401361 398624 394737 397779 401613 407228 404375 394875 402213 393957 392295 401737 408349 392582 398659 399814 398838 392204 407880 391302 405540 411206 403147 402477 403644 405672 403598 404442 409273 403916 407402 404141 400995 398220 410946 400204 408407 400115 396921 394858 405460 406773 404285 402244 405279 399204 402583 406808 405572 395642 401589 394957 396474 396454 400171 410160 410738 399760 404646 406956 404915 406670 407289 409986 400143 404432 402483 408863 408732 406758 407162 408649 405210 409139 418419 397763 410558 406888 405763 412167 404995 397355 415936 407059 395872 405674 409023 401931 409978 414250 405968 404362 398011 405292 402324 400362 401646 404905 410760 402109 414362 410061 413116 408232 410645 398592 413140 405465 404426 401516 407815 405331 412775 407577 411044 406972 415397 575989 414790 393967
400128 405778 566900 399758 400224 408623 402056 402008 397579 409916 401937 403353 384637 402422 399552 399293 398346 393828 409057 402071 404255 407529 405840 396100 394263 401593 398971 400904 405947 401485 400478 395958 405881 405192 395390 397339 398349 392726 390169 396142 400913 403414 400203 407543 400348 403816 399780 410287 402278 410007 413761 394265 402509 396218 402480 390986 405002 392692 389398 400448 387987 394985 399383 400794 399891 388897 399702 403568 403654 396877 404373 397373 402198 400578 392164 396984 399703 399665 405573 392277 389805 398784 388491 398266 406398 392966 404507 403610 395151 393342 398841 394701 394691 396703 400445 393267 406549 396347 405495 392441 398170 398470 389876 396538 391970 396133 396655 395257 400679 391435 389590 393534 395144 396945 391874 400161 405976 397337 392443 387650 398254 395453 392521 393740 395544 400054 398077 392993 394195 388902 392163 394930 397262 395051 391931 401831 397531 393188 390275 389385 407315 396081 401672 394217 395062 395024 395818 401211 401488 403917 401369 402467 392378 393984 400990 402475 402250 406828 391557 397735 404474 419662 405787 392719 395314 401283 397453 400767 407341 400204 399715 401669 400459 401184 397681 395337 401928 400905 391602 405725 403132 399950 394779 390249 404681 409617 395375 395283 401585 393963 399460 398831 408109 392418 397347 397553 395691 397079 406560 389932 405457 408361 406074 397346 398629 405340 402534 404462 409190 401616 406585 401490 403484 401301 408658 399032 408760 402298 396102 394813 401113 407087 405440 398995 407815 398034 401181 404672 405017 399614 403096 399121 398594 387607 400617 409077 408343 402291 403481 405840 406566 399748 407547 407846 401347 408301 397904 412048 404842 407631 404078 406354 401447 410019 411672 398908 407467 404367 407067 411513 407935 399182 409738 417051 397956 413303 415153 404813 407215 415816 410739 406984 399933 404609 403737 401908 402193 403859 403350 398150 408667 408795 413595 407533 408694 402925 410450 406561 400109 401722 405659 401092 410358 404658 410227 406420 410848 578431 415864 399245
394350 403245 564792 401616 402492 403723 402239 402483 400556 410543 399192 397870 387915 401014 400505 399756 399227 398289 411191 399516 406101 408674 405891 401943 395261 401450 396889 398358 408296 405883 400995 399305 404939 405769 399351 397051 404907 395004 393421 401736 404361 401904 399215 408422 404547 401175 400751 405171 402523 409423 415403 395853 406319 391513 402352 390641 409018 395657 389891 398602 389572 400214 398500 399044 396138 394605 399501 404797 404721 393728 405023 396942 398855 395591 395489 395097 400047 400761 407207 391246 392119 399562 390979 399491 408449 393982 403798 399359 398854 396075 400734 395895 394979 400139 405579 397918 408280 399408 405667 392431 400756 402446 388606 392768 396909 401732 395943 395905 398581 392981 386871 393153 391697 396909 394196 401641 407045 396075 392451 389395 400380 393349 395213 397623 396069 400780 395858 396324 394827 394178 392163 396725 398087 392286 394481 397137 398473 390061 392780 391642 408308 391668 397560 397246 395680 388318 395678 396974 401498 404573 398536 403954 393908 391562 400945 401528 403536 402104 395783 398172 408566 417109 406189 398275 396556 393920 402584 400080 404874 397359 397052 402971 399526 402544 397593 397300 399921 399200 391303 407816 398569 400113 393003 398758 404712 405152 397123 392126 401410 393486 395417 396615 404216 392184 397334 403846 400174 392400 407789 391612 403855 405825 404981 398068 401578 406879 402722 406401 409581 405025 407739 404716 404761 397709 407157 399772 408886 401709 399126 392171 403664 401819 405320 395656 403432 403752 398796 408714 404354 397129 403220 395775 398177 398988 400667 408060 405153 402289 407149 402097 406432 403183 409147 408310 403119 405910 397016 404331 406309 408108 409284 405549 400986 416352 415283 401845 406967 405510 404230 411391 401236 397338 407988 411752 395073 408495 414278 407987 408119 413832 403692 408449 398541 400656 403017 399321 399501 405512 405121 401448 406023 406534 406647 406888 409612 401508 409560 406683 407264 403040 405206 401274 408605 407364 409147 406896 412531 578415 420484 400476
396320 408321 567725 396458 399740 407033 399006 397096 398367 410450 402135 401390 393887 401360 399781 396345 394857 394250 411014 398305 402419 408527 409082 401397 397573 405600 396754 397189 409678 396381 395073 394580 402345 408544 398005 394804 404146 391430 392470 399304 401639 405476 400031 406280 401260 401190 402370 409774 401135 408080 410936 395407 408268 396836 398372 385135 405454 395696 389353 395799 388666 403659 401345 399735 397276 395775 398851 406462 407373 398286 402651 397043 399534 402892 397470 395176 399088 400348 404602 397217 388821 401535 388352 395424 405968 395122 403553 402968 400542 394377 395631 392070 394912 397942 400469 398017 403618 400639 404794 396951 398287 398111 387669 393122 393816 400594 398760 399189 390573 388344 389558 391010 397822 400187 394539 395805 403194 398111 393901 388336 400481 394106 394806 395038 394019 400181 398757 391075 392582 394108 392965 396936 395960 395292 396078 394823 400940 389141 385327 393170 406752 391500 399487 394241 394361 391615 394481 397906 398325 405910 400069 404592 390546 393286 400031 402702 405254 401763 396598 400582 407018 422299 402930 395528 396163 395740 399890 402268 403701 401628 398907 398020 403422 403811 397199 397337 399877 397011 391146 406087 398578 398667 397262 394118 401463 406268 392267 392363 401795 395733 395850 393587 405640 391992 402438 397832 397994 395933 410818 392675 403497 412921 401968 400193 398165 405881 402254 405868 411437 400701 409431 400757 399869 398863 405354 404849 409606 403222 398440 395425 402055 404027 406711 399197 404874 396901 403276 403093 405520 396819 399944 396429 400430 393863 400214 408499 407727 402468 404543 405331 404157 402460 408007 411641 399485 404897 390933 412520 411304 407710 407744 404423 404986 408062 412728 400865 411101 403969 400911 409982 402722 397580 409564 410630 398780 409423 410722 403080 405565 412540 405219 408626 403534 398558 400563 405885 404055 405764 405007 402965 407343 408526 412023 403908 411400 401277 408038 408836 406340 403348 405854 402141 414333 408298 412179 411539 410559 573341 413544 395945
388676 410807 569920 400374 399345 402637 401705 398967 398876 416136 398738 403495 389602 402276 396746 399580 399410 397228 410354 400488 397987 408466 407078 400613 399733 402071 396000 399738 407622 403352 396918 394523 400058 405826 394085 396336 404493 392502 397347 400163 403023 399287 399812 407784 402722 403659 402091 409548 401223 409349 412045 394081 403225 396229 398105 391059 409655 396685 389937 397142 388336 403135 399475 396627 400444 395426 403360 405716 405638 398720 402749 399344 402728 399089 395809 395758 399638 401749 405723 394813 395116 397552 391754 399984 408477 396514 403489 400448 402035 397999 398956 393198 393903 396497 402360 394096 406188 397485 404407 394454 403383 396463 394608 395260 394172 398834 395237 396205 395672 389373 386329 390619 393911 399373 394913 398450 404025 397561 392903 387003 397668 397030 393273 399188 393754 402454 394558 391002 394740 394490 390932 396950 394625 389708 393650 396859 399311 390475 394431 391723 408243 394445 400670 397338 395361 390743 394774 396283 397291 401507 399065 402764 395979 401839 401110 406683 402486 407322 396184 402172 408528 419214 405919 392830 395240 396248 403225 398425 406157 395807 402212 398458 404966 401643 400566 397624 401643 399904 392124 404892 400316 394100 391842 396341 405179 408444 398577 392316 398098 395833 392738 395327 405140 393319 397445 400997 396328 396961 411228 389721 404786 409967 402350 402123 399963 405973 400283 404742 407356 403209 403990 405156 403345 398213 410359 404812 404208 404655 396334 390951 401576 402725 408196 402375 408144 400332 403503 405711 406640 394626 404746 395233 394235 397860 399128 410258 407980 404366 403216 403116 404371 399697 410949 407139 398390 402297 396858 410449 408993 404253 405174 405779 402869 407269 409498 397580 411054 405643 403239 413311 405806 401344 408087 412550 396528 408385 410033 403468 409033 415071 407440 408593 399232 402484 404498 399988 402313 409646 407121 400559 411286 411381 404606 409329 412084 400980 409235 407019 401470 405879 404466 397689 410437 407556 408628 403970 408467 574175 416557 396861
396111 408897 570216 400378 400779 403749 402003 400362 396467 410554 402007 401754 388254 399034 402864 399164 398955 395746 415630 403921 400401 411569 407571 396125 398900 399172 395277 399615 405638 403629 399658 396955 403545 407065 399643 400072 402818 393387 391202 398287 406574 401570 407471 407020 399433 397784 406529 410481 403487 411392 408623 397097 404018 396289 399905 390808 400995 394231 392845 395559 391431 401228 400979 400277 399612 395816 401443 406717 401129 393130 406589 398875 404652 399917 397977 399253 395381 401040 407834 395232 394219 397462 389318 399194 412093 399116 405666 401013 398956 396896 398489 393575 396983 401841 404196 393299 404329 396908 409822 394271 398793 394637 387527 391585 393653 399798 396440 398239 397339 395271 387616 390699 391741 401436 394436 396611 406573 396087 389238 390305 398801 399304 395562 395190 395211 402591 397574 393306 393481 392070 388385 396818 397954 396962 395879 395669 403247 392304 387163 393525 410527 388274 402756 400469 396107 390315 393454 392219 396632 401851 402079 400282 395705 399809 401064 402548 404124 402420 395316 401820 411834 415241 407038 394404 396866 400037 404076 402728 405052 399370 398293 402764 398397 398911 397036 394440 397819 397936 392367 404215 397903 397843 394382 393902 399894 402739 397864 388542 401937 396853 397328 399196 408810 395714 395807 398616 395746 393778 405864 386785 404024 408771 403258 401859 400062 404690 399232 404740 408009 397950 404052 404800 403832 400352 407445 404669 406636 402157 398427 401745 402429 404794 407463 398504 398811 393525 403504 404757 406786 400447 399450 401376 396946 402298 398406 410719 408871 402411 409011 405998 405991 401274 409263 407444 395950 405551 398477 410374 406233 405761 409050 406316 402932 411551 413990 400542 404803 404137 403919 411777 404174 399563 408544 412577 394121 408002 410876 404946 404746 415301 407300 404902 396667 404552 405826 401926 410373 402210 403059 401119 408534 408625 409394 404363 408186 402520 408782 404725 400752 402242 404251 400792 413467 408764 410113 411170 411991 574789 419325 396421
395925 408423 568968 401492 400724 405831 401253 397924 398392 412551 401880 398275 386660 400741 396504 397587 393749 393786 412049 399724 400703 409037 403656 396650 401973 401837 393767 393866 405757 402274 398960 394053 404582 407590 393814 397450 397734 395127 397807 398398 406946 403575 397625 407276 402900 402548 400314 410329 402259 406749 411467 395324 403590 396502 400352 393606 408702 393565 394299 394546 389752 401478 404361 402301 402462 393565 401114 405063 407758 397857 403255 399580 403073 405994 395567 397501 400528 398907 404644 390093 390468 398838 387822 403203 408756 396745 403711 405097 401199 397907 396976 392867 392832 400740 398062 397654 406322 399008 407240 395502 397648 398069 390746 391017 389526 397580 396037 394338 397140 397891 387293 389200 395067 399820 393462 394307 403648 396368 390293 385252 398689 397416 395306 394756 398500 398665 396559 390212 394515 394002 387253 395217 398171 394583 393576 399762 401562 388851 389685 392489 409188 391693 398476 398272 394786 386212 394644 397806 398674 399722 401336 403772 392449 395867 399087 402155 404083 404397 395177 398408 410125 415272 403945 394590 397155 394369 404648 395256 404272 398023 401843 396579 404521 401617 396924 393774 397867 401450 393604 400183 400271 393901 394268 391047 400195 405206 396168 394816 404281 393764 393237 397336 407546 392626 395055 402819 394798 398046 407687 389788 406716 407177 404962 402497 402094 406248 401320 400879 410730 398994 412347 407193 401556 398232 406809 402962 410731 403760 398671 397793 401495 405240 406850 400954 403673 397898 404125 405131 405478 400027 404443 396962 394884 396797 400533 409337 409092 405411 407074 409864 403642 402717 408749 406062 398549 404188 398924 407012 405310 406992 407084 407202 406214 411073 415697 398825 409637 406795 405169 411015 403405 397701 407826 410642 393818 410287 410212 406704 405674 409565 408111 405670 402006 403443 403584 401003 401615 407756 402823 398797 405611 407323 410784 407990 409153 399885 411835 407933 403456 402562 407246 404592 410729 412976 409639 408406 413024 575465 418480 401996
392624 407004 566757 399560 404626 404917 398864 396278 400047 410717 400953 396967 384256 399354 395945 401658 396454 395968 415440 402117 404558 410210 405173 401210 399772 402412 397187 398306 405370 402374 399523 391815 400134 410353 398548 399738 402603 390472 397154 398374 405460 403117 397864 404851 402717 398627 401843 411729 400416 406683 411451 392945 406444 395183 400285 392094 407600 396470 390611 404335 391140 399292 397809 401988 401802 400153 403314 405916 404146 399251 408520 400922 402922 398896 396651 395040 402736 402695 404761 395261 395099 400742 395047 400175 408028 397204 408931 401056 398925 395059 397682 396207 396187 399732 404514 395572 409358 405634 407670 396616 398938 397316 389902 394538 391965 396274 392227 395537 398794 392715 391138 391478 390311 397824 391679 396147 405265 395882 392854 386552 393682 394919 396253 395386 393281 394590 399906 391684 395087 393400 388101 393221 398515 392146 393250 398803 397173 388481 393196 390763 408214 393402 402168 396660 392183 393506 394948 395859 397051 399592 402648 400359 389986 394829 397390 401909 402871 401661 397764 398874 404927 419090 407373 393588 395217 395944 400286 402641 405772 396427 401842 399523 406290 405527 392961 394799 395625 401260 394384 402590 399884 393297 392133 395017 405080 401618 400362 393387 399233 391862 394642 396298 404782 392592 400199 398304 395528 390465 407589 386313 402422 407436 404565 400921 398675 408914 400436 406519 409359 402637 406717 406174 400965 395498 410023 403024 410586 404114 397968 393888 405756 402660 411077 401812 403844 399864 401728 409075 402906 398149 402944 401604 399097 398544 400464 413480 408769 401724 401886 405157 405581 406581 407123 408235 397022 406617 400444 408738 410621 402404 405174 410196 404661 405659 415890 399732 413650 406933 408761 411596 400490 398802 408259 412781 396998 405252 412898 404345 403932 414941 405430 406497 395576 401858 402348 395621 403662 404304 403408 399956 409768 412368 409179 408062 411975 401734 412596 404638 401912 405170 406531 402296 411646 408688 408281 406647 411981 577539 418174 398268
394657 407866 566546 398628 406624 404690 400825 399587 397537 414068 400429 401573 390855 401174 396660 398909 400428 395429 409397 401506 400116 407399 405073 400711 397318 402427 395469 397653 406079 403540 400111 392473 403577 405273 398939 396524 396086 390440 391382 404403 403033 405060 403331 406776 404431 402238 396509 407994 406585 408018 405977 393261 400954 393168 399202 394046 406289 398469 392784 401036 392337 399499 405313 401280 399393 391390 402753 408048 405512 399574 405250 398821 401998 402117 396515 397732 400464 403273 403568 397032 394012 400594 386693 398649 408188 392897 402088 402931 405414 396378 397760 393141 398938 401509 403327 393028 404571 395595 407967 399285 400001 397960 391276 391654 392534 398783 397590 395943 393437 393339 389262 391535 390852 402374 390321 397445 404167 395782 388876 386888 392189 394523 393431 396912 390760 399041 395792 391657 390090 390047 388043 395001 390924 391277 397806 399772 397484 390167 387140 390050 405614 392808 395230 396336 390355 394605 395130 396510 397040 403741 399711 405843 390123 395629 401498 404879 397435 400554 397315 396180 403378 415661 408108 391951 398069 398147 401618 407699 405291 397312 396569 399628 401837 400548 395940 395530 399642 396195 390629 407226 399332 397212 390113 392930 406740 405014 395460 393430 400279 397610 392061 395687 411711 392655 396634 400259 395898 393547 407333 389126 404536 406067 401502 403152 398283 405875 402589 400173 408487 406372 406072 404849 401917 400770 409339 401313 406040 403706 398770 394825 402496 402746 404978 401110 401908 400618 404261 404246 404752 399746 407870 399236 397566 400559 397062 409991 408656 403689 406324 406284 406037 405248 408027 404314 398048 406528 399964 408664 401440 405175 403458 407393 401313 407560 412709 401453 408474 403456 406294 410796 398171 399241 406182 411695 402159 405309 411071 406806 408287 408492 407599 403616 391806 398735 404933 398164 399859 403566 402849 400317 409665 408476 408245 410061 408987 402950 415872 404544 402131 402598 407627 398330 411919 411306 407649 404561 410812 574715 414475 394982
391758 405685 570914 396972 398680 402614 399957 394062 402157 411089 399738 397122 385321 400133 396822 398469 395182 393379 413208 401362 400957 409280 403348 400082 395006 396688 396191 397873 408105 401089 393741 395482 400630 403912 395228 395367 399370 392222 394351 399884 405298 403854 399160 407908 405368 399080 400733 407133 403959 408207 412625 393929 402205 395272 399681 391190 409300 393491 390500 401035 387290 395466 399971 402410 401711 392747 398785 406075 407815 396786 407829 402337 402016 401946 394840 398392 402436 397901 404029 391889 393801 399879 387641 401178 408928 390562 406300 403524 403260 393909 400632 391836 394874 396955 402781 395938 405182 395278 403314 394882 400004 401659 387677 397585 391868 399385 395466 397271 395731 390673 387900 388491 392428 396614 390444 396824 402964 398527 390743 387385 395877 393796 391327 397682 393245 394720 395219 390125 393932 391836 387219 395599 394177 393731 392580 394403 398729 391429 385194 389303 408132 392119 399945 395367 395889 389202 397608 397795 398472 403022 393420 404611 389881 395594 395025 404052 401441 402967 394687 397379 409308 419874 403895 391753 395205 393971 401135 402019 399325 400908 397936 401667 399768 398310 397443 395754 398756 397091 390625 398063 398106 396938 390504 387772 403803 400525 396216 392253 400148 393958 396656 394131 403934 391294 395365 400188 399799 395886 408066 389207 400953 406412 402806 397589 400173 406277 401011 408074 406637 404979 404258 404247 400866 399777 408584 405052 408185 401097 399101 396346 400303 403305 405733 402589 405980 398910 403718 404368 402453 396154 402742 397474 395730 394930 401653 412686 404205 400787 404164 405149 402340 401742 408630 408577 397712 406063 401278 409455 408395 404329 407711 409022 408596 411548 413378 399440 405127 400996 404895 413515 405794 398644 409203 408320 394440 404336 409740 404922 407262 414653 402329 409462 402647 399118 403058 397756 401806 405869 407134 397547 401577 409658 404380 407248 407179 401406 408463 406975 402078 402214 405636 400182 408730 407276 408978 407321 411213 574698 413792 399125
395347 407963 570440 400596 399204 405858 400722 401439 397022 413186 396431 402615 388468 400705 399048 398352 397224 394691 412500 399593 401039 407087 404515 395332 396455 399313 398868 397902 406806 402122 394304 396431 406145 402428 399549 398554 403263 396981 391616 404128 406025 404242 401592 410059 406003 397417 403883 405560 407612 409804 409979 397546 406494 397174 399121 392124 409306 394382 389638 396708 391726 398536 399416 403059 399284 396187 406136 404775 404532 399414 403346 398018 402234 407154 392648 401864 398022 401609 406062 393777 391473 398038 388979 402039 405500 396831 406363 401262 403298 397812 400957 392508 402262 395683 404870 398074 404250 398589 407003 395928 397415 400042 390302 393404 393841 397166 397497 400476 394312 392423 390514 389657 396237 396741 391660 395649 401789 398897 387789 390620 398050 394978 396427 395344 392814 394598 398408 391304 393210 390874 389464 394255 398157 390677 394011 396549 394001 387588 386438 390732 406958 392872 393692 396454 390474 393536 397093 399553 394026 398308 397950 402240 392424 394991 393645 398594 404100 400861 394606 399345 408223 414102 407326 390179 397889 394280 397944 400622 401690 397148 395277 398341 402486 401711 392716 399036 396852 394315 390642 402553 395671 397482 393100 391747 401491 405697 395424 391910 403232 391921 397217 397114 407590 396491 395827 398923 391597 395677 406546 387298 402201 405739 405227 401309 402839 407280 400681 403686 409942 403371 411585 401609 400811 398808 412157 402335 408792 404905 399774 393548 404576 402620 405996 403156 401933 396338 404303 406323 403501 397836 400980 393200 399819 400868 402628 411584 406217 405731 408055 404579 398889 402177 406672 407001 396993 404740 398249 405311 408794 407820 406323 406439 402015 411704 415516 402997 409785 402101 400835 406887 403565 398642 408810 410709 396315 406698 409934 401928 406265 413074 403289 404854 393775 398444 399980 401245 405440 408133 406208 401062 404567 410515 409137 406984 412998 403274 411285 406037 402497 406815 404992 398258 411254 411689 407087 405400 411614 573432 415604 398824
391307 406052 564924 399822 399006 401174 401710 394257 398687 410972 401542 395274 388510 403696 397498 394013 398037 395085 410287 399581 405765 408036 406265 398086 400304 401379 397297 394802 407095 401318 399041 398063 403575 403971 398033 396400 402867 393266 393497 396438 402929 403929 402254 410012 405681 398387 401076 407816 404864 409125 410526 395652 407540 396669 400689 390800 410421 390603 391997 396645 390479 398328 398324 400548 401102 397146 401500 405711 404362 397776 401126 396782 402298 400569 393522 396160 403027 397956 410495 394657 392625 397189 382670 399097 406495 396211 403960 399011 404463 395703 396543 394729 395463 400972 407295 393431 406178 401116 403235 392901 398160 402547 388804 389671 392500 400489 396796 397292 395310 392089 384601 389346 395764 399378 393019 395419 400706 395598 387814 380537 393703 396322 393994 400321 397270 394960 398668 389637 395075 390700 391767 391924 402244 391782 394586 397063 396676 386748 388972 390367 404104 389808 397511 395419 392734 389120 396430 397814 395617 399154 401438 402381 388773 398901 393004 399997 401711 397534 391854 395336 406890 416207 404951 391924 395298 396780 396460 402515 407594 400517 400476 399295 402310 400329 395292 394718 394187 393822 391470 404242 396440 395953 397311 392061 402446 403035 398046 392406 400083 392170 394593 393634 405778 396106 393033 398349 397142 395369 406211 389743 405624 403200 402382 398483 399160 405001 402328 398632 407080 400352 407877 406694 401824 392234 404910 403339 411069 402093 398033 394939 403622 402305 405739 401132 405613 393725 406241 405028 406370 401248 401755 395783 396689 396498 398576 409441 405637 404230 407424 405722 403104 408327 406957 408673 400985 403985 400574 411107 405819 401354 404848 409869 402757 408591 418134 401779 407082 404883 403127 411133 404526 399546 406802 408806 398471 407673 409669 403887 407151 409294 405391 405250 397310 400277 399882 403461 401790 409619 403177 399826 405353 407023 406913 406016 409694 403525 413197 408741 400435 401979 403450 398081 409612 410058 406317 404933 410145 571757 413333 400709
397339 409340 566626 402082 403063 403890 398794 399185 403799 410536 402282 399003 385829 399597 402045 400297 395875 393311 412599 400988 405098 404985 405448 399080 396912 399393 397505 399129 404404 401082 397135 391110 400839 402964 401472 396056 398167 386884 395635 400267 405832 403411 398683 404081 401671 405727 405121 406408 404486 409003 410315 395752 403605 395781 398778 391663 409835 400364 390137 395189 391592 397909 398655 400257 403331 391072 403440 408412 408064 396384 405329 400097 405775 396419 395263 395437 400992 402474 405058 392842 395297 399341 387209 402476 404998 392864 404525 402398 400261 396041 395290 393505 399224 399242 403421 395059 404603 396661 406580 395478 402075 399065 388515 392943 393778 401122 402107 396199 395059 393810 384586 390617 397538 396688 394462 393887 402480 396305 389292 384901 395206 395901 395984 399615 396495 400306 395905 391610 392196 392516 388823 391466 394656 391696 395215 401493 397073 386577 390963 393034 407200 390644 398934 399051 393892 390175 393216 393069 396321 404937 400322 406025 387951 397067 399927 401807 400481 400199 394560 399633 404939 415159 403175 394366 395809 394978 402143 401469 405129 395647 395136 395626 396613 398368 395375 393798 399764 401084 388547 404557 398313 397060 393236 394250 399602 405922 396323 393514 399255 397340 393313 394588 411451 391899 397337 405514 395575 394545 407170 393507 402945 405537 399369 399428 398044 405588 406482 405016 407207 401145 407543 403984 402034 395525 408129 401841 405911 401889 398823 390649 403590 407267 410321 400348 401449 402345 403833 404578 405476 396238 405638 398073 397728 397705 403414 408845 409335 402041 401892 406200 404307 405566 406699 410302 394537 408818 398510 408060 405949 408597 407921 408172 402179 408835 413304 399921 408712 405273 402807 412895 407381 394359 406485 411267 399521 410227 411408 403406 405638 415169 406797 399968 400839 398002 404772 398313 402653 401112 405323 403044 405597 408354 404035 401369 409598 400754 413363 404001 399810 399900 404503 396653 409932 407856 407232 407066 413886 575862 414907 400637
391148 402769 567384 399044 399688 400395 401834 399024 396278 412826 399438 397441 382703 398277 399862 394933 396392 396115 408631 397543 399561 406558 404731 395233 396813 399946 394080 400386 403582 401919 396276 392182 402843 404910 396584 395637 400242 394040 389953 398783 398963 403233 400042 409295 397235 399027 403084 409526 404252 407775 408882 396594 400179 396941 398604 392910 407610 394669 392357 401038 389299 399779 397701 401061 397100 397188 400422 405945 407816 396222 407288 399358 402047 400931 392295 395679 396670 399708 405018 393891 389988 403263 393825 399927 407732 394407 403042 398408 403033 398814 402241 393769 395879 400426 402527 398079 403156 396161 403417 396100 403121 397474 388692 393203 391871 403011 393900 399601 399558 393729 390034 392177 392866 396788 394487 394627 404958 395297 391715 389984 397281 396850 394167 398458 395915 398350 396714 390706 394479 387886 390002 392721 394474 393550 394166 396986 396418 384429 387225 392343 405097 390625 400217 395404 395088 386037 393304 394784 396922 401097 399753 401053 391669 396777 397636 400472 399910 399210 393035 397055 404851 412498 405507 392036 391618 396630 398909 398263 398825 400097 396325 398810 401448 401919 394459 395920 398996 395647 390277 403577 400566 397353 393064 393988 399089 404404 397041 396816 403173 391972 393189 399996 407249 394752 399565 400147 395645 392296 410122 390170 402000 409226 406225 402347 402045 406464 401423 407545 411021 399144 409082 406509 402358 397534 406047 399599 407078 403342 396212 394558 407430 406962 407400 400102 407793 398490 406355 407039 405970 395664 399434 395780 398898 394816 407055 411870 403811 405054 407822 407445 405961 405187 408366 405063 396696 406202 400455 413711 408573 406681 407788 407885 403786 409364 411126 399670 405652 406670 404226 411710 399680 396169 410838 411346 396328 409678 410963 404117 402562 413895 400342 406745 398645 401593 398932 399773 401168 407289 399518 397880 406835 408765 410848 404353 410905 399504 411263 405143 403007 402312 405405 398860 409875 411663 405848 405200 412838 573598 412754 403773
391320 404758 564567 402663 397111 406658 398977 401653 396479 407967 401167 396560 383965 401172 394321 393184 392288 395662 413970 394616 402654 405616 407260 401598 396973 404280 393282 398021 407148 406221 394137 397125 401865 404996 398198 396326 399416 393176 389742 396105 401499 404273 403462 413391 405747 403683 403146 408777 404455 410655 412071 394979 407295 392868 404853 391973 407843 397531 394450 397070 391556 399242 402806 402907 403291 390207 399194 403186 411281 400292 405868 399149 401125 403537 398023 396335 399981 401771 409122 393721 393380 399347 390007 401316 406949 396135 400831 401695 404946 392306 400392 399232 398249 398861 405274 394256 406056 402668 409562 397500 401932 396728 394674 396189 395563 398476 397253 398427 391685 395755 385760 391841 394205 403001 393375 393916 402931 396337 394134 389497 398848 395323 394981 399805 394940 399050 397136 393847 394124 391774 389543 395202 393140 396211 394159 398377 396407 390793 387793 390570 405654 392945 398874 395546 392743 387596 396835 391628 397723 400878 400197 402074 389250 393935 396087 400961 404010 399280 392193 394870 407454 419404 406294 393312 394141 397680 397143 398974 407479 402239 396549 397262 407400 400307 393805 393612 401495 396948 389246 402646 399196 400786 392443 394855 398816 401352 393037 395343 399626 392431 391032 395717 405070 388522 394824 395899 397892 393495 406955 389681 403210 403956 402949 401205 401836 400562 400722 400745 407385 402133 407017 402912 403769 397336 407282 402355 407595 405332 398426 394695 405030 403264 406833 398640 403135 398842 397586 407243 406876 401249 403745 402592 396723 394653 399623 412700 408499 402646 405751 406908 406772 408033 409909 407147 400606 410526 401237 409437 406268 405008 404099 406221 404286 410164 411066 401936 406498 404556 406539 409642 404516 402580 409298 407426 396424 405247 407620 401314 405218 411074 403052 403073 396410 401808 401142 397635 400251 403023 403808 401915 405650 411101 407283 404740 408811 402077 409216 409987 398120 400881 403522 397845 413331 406193 409775 407901 411297 575603 412416 395906
388835 409071 565719 398113 396965 403499 399214 401654 398188 406975 397052 396755 382349 392668 395339 395004 398163 398476 408032 398378 402386 403765 404994 402954 397769 402881 397641 396999 409218 400517 400225 390873 401408 402938 394576 394193 402277 395360 392371 397596 404947 400210 398484 404118 404338 402150 402564 405138 401798 406116 408988 397093 402726 394618 395180 388325 403346 395806 390292 399378 390765 399628 400737 401651 396802 395277 401983 405333 405946 400700 403246 400578 402499 401029 393678 394741 402052 402792 401465 394722 393496 399179 390576 400132 408517 395136 404922 403165 406357 395568 398115 392745 401327 403422 405357 396813 408487 397481 408244 397477 399596 398024 389372 392834 393314 399751 398529 396725 399506 394467 386806 391789 395406 402199 389735 398722 401927 395787 389943 387330 398853 392858 393234 398298 393425 396992 395653 390400 393258 393827 390912 398694 394439 395426 392385 395613 400378 392425 388259 392178 405831 390178 398352 394084 396200 391477 393854 393793 395372 403186 398720 403056 390084 394051 396763 402289 401583 398357 392657 393951 408103 411040 402233 395349 395709 394359 398520 401191 401722 393968 398554 393133 398242 397933 392707 395182 398418 397345 389567 402005 399317 393737 395446 391451 401165 405923 392865 390866 397735 391489 388635 397623 406944 394210 398699 399460 398574 393744 410786 391182 405548 407327 400742 400463 404334 402395 399766 402110 408725 400183 406876 403839 404174 398325 411052 400636 405418 401587 398458 392651 403862 404396 407651 399171 403181 398086 403806 404057 406280 397852 399991 403171 399754 400572 399397 409610 411368 406962 405076 405656 407174 405717 403277 410589 401646 402595 397878 407726 404311 405656 408230 408371 401054 412115 414052 400556 408383 405419 404847 414197 404225 401680 406857 407262 392700 406830 412044 400410 405911 417951 405031 408702 399064 402711 404515 399006 398425 406231 401113 397228 408221 410311 406485 402290 406543 400776 413808 403325 399701 403622 402340 403498 409869 408360 412408 408353 408522 573031 412932 403829
391972 405155 560726 398770 399414 402078 401427 395689 396502 407051 398392 397910 387852 397837 395149 397009 394637 393049 410121 402212 400873 405507 404792 398401 397495 404420 394580 398069 405774 402596 396529 394393 403802 401717 398000 394170 399417 391690 393618 402122 404240 399882 400623 405910 402794 399235 402895 406158 407833 408268 409424 393387 402566 394720 399107 395057 404763 391193 388074 402834 391805 401341 399747 399213 400295 396184 403136 404255 410394 399171 405524 399106 398939 398100 395954 397517 397773 405763 408244 393239 393357 399630 387139 400491 406341 396115 403657 400425 403349 396410 400115 392998 397735 401215 403661 394889 409305 398579 408088 393726 399918 397295 393464 392099 395911 400667 396971 395276 398883 396970 388613 391769 392686 401145 392762 395995 408273 396471 390855 388305 392811 395164 403775 394809 399426 400831 396528 393029 392814 393417 390457 393379 394731 392317 394007 400347 398820 387718 385386 390434 407761 391477 398963 398185 390015 388061 394061 399733 393151 399244 398464 401533 387106 393312 399243 404294 400049 399613 393983 396846 404878 412081 402393 392770 395089 394112 400715 397806 404672 400824 393775 398162 401773 400469 397776 396726 398261 391090 390060 398420 394937 390532 392254 389709 404825 406811 401600 388986 399273 389266 391569 392064 402181 392429 397341 395347 398354 393493 407854 390536 404655 406115 403510 399760 397239 403423 401215 402216 407309 401275 407647 404028 399801 402884 413067 399820 411051 403399 395491 393395 400984 405252 408304 400991 407125 398600 402616 402235 404445 397901 405687 401070 393407 403539 401013 408356 408691 405694 405995 409040 407924 406124 409570 410024 398743 400962 400575 409222 405828 405548 408502 408937 404344 415446 416506 403403 410528 406743 405852 415118 398685 399396 409448 411823 400082 403134 413388 407878 404875 413692 409034 406050 394032 399355 400546 397185 398927 406795 399854 396225 405159 402388 411502 397057 408510 403831 408812 402418 402143 402313 405931 399577 410318 410754 404196 407047 410271 575370 412768 397365
388438 405748 570869 403080 399661 404739 403977 397878 398805 413783 401881 399435 386167 398754 397678 395301 391588 394209 409088 397116 400429 404372 402278 396128 390930 405037 393482 393059 404008 400261 396466 394841 404155 407185 399134 398257 396952 389860 390993 395453 400703 396366 395698 407603 402029 403592 399949 410013 403043 404388 413022 398384 397507 395555 401124 389604 408782 395166 387105 396329 392568 396626 398701 406574 401647 396531 398036 406206 408169 397355 403181 399921 404554 397012 394444 395099 402374 405447 404028 397067 395643 397960 393414 402270 407098 394848 406192 399220 402555 396700 400455 392997 397789 402500 404455 395595 406996 400759 408845 393780 401333 399965 388096 394696 396606 400302 396998 397193 395483 392687 388007 391646 390475 401119 395394 398838 406127 400357 393273 388106 399349 393674 395162 396672 393343 400422 397291 390745 391491 392967 392232 396816 393642 390236 392677 401357 401880 392869 388510 390355 403694 391885 396149 394886 391905 391286 395338 394032 395040 399096 395278 402780 389701 395237 400249 399309 397576 397925 388973 399182 405684 415556 402631 391124 391213 390832 401291 399731 405505 395742 397900 398994 398316 396773 394879 393781 399051 397890 388211 403355 403500 393978 395147 397907 399391 406056 392077 390706 402054 394009 390571 394616 403849 394178 395015 399230 399621 393674 409637 390334 405400 406381 403569 401213 399153 399484 400643 402730 407690 397795 408998 407241 401697 393737 406780 401907 414316 404200 402323 395960 406772 403077 408105 402761 405942 400705 404931 409061 406438 400475 402691 396505 399656 398202 398370 406334 412164 404146 406254 404677 404049 405728 411630 409399 400232 405454 403252 409047 405967 402159 404913 406990 402015 413615 412784 399601 411556 410759 406578 416322 404990 397971 409809 409976 396067 408819 412446 402019 408575 411952 403232 408065 396150 399998 403721 398226 398889 405795 402816 399777 406766 408524 403717 408446 411954 403104 406084 403412 396909 401182 411327 401734 411308 410219 412409 404459 408078 572299 417297 404354
393180 404587 563701 401059 397022 407622 398180 396538 394961 410292 397810 399792 388066 399199 391806 395826 396730 394138 406994 399123 392719 406067 400332 400339 399838 403505 393546 393800 406328 401960 394261 394067 402180 401806 397680 393475 398036 384355 393266 396803 400356 398383 402135 402036 399724 404234 401268 409884 402860 407003 411870 399864 404162 395195 398405 389296 405960 395941 390127 395995 386959 396170 400206 396752 399584 392563 401276 402877 407504 397062 407670 400832 399641 402721 396075 400483 402154 405185 405250 396691 395298 401737 386029 405661 408579 395742 403776 404318 403495 401479 396304 395068 396504 400607 404763 392748 407851 397116 404772 394024 403313 400884 388152 393625 393802 397994 396707 398503 395901 391537 390355 393417 390960 405596 390709 397963 407022 394014 389941 386097 398730 396696 394782 394539 396840 399144 398347 390203 392518 395296 390417 390514 396891 395282 399246 394599 398916 388804 389015 390138 408779 390783 394931 394895 396382 394672 393349 393221 397961 398189 396151 404211 390728 396786 401352 404185 397168 399859 394178 399315 402365 417455 404315 391240 395708 393050 396596 400927 403685 395121 393474 398838 400443 399390 393544 395918 392452 396500 391406 399052 400234 395214 395579 392505 401766 409050 396185 396281 398793 389655 391410 388537 402469 389960 395533 401485 392984 391304 406393 389251 402107 407157 399034 396257 399444 403911 403079 404554 414272 402526 407174 406105 403082 397138 404661 398012 410112 398480 399684 394216 404292 403041 404850 404980 407802 394665 407866 405288 402791 398470 403434 403113 399017 394585 406591 411280 406408 402947 403690 406601 403789 407733 411368 406598 400111 403214 400313 411192 407263 406457 406396 414391 403643 412768 412083 400344 404539 408316 404629 414874 397902 394257 408740 406928 399128 406512 410067 402790 404346 415734 408253 406460 396738 396829 403036 407044 403847 406267 404819 403174 404722 408391 409430 407566 408242 400468 408342 404818 400623 403834 406900 397402 408227 407735 408381 408005 407426 571284 413407 402784
396628 402823 565751 402180 396982 400741 397857 399057 389549 412279 397247 393955 384284 396864 398318 395778 396778 398232 408993 397454 400990 409878 403938 400376 397244 400213 392869 395306 404782 400788 391638 393640 396303 404954 397642 394405 401804 390027 392206 399054 407782 400994 397638 406168 404867 400628 402099 407403 402629 407322 413576 396109 401096 392224 396865 392622 405454 394140 394602 398492 387186 397926 395502 399543 406158 390278 398161 405951 404498 398940 405451 399850 405242 398902 394643 394996 399836 400057 404703 395840 396061 396270 392041 400567 410286 399324 402062 402072 401501 394490 399789 394367 397343 398964 403987 395510 403388 400478 404529 393143 399348 400879 389305 393254 402840 397696 395138 397143 394219 394807 386298 393693 392771 402840 390722 396480 403282 398356 392702 388835 395139 393049 399749 403283 397808 397123 398384 394554 393910 394909 391103 396085 397996 395238 393637 395280 400468 387078 387779 394179 404432 391741 391029 396392 389219 391725 394801 394385 393390 403104 396059 401789 389814 394732 397536 402410 398272 402367 396103 397613 404882 415121 404479 394027 393500 393326 398665 396593 409219 395974 398509 398784 404413 392913 393783 395319 395165 394098 386140 401050 394081 398019 390010 392804 400425 402768 397809 393332 401458 391615 393254 395289 402448 390000 396658 396367 397058 394827 406913 390141 400748 406473 401186 399443 403717 405137 401332 401785 407349 400824 406179 404609 401128 396887 406631 395376 405626 404964 397562 390674 402511 403275 409715 399417 407860 398622 406588 407331 407173 401133 404730 393511 397640 401651 402572 410242 410285 401775 406075 400557 405752 404338 410127 408137 398533 407273 393201 410823 406034 405217 408550 407338 399402 413051 418551 400455 409949 408910 406152 414881 399887 398690 407177 411622 398926 407311 412087 403314 406242 414601 402223 407551 398500 397037 402682 398205 403287 402529 404437 396661 407271 409256 406619 405705 407049 402155 409953 405580 397736 400315 403165 399669 409882 407796 407866 410014 407629 571228 412951 398731
395493 404933 564556 399262 398260 403568 400475 400966 393570 407718 397345 397344 383748 400847 396508 396748 397625 395331 408715 396468 399600 403996 402236 399254 401874 397179 391792 393665 406195 398264 398342 391753 400806 407045 398503 395406 400000 389420 389767 396553 406316 400934 395980 407702 401140 396258 400741 406922 401853 410248 412299 387499 401083 392969 396521 385989 407144 398242 390850 395576 390560 400414 398291 397029 401203 396631 402798 405084 401946 396792 406796 401551 401960 398638 393873 396195 401753 400440 408795 393845 394827 400073 388515 400866 410168 395528 403825 398731 401631 393908 395972 393488 397267 396181 406549 396659 406570 402055 408802 393880 405438 396784 389533 395624 394618 401040 396577 396749 402029 397924 383536 392827 395721 397279 393050 397067 404096 396359 390869 387122 397362 391096 397345 394534 396784 399264 393594 393474 394506 393385 388357 397132 395592 392275 390151 399693 398858 390295 389156 391287 409862 387649 399708 396216 392434 389074 393986 395345 395682 396298 396885 398071 389807 395351 397612 402716 401754 399529 392421 396396 404898 410638 403951 391817 394983 393716 400090 398523 401007 400849 395973 397400 397223 399235 397370 394796 392846 390846 390110 400627 400085 395774 392316 390534 400341 406418 397652 390519 401317 393234 393093 390613 402842 390313 394178 400138 398066 392453 409225 392848 405755 408877 405359 398511 395970 401121 399369 402677 406997 398908 406666 402760 401229 399274 408688 399210 405047 404138 395533 391797 401153 405882 404382 402828 407060 394092 402907 408873 406473 399896 401026 400345 397172 399843 403687 407752 408058 407292 406832 403387 405402 408910 410005 407401 400169 407383 398384 411447 407512 404876 408141 406380 408584 410807 410883 400971 407069 408827 410173 410876 405732 400104 413199 409980 392100 407659 411300 400888 404409 416751 406122 408181 397686 397145 401538 401458 401003 402653 401462 398254 406321 410391 410578 406856 406157 401409 408820 408515 403477 401617 404977 393245 409706 408503 409006 407921 407637 573985 412847 398147
397200 408831 567648 400366 400689 407121 403228 400115 394272 412875 400126 397508 384617 396357 397786 396430 395770 395557 410770 400736 409699 406928 400192 393774 397752 403672 392772 394376 402666 398580 393381 394663 404420 406661 400052 396595 401138 388924 390442 398040 403449 404754 398490 405633 399631 400680 400685 408745 404653 409189 411767 394850 405435 392268 396476 389565 409073 391638 389994 393077 388212 399669 396689 400781 402084 394809 401957 408277 402567 394427 406412 398477 405073 404171 397364 397913 398360 399670 405112 394208 395477 401657 390107 402386 408170 393217 401730 397618 399545 394703 399305 394080 395246 398832 406940 396724 403534 398497 405011 392761 400933 396743 390150 391892 400402 400432 400646 397038 395205 394456 387070 393529 393945 395751 394363 398293 403917 398196 393113 390037 399930 400172 394396 398594 396182 396643 396805 393095 400070 394624 391413 395697 399665 396949 398307 399426 398161 391659 390643 391509 403210 392670 392343 392636 391363 391737 392790 399513 395251 402895 399569 402444 389583 396721 401326 401360 399746 405814 394325 400483 404273 413363 403433 389561 396737 389906 399141 400269 400178 395758 399363 399622 399178 397138 399993 395570 392764 394757 385385 403622 401110 392442 392285 394196 401054 401267 396924 392287 395124 392271 391307 397683 405890 390678 391374 397210 395996 392557 407313 391483 401880 405484 404172 400481 400711 408407 397269 401665 402819 400456 406740 403844 404371 392479 408561 402970 407411 401189 398400 396095 402350 403101 403741 397617 402323 397306 403166 403215 406460 398591 405532 400733 396528 394228 397655 408642 410335 406965 406305 406926 405606 402668 411267 405917 399940 405621 398172 413954 409965 406000 407011 404118 404000 413562 417814 403649 410867 411363 410139 416425 403792 396644 411446 408881 396391 407563 409469 405770 406559 413371 402987 407081 400765 398901 405036 404230 405102 403169 404966 403131 406355 408399 408631 406829 406690 397983 410386 404494 404841 401464 408147 400981 408659 411610 407264 406587 409882 569120 412213 394915
388998 406101 563967 399307 400428 406547 400308 395882 398425 409381 396663 404793 388356 402034 397294 395564 397884 394007 410771 399230 403568 408925 403724 398853 398876 401337 394626 393830 405286 403362 391657 391054 397404 401697 394850 397705 403216 392701 394754 403140 400082 400252 402474 405908 398833 400111 401257 404822 405316 409373 413574 396446 407631 392088 404429 384718 408132 392090 391713 395922 387105 398858 403186 397541 399526 393673 401890 405210 404337 395353 407964 399230 405989 400451 391411 401051 399498 402554 405287 393895 393200 402570 390949 402979 407804 395749 405090 405984 403158 399857 391626 393348 399608 400913 403994 392709 410740 397893 406179 395586 400225 400368 390519 394247 392029 399866 398130 396427 397227 393068 385718 389462 393632 403033 391371 396457 409280 396956 394675 389966 400583 399787 399600 397792 396393 400266 397594 393508 395005 394043 393794 392562 396313 394305 393382 399964 400743 389116 388643 391529 408480 392206 396067 394648 392843 388640 392689 395276 399894 400743 403421 404050 390433 393510 394828 401064 404997 398288 394059 395040 403528 416038 403293 393841 394171 394509 401798 399321 401828 396583 394967 399095 399928 396907 392630 394868 398084 394931 387146 405395 396711 399565 392398 390774 400804 402507 394943 389598 402305 391499 392830 396182 402443 397017 396276 401917 393416 397802 409270 387829 404272 408439 402926 399967 400946 405958 399395 407240 410376 400967 406146 402571 405561 398950 410720 399112 408130 402946 399952 393839 403142 400334 408792 399813 404189 397370 407745 405713 409578 395528 401031 397682 398384 398734 400032 415144 409291 406950 404898 402570 408478 407855 409850 408883 401889 406884 401379 411485 407269 404563 410881 411136 403558 412258 414185 397964 412343 412236 407961 416957 407570 395535 412188 410248 397456 408880 412028 403983 403414 417651 406098 406378 398332 396647 403069 398561 400788 398769 405766 399424 406276 410769 405030 404945 408312 402405 408326 407141 403983 402059 409055 397882 408128 406689 405883 405303 409636 570293 416824 402071
391454 396458 560718 399747 401955 400639 397533 395089 398473 409137 396796 397069 385395 401273 398964 397475 395033 394092 411242 398653 400145 399500 398482 398867 395153 397968 394253 394920 404046 406007 396240 392202 401700 403445 399109 393640 401418 388218 392277 400348 404985 403345 398708 406307 402735 407811 401343 406208 402770 404288 410273 394325 406464 392201 399746 387742 404880 390152 390633 397053 387299 398056 398325 399102 398360 392637 405237 408806 404587 394230 403718 399972 400132 397341 391429 397345 402184 401104 404339 396498 393122 398904 393552 396259 407869 398448 406224 402718 404593 395947 399955 396469 399869 404373 405252 393238 407295 399105 403902 396101 401253 404903 389961 394673 391985 397237 399400 399641 394071 396142 390440 392441 394132 400330 394093 401706 408725 396431 389936 388224 402365 397171 396872 400087 393433 398485 400899 396481 396232 397592 394457 393524 397210 392592 393605 398444 399738 388208 391682 391067 408033 391822 395023 395117 394486 388988 392046 397167 393932 398630 401030 399953 391499 391785 398416 402598 398654 402711 393193 395828 403917 417541 402278 390765 390860 391541 399078 400225 399239 396251 394357 397178 398680 396322 391561 396883 400273 398042 389786 398245 399153 394934 391098 393270 405225 404974 394457 388689 394615 389355 391460 392942 402393 391632 396681 397530 396719 391548 407092 389104 402287 408731 401219 396248 401014 407574 402095 403575 409536 400550 407476 397041 402346 397169 409208 399077 411021 400521 398967 394745 402466 402749 404533 399119 405573 397396 403870 411497 407732 398813 406744 397415 398529 399352 398983 413006 410883 401583 404580 409560 405908 411147 406882 407318 404195 410905 398069 410966 410430 405182 407490 412538 407725 414026 417176 399627 410420 409361 405735 417580 403390 398331 411649 413889 396290 408824 412375 401832 407450 415687 407365 408144 396218 402010 407416 402545 399794 403961 401456 398181 406175 408671 406314 407060 406659 401243 407173 402070 397254 401077 407544 396245 412463 409060 408941 403047 409348 575133 413799 399870
395050 409109 568642 396004 405262 402338 395752 396097 392275 412704 394040 397102 382336 398082 396479 392320 400367 396829 413650 399722 401545 404150 400431 401489 397726 401319 393550 395646 405116 398821 399262 393686 397205 403031 398937 392042 395696 384440 393993 399726 400083 399577 402906 407117 399012 399582 401582 405279 402571 409080 409399 396070 404328 393961 398618 393085 403791 392287 389379 395180 388595 395544 402674 399222 400438 391990 401260 407330 402938 400255 397757 401324 402281 402144 393934 398570 399042 400174 405816 392663 390830 396165 391067 399147 410407 394567 402706 401598 403602 395362 398009 396661 396761 400792 402093 395461 405911 393960 406386 396692 401157 400509 390080 394154 394071 403340 396573 401239 396850 397799 387389 390195 397430 402798 397334 399151 407533 397145 394438 385921 399594 395945 396542 397619 396071 401171 401027 391397 397838 394841 390465 388693 399348 393858 396242 398385 399677 389519 394060 391693 410360 390184 399327 394931 391119 393381 393949 397005 395745 401073 396970 401082 389130 390649 397024 400590 405054 399547 392831 397950 404530 418358 404060 391199 391725 394485 401768 397861 401438 397311 393675 402070 399386 393288 392557 394044 400380 397285 390602 401413 398158 394013 390262 395437 400654 406867 393056 395557 398278 389055 394069 391627 402697 387420 396643 401256 394442 394931 407034 390997 397231 407143 405015 401547 401619 403825 403709 401437 406228 405131 411407 404749 403611 400973 409475 402582 406976 403175 396581 394256 401247 403270 408100 402149 403552 397428 403615 408188 403914 402225 404477 396785 396314 398973 403468 412171 413310 403790 407700 405143 405476 406844 410911 409036 399721 407320 401266 410476 410000 403320 404900 410598 404283 413691 417789 400423 408062 409290 406126 411449 399399 405209 411137 409956 401457 409426 407433 406129 406290 420416 404040 410275 397321 399894 403215 400479 405438 405050 403087 400022 404028 410911 405486 405244 408057 398829 409552 407081 401357 401803 404759 397962 407678 405135 408869 407742 412516 576160 415555 397866
393275 404308 566832 405008 402795 402857 399900 394143 394040 408487 396954 396987 385065 398581 393923 396183 392740 396183 408869 396928 403054 403729 401846 398808 394310 401305 394151 394188 403386 401035 395080 392511 401389 405964 396423 393054 401858 390331 393411 396589 404223 398304 401656 406211 398145 400077 401659 410381 407320 405127 412453 394264 404943 394278 397327 390661 405941 395946 387530 404160 388568 394366 397140 402248 397523 393087 401912 407714 404369 395036 404572 399759 403837 403976 391451 396905 404044 397170 405620 395468 399021 401187 389764 405114 405436 399209 403920 401691 402781 400010 400475 391473 396251 402146 405167 399125 405365 394966 402651 396533 400229 398450 390993 389933 394188 401914 397135 397118 399195 396963 388750 396843 395790 401648 391535 394419 398528 397065 391594 391848 399901 396475 393397 396791 397429 399283 402503 394768 391756 392093 388938 398600 397085 394706 397645 398468 401876 392289 386475 394387 407723 395404 395450 399079 392335 384907 394566 396229 394435 401775 399092 404859 390954 393673 396983 404376 405564 399275 393797 397328 405890 416531 406249 393172 393153 393235 403917 402945 400722 397382 399977 399371 399798 396341 393100 393389 400938 393874 390130 400726 401411 393556 392047 389953 399982 401518 393187 393166 398975 390239 390892 394399 404537 389376 393926 398679 395439 392734 406097 393015 403424 405722 400147 402198 395852 406451 401286 399040 408403 400096 410595 401444 400735 398850 406358 398499 411218 399780 400899 391283 402479 403482 407674 398570 406989 398409 399627 408359 403368 397291 402051 399248 396590 397130 406328 415038 407547 405509 405821 407144 407127 404169 412361 407217 399067 404840 403541 412427 409334 407392 410071 406299 404149 415746 411084 399096 407985 406683 405727 415861 406965 395943 409823 411307 396831 407090 411542 402373 406366 417585 409249 406793 398988 402508 404400 400712 401305 405147 401727 395894 410615 414288 401759 406578 409764 402642 410833 407773 403401 401165 409548 396384 406630 408151 408194 407801 410339 568977 413639 395763
390276 408421 566038 398688 400813 398642 396752 398270 392297 405301 390784 395822 385049 396143 392377 397393 395832 392726 406731 393806 394941 400153 403041 396463 395164 397238 394800 395615 405307 398541 397381 391671 403728 403792 395343 394659 396034 392865 388685 396895 403867 397362 397099 405104 402718 401428 399409 403076 400877 406240 405591 392845 402196 392676 399064 389584 407001 391179 385169 397580 385444 397203 400143 397657 398466 394173 396829 408035 410635 397006 400487 397833 400979 398308 392273 393807 400644 398707 403357 393163 393026 395925 390663 398528 404894 396373 403081 399730 398700 396676 395978 396077 395450 398881 401965 394716 403351 396257 407811 398095 399014 401586 388080 392393 393465 396209 394404 398663 398159 392556 385467 391835 395726 400714 395016 394499 407709 393789 391350 390124 398212 396175 395063 396255 397240 398082 397305 393511 394955 392104 388997 399103 393142 392916 395887 400284 399201 388810 388402 394456 404538 394235 402134 394702 392453 393084 397332 392520 395781 399707 396973 404894 391815 399959 398541 403362 401018 400162 392404 398604 407885 416812 404128 393493 396435 393467 399699 397166 401487 397371 397520 395961 400491 392907 395062 392167 398521 396466 388541 404007 397089 391523 396021 394835 404322 404400 391135 391163 398158 388856 395489 392485 400512 390245 397099 401220 391759 391157 406347 390143 399864 404256 403380 395619 398616 399470 401135 402373 407650 401015 409291 403828 404152 399974 412433 400069 406702 403258 397089 392802 399146 401734 409891 398654 404479 399254 399631 408185 403200 397106 397035 400490 402841 400568 398622 411995 407431 406052 403101 406568 406277 401707 413122 408728 400701 406232 397028 412712 407416 403942 407711 408381 400044 413190 416966 405954 412083 409950 407889 418079 407703 399078 412279 412446 401104 409852 411894 405865 408138 419843 403488 411669 393742 401814 403119 400718 402026 403384 405470 402694 404450 407205 410992 406160 414240 398963 411257 402742 405402 401552 404667 400812 406716 408737 414707 406236 413789 574149 412294 398316
391299 403882 564274 399924 397486 399327 395670 395362 395151 408368 396245 394507 386877 396252 395451 395401 395586 394327 408840 395318 399880 404681 400009 397471 396436 397036 392492 397908 405267 402541 393296 392137 395678 404709 397301 398196 400056 389368 393340 397895 405594 397843 398789 401500 396328 400108 401970 406855 401840 411317 405597 391110 405669 394928 401020 388443 408032 392487 389014 393417 384524 399575 400456 397680 394363 391147 398648 405088 405976 396922 404044 398351 398681 400316 399540 397572 400931 398429 410376 394673 396060 399321 387965 403702 406401 393665 401390 398697 400791 398105 398965 394291 400551 398641 405618 397347 404765 394261 403074 394524 399906 400827 384963 391156 394548 401698 396093 397924 397488 395222 384486 393179 390624 400955 394000 401702 400614 398199 394946 387986 400018 397742 395113 399478 390648 403942 393746 392614 396903 393260 393237 396234 397511 397638 394857 401367 398583 387687 389287 393429 404807 388023 396138 395408 394161 388764 398402 396791 397063 403176 398733 400191 390752 394877 397217 399639 400767 403399 391939 396268 405178 418092 399536 390924 390741 392892 397671 401020 399082 398708 397474 398245 398554 399436 392515 392334 400803 395930 388163 400340 396564 394959 390501 390238 400588 404993 391190 393859 394903 391152 392802 394431 400019 391662 392183 397475 392924 394003 406745 388781 400308 406120 399261 400029 396827 405618 399939 402319 406108 399542 408576 403843 400308 403194 409886 397406 406817 403752 397463 394159 400429 402070 404824 393804 407205 394130 400817 406908 405732 398306 397869 393570 397568 394440 401069 408442 410441 402341 403277 406368 405339 408171 408778 408673 399024 408176 401995 405913 405978 409875 409230 407220 406042 414299 422119 400138 408131 407171 409433 412324 399685 400477 411711 414333 395577 412149 412128 405601 407005 413537 403388 404082 398589 398935 403331 402623 400907 405499 405369 400942 407288 409520 406242 404768 404520 398851 409715 408107 400031 402122 403311 399615 407433 404281 408307 407191 410733 572794 414414 396857
392010 404045 562849 396563 395400 403809 401106 400398 394287 410184 398359 397162 385568 395856 398842 392316 394058 391742 409643 399405 397809 407891 406624 399410 390493 399271 392896 392964 402571 402274 395515 391101 399095 404563 393821 394991 399435 392224 394581 400467 403050 403652 399796 402795 402963 400667 395515 409404 400636 407298 409901 392245 402991 396996 401214 389847 403486 395554 383854 398067 390645 398297 404037 399390 398172 394183 399398 408843 407210 395897 403893 404516 400869 399726 396751 398768 398123 399815 402217 391228 388648 398845 387278 404931 409282 398671 404826 403194 400910 397515 399051 396537 392234 403249 404029 398423 405919 398044 409997 392429 398374 398747 392642 394129 395821 399669 402371 396826 394760 394270 388422 396744 392977 401007 395632 400456 408602 396589 393861 385531 399342 396313 398622 398152 397160 402739 399553 392127 394364 394123 390701 396924 398660 394799 395263 396245 394265 395088 389841 393466 411005 390469 401038 398872 394146 390573 394815 399262 396702 400922 403953 401990 391935 396850 395377 404557 403283 402283 389217 399156 408255 416046 404009 393213 392862 390177 396869 400676 399369 399013 400311 401074 402741 395934 396259 394657 398841 401536 385963 401385 400953 392702 386380 390464 400216 405455 394489 394824 396212 392957 395202 394109 402997 393243 394645 398782 396619 391057 409400 387301 402235 402702 403008 402545 398454 406331 397941 405209 408168 393249 407407 407850 403227 396379 409913 400476 407196 401436 400889 395177 404528 405092 406189 396998 404661 396715 406779 403752 407598 398294 403472 394885 397337 395710 403266 412429 413955 406924 404349 407057 403322 403123 405864 405784 403617 411249 397647 411003 408726 406146 408055 411777 405364 412516 414398 398014 407948 406665 405377 417309 406078 399604 409104 409635 400960 409962 415641 405281 404568 417332 405094 404815 399434 402120 405515 397720 398466 401780 400241 404256 403813 409780 407647 404508 407802 401316 408557 403833 399518 403311 404405 402372 411558 409000 410048 400824 413501 572487 412650 400128
395188 409486 561340 398708 400925 399673 398296 398988 396128 404619 395879 396203 380978 398261 391967 393531 392289 388621 410042 397088 394769 404494 403017 397288 393081 393620 391405 394610 404922 399661 394228 394692 397495 401181 395344 394721 403363 388968 390763 395920 405996 396659 399638 401586 393677 397826 397287 406480 400405 400874 406890 394301 402437 394262 395816 391909 403441 393114 389214 392147 389941 395900 400758 399210 399416 395733 401689 404113 404096 396144 407078 395039 399790 399417 393402 394815 397072 402479 406333 391445 394347 395103 386806 398637 405373 396074 403954 400925 404066 394926 399161 393954 399514 400140 405638 393691 407037 391741 399702 393965 399779 402562 391037 393424 395496 399846 396170 400551 400994 396471 387889 390734 391670 399786 388546 398794 406950 400088 393843 388720 397291 398672 397992 400020 394749 397626 402250 394162 396947 395501 393258 396418 396746 396222 397238 398186 397734 392344 388860 389618 404901 395155 395022 398306 392718 390449 392572 397680 396171 399298 398362 402652 391712 397394 398935 398908 400933 403059 389188 397444 402082 410608 402726 390706 394547 398551 404545 400559 401134 393247 396577 399004 397344 398279 395870 395743 398502 398928 389527 403777 397983 393472 390147 391399 400509 403100 396664 391414 399329 394835 389024 394556 404229 394990 393217 398001 392827 391184 407544 386778 401594 403109 402160 399782 397483 403322 399702 402689 408562 400186 405701 403728 401512 397212 408247 403102 406914 403303 401304 396422 402962 401473 404798 401754 405292 399121 403386 408544 406184 398035 405204 398391 399897 400932 400481 409559 406899 406394 404402 403546 406721 406312 407722 410484 399831 404704 400637 413837 411372 402964 409783 406859 405672 415798 413825 398656 412475 408658 407055 412581 403116 398909 411282 408947 396391 409680 412170 409134 407944 411300 405317 409615 398591 396434 402865 404757 402262 406671 402195 398438 405427 407662 405569 405106 406342 402610 409615 407489 402142 400667 404279 397255 402909 409484 403241 406007 410554 574101 412999 396023
389370 403303 566145 393456 400322 398148 399128 393910 394402 404818 399128 396024 387950 399907 394085 394790 397748 393206 409569 395732 402817 401873 400121 396468 394171 404345 388511 394867 402681 401246 397137 393039 399514 398589 395649 394308 395185 393358 392054 398745 404825 401694 398384 406407 401920 396871 402584 401600 400539 407495 411875 395959 400988 395934 397127 388306 405901 392633 387681 399250 391958 397707 398575 400415 398747 392979 399710 403484 404376 398507 404626 401207 403004 399129 396050 398249 401600 399393 404698 392847 392030 396121 390163 402135 407892 393800 403772 398960 402954 393853 394777 392742 396788 400193 403539 396233 403060 393896 404816 394096 403485 394734 386204 391236 389199 397113 398628 395335 398980 394016 389263 392096 394956 402625 395552 400436 410345 403326 394706 389660 396803 394197 394020 399398 400048 399998 396827 392827 393472 394665 389585 401665 398618 394303 395417 398251 400787 388969 386310 393388 405819 390313 403822 396479 394535 392607 394295 394367 396304 401784 403349 404597 390941 395786 399542 405499 401372 401679 390835 396180 403888 412585 404535 389771 389209 395017 399955 401421 400467 394648 395134 394576 399297 398071 395000 393991 396941 394442 386396 400491 399035 392493 388800 392552 401774 403433 395200 392472 397130 389822 393164 391135 402312 392430 395211 394530 399419 391346 404047 387175 402063 404283 399754 395759 396392 402056 394977 404955 404884 396540 408046 400970 400347 398858 407146 400600 404762 401153 396958 393189 399941 402154 406812 399194 403830 396775 400987 403565 407050 397053 397382 397914 399895 397767 398236 410772 410448 402697 405135 407417 404647 400696 407303 411860 398983 405981 402972 407782 410849 411052 408240 405518 406574 413724 413708 399549 406426 406385 407832 415190 399428 400502 405996 414087 396051 410670 413545 405320 402159 410759 407736 407201 400053 402440 401567 401887 401865 402037 404223 400524 409215 406629 414555 402886 407133 401047 407710 408216 398448 401693 403552 399951 409726 404565 407208 403333 408096 575498 410392 395993
393188 404281 562291 398964 394943 402393 396506 392334 392461 408985 396669 398392 384017 397901 391406 394410 392950 395090 409676 395353 402240 403313 398949 397011 390834 397748 393853 393718 400897 397650 393481 393074 400948 398077 392640 395090 398864 391614 394077 396815 401471 396964 400940 401614 403228 403174 398383 406688 398648 405034 408934 390713 401922 390597 398901 390112 405354 394630 390296 396038 387084 398896 400485 396703 401438 390982 398619 403217 407625 398894 406466 399503 396733 398200 393306 393852 400114 400375 405838 387344 392038 401029 387681 398681 406398 396278 404759 397997 403913 399601 396147 393648 401134 394861 406120 395143 404893 400178 409247 393790 401211 400570 390570 393801 389560 400567 397652 400411 393384 393062 387921 389125 393248 400471 396542 395139 404306 398101 391649 388386 398406 396621 397328 396803 402400 402481 398847 390428 396649 394169 398166 398613 400873 391184 399323 399630 402408 390462 389397 395289 410213 391462 395326 398667 392803 389361 395085 398424 397765 403358 397034 406502 388177 395747 397349 401506 395570 399561 395728 395574 409421 420671 403788 393778 394345 395636 398202 396616 399646 397137 401241 397645 399430 400417 392623 395505 396099 394273 390037 405080 398366 394706 391435 388409 401663 401914 394412 390326 394716 393478 392733 394713 403345 393339 393916 399330 397855 394611 401919 386500 399864 401646 403693 395361 399069 405432 402866 403727 404970 401367 407496 400465 404554 394433 404218 401788 404438 397512 397465 393344 399543 401724 408040 400497 404613 398984 402604 406459 404659 398408 402311 399180 396989 399491 398611 409008 406494 404670 406536 405197 409391 403851 410686 405578 397262 408715 397381 408250 404839 404913 405629 408305 405365 412018 419601 400344 410149 413904 408079 415243 403779 400758 408544 410298 395118 410034 410306 408542 408996 413423 406634 407953 400380 398367 402472 403209 405960 405431 405122 397784 408884 408061 412169 403942 407261 398988 410727 405501 398871 403436 404533 396866 410679 410275 407306 402578 406619 573336 417438 398745
389334 403096 561343 397876 399266 401571 398724 394992 393672 407711 395241 396354 381904 397142 395496 394121 392610 390281 408872 397543 400991 401943 398494 393440 395179 402725 391872 395464 405174 399090 396778 393394 398974 403582 394182 396360 393845 391940 391524 398840 399267 396278 397455 404676 396819 398241 398762 405067 402288 406965 410017 395604 402929 395039 396253 389080 408282 392182 388064 394367 387615 398959 399987 394371 396443 395823 399230 403642 407482 397023 408062 401563 403079 396592 393147 398169 399446 400100 407214 398534 399950 398936 388627 397658 406442 398108 401725 402103 402746 393743 399445 394440 399117 400304 407082 395509 405261 400298 404611 396285 401196 400260 388823 391548 397157 401957 393710 398727 395639 395676 388910 387871 396241 405512 390481 400143 404443 398419 394614 390503 395969 398111 400211 395972 395034 399189 401429 391269 396199 394889 391679 395585 401703 394263 397407 398055 400352 391398 387646 391611 407635 393563 398931 400163 396201 390438 396961 402618 396011 406538 403276 406389 391282 397017 396856 405246 403204 403073 393999 396856 404112 422609 406034 395987 397605 398129 399794 396077 405447 395761 396951 398612 401642 398853 394185 395145 398315 396016 391073 399175 398008 401123 390950 390747 404419 402152 394732 392226 400016 391425 394501 393434 403687 390866 389528 397140 396059 394834 406848 388781 401587 403227 404430 401737 399646 402412 401120 399573 409453 402015 405749 401472 401157 396336 407461 402959 407273 402532 399157 394725 403096 402032 406578 402420 403138 396287 402375 405146 404930 399892 399805 397661 393747 397498 397416 415798 409392 403248 403895 406357 405400 406757 410544 409516 399062 405754 405819 411609 410250 403394 403559 409532 404229 410433 414485 397548 409111 409874 404569 413983 400948 401067 408835 411158 401092 410839 410707 402402 407306 421125 405871 402606 403640 405055 403592 402378 405259 405942 405876 401278 408003 412411 408146 406104 405645 397845 410821 404865 397847 403376 403289 402443 411532 412852 408658 404118 409817 569346 412548 398614
390885 401180 561278 399886 396572 399233 398976 397657 393937 407955 397514 398547 382966 399848 391847 392682 392630 394424 409272 398643 401293 404321 401366 397524 398737 395359 384689 397606 402565 399333 391171 391360 402499 401041 397516 396938 399794 388301 394545 396331 402493 397478 398340 399975 403347 401302 399565 405128 401976 408888 407340 395726 403206 392067 396481 389572 406156 392570 385503 393683 386466 391565 402454 400830 399506 389019 399957 399586 405471 397263 408508 397714 404634 399035 392350 396301 397373 399629 404780 394975 391114 397066 386468 399301 408105 396590 402657 405607 401759 397357 399253 391882 397480 398099 403339 395109 405425 396665 405783 394862 397640 397084 388186 392370 393754 397838 399520 397350 395376 393304 387083 396197 393487 407109 393993 398131 405707 400450 388973 385598 403465 395464 397582 396068 399076 398708 396614 392155 393840 397021 388632 398438 397078 398081 397589 398701 398964 392961 386824 396489 406788 393701 401222 400106 391596 389901 394616 397097 402570 401449 401148 403217 390891 398890 401699 404815 404574 405878 393934 398098 408697 416454 406106 391924 395499 397790 401673 401261 400603 396301 395196 400055 400374 396771 395316 397828 399665 394467 390987 402279 396049 390986 393222 394838 400057 405148 392039 389168 395787 392790 397453 390670 405320 390515 395076 397106 394616 389876 402769 389892 402774 403822 406933 401024 400021 410376 401647 401308 407167 401292 407619 403265 402182 396027 408257 399758 407766 404449 398323 393755 402811 403053 408375 401190 404787 398372 401612 403838 400121 400121 403314 401866 399739 398735 398338 408276 408005 401878 405565 404929 407401 405143 410063 410401 398713 407643 398560 412421 412726 407797 409691 409732 404286 412886 415876 399869 409029 409132 410055 416427 405975 397835 412174 410966 398931 405950 412978 404786 404627 418162 405766 409709 400936 402872 405365 404110 401947 406248 401873 403625 408828 412422 405926 405429 406095 399094 412086 404339 400030 403056 406056 399958 412172 411798 408161 402933 409551 574963 415486 400243
391308 403178 566796 395288 399592 395586 397183 395659 391487 403501 398125 393461 384911 396630 391759 392073 393140 391110 409664 396048 401413 402724 401691 392897 396447 400708 390012 396740 400293 402812 398614 391608 399597 403147 392751 394985 398366 390007 387538 398742 398709 402037 394391 405551 400491 397731 395265 402344 401355 409267 413831 394901 401662 389512 394265 385429 404544 388489 388442 395023 384285 400886 398263 399621 400048 393698 399573 404596 404769 395891 401262 399136 403082 402498 393563 396056 402070 399691 402590 394696 386511 401307 386942 403174 409020 395230 407545 399143 403046 396940 398929 395503 399139 401100 403637 394067 405816 398379 402571 394028 401913 399549 389341 392973 394605 398628 401223 396874 395556 392583 385136 393716 392855 402671 393196 397894 407690 398428 392330 385142 397925 398009 397581 396879 396396 401784 399213 394708 399317 398373 391554 392121 398524 394723 399228 403104 403195 394090 394698 392591 407783 394548 400673 397386 397154 391486 396599 398577 396394 402949 403330 400622 395262 393019 398067 405403 404799 400781 393827 398105 407487 418998 402771 395303 393738 396902 399782 399281 400532 396641 397880 398960 400027 397961 398371 395796 400435 395172 390492 405961 401053 396131 393661 391895 403114 400532 395749 390639 398489 392485 393269 392596 401431 391067 396728 395117 393150 393158 406587 392829 400616 403226 400336 397830 395204 400915 401939 401829 402290 397763 406843 404820 404483 397666 409462 401326 407476 402618 395324 396621 406885 401329 407616 400159 404103 397239 404117 404814 404926 397159 401151 398640 397111 402385 402252 409052 409341 401346 407589 407162 408915 406863 411257 410036 401987 404849 399595 411839 407890 411331 405247 407373 400712 414651 413634 399201 412541 409825 402991 414521 404963 401325 411921 415618 396791 411891 410920 405644 406440 416800 403922 406328 399228 401105 411651 403343 400150 407147 406218 402590 407556 408820 408235 402770 408616 397826 416209 404087 405095 403627 405124 392906 410800 408965 411323 407301 411115 575211 412334 400774
393887 401066 561673 397715 392993 399338 400726 395298 392560 410163 400385 394443 380680 393632 393513 394768 394961 395747 407311 398371 400647 403246 399494 401572 391550 397544 391537 398023 405577 400132 393777 390998 397369 404799 393301 397365 394997 387292 393326 398655 403175 396244 399448 401307 397629 397658 397413 402780 400714 406913 406519 391232 402917 392100 395934 387670 408902 393360 388245 399897 385130 395602 401846 398443 397745 386178 400615 401743 404913 397124 401681 399336 399294 401664 391874 395826 398277 399857 407059 391898 389375 397354 389018 402771 405405 394262 404145 399704 398705 396934 401326 390885 395813 401565 404619 398303 403783 395105 407208 393804 401442 395696 388686 390169 394967 400480 398217 395666 393523 391916 385370 394085 395493 402664 388932 396177 411233 395540 390236 387377 400231 395363 392551 399399 396516 399727 396947 389042 392397 394833 394387 395786 397636 398350 394679 400798 399710 392958 392289 394738 406330 390571 401796 398535 392589 390448 393995 399319 397224 401411 400476 404961 392729 396198 402415 404796 403188 404819 393364 398961 405938 420429 406508 392648 393369 394556 402756 398800 405633 394264 400279 400788 396859 398976 389317 394188 391879 398884 386824 399390 397237 393544 389811 395230 401932 399511 396557 393609 398806 390133 388796 394228 401428 394766 393975 403934 393412 388649 406778 387744 397798 408793 401879 400277 401910 406212 400332 401172 407470 397970 403658 402198 401961 396405 405302 398351 402354 403022 395096 393028 406572 398713 404323 397078 407123 398674 401328 407166 404214 397990 403751 398872 394282 397737 397864 411482 408199 405359 406040 407742 406216 408088 409572 407476 399392 402413 403785 411733 407716 406167 411477 407124 405478 411753 415886 398881 411798 406196 403100 413250 401536 397859 411176 412381 401563 409834 410630 406626 407956 417617 407372 411821 395586 397312 401982 404136 406023 404792 403944 402693 408364 407827 416144 403524 409232 400367 411492 406900 402971 404001 403904 397897 410881 406530 409304 408620 408478 573577 417037 396776
392083 405024 565775 399583 397451 399740 397585 395958 395090 407749 393003 393187 382633 392433 393762 393240 395392 390512 408693 395613 399761 404105 397598 396718 389539 398027 391393 392737 402568 399518 390646 390986 398924 404329 394647 394809 397153 392134 388887 400564 398024 401398 395948 403870 400755 396084 398277 406144 397290 405542 407580 389771 400908 389974 399579 387759 403342 390127 390221 394834 389404 393339 398462 399746 401779 392541 398365 405597 409220 393780 399864 398509 400332 398429 396879 396731 402162 398918 402674 393704 389819 403003 391097 399061 407073 393642 410371 402630 398311 396884 402003 397449 396161 398971 404493 399065 409232 399906 404329 388693 400156 397644 395220 393940 396898 397465 402112 401706 397446 392139 386817 392200 391913 402356 392342 395483 401918 396289 391355 385932 395313 398787 395400 397348 397027 396920 397538 394781 389720 393731 390682 396981 397924 398192 393787 398000 400794 391074 390111 392873 408020 392779 399485 397326 393424 392538 397662 397411 396744 401855 398311 406058 394321 396222 397739 402517 399994 402417 395278 398273 407167 420419 404470 392465 395270 395332 401301 404323 401719 399223 398827 400470 399921 399513 397106 395998 398423 397561 391797 405065 394372 397337 391044 393884 400452 407971 401468 389053 400598 390901 396039 391158 402866 392536 395234 396925 390849 389279 408147 390012 400664 404643 403046 396370 397571 404718 397937 403074 404220 399345 402067 402834 404531 397865 408495 397596 407378 401569 399415 396881 402353 400913 406246 397640 405081 398706 402776 405874 405730 397801 404387 400608 399283 393703 403321 412137 409059 401353 409638 403624 404834 404031 411934 412017 399113 403796 402750 413143 411649 407737 407550 409296 405908 412995 415936 401065 411044 409579 407837 415377 404515 401349 411009 411885 397616 408145 410181 401382 409401 418540 410081 409721 400582 401194 403685 403003 403894 406066 406527 398610 407286 407012 406505 410119 408604 403311 409522 406785 398989 405118 404926 401066 413426 408038 409506 406025 406271 575338 418658 401339
387033 406558 562475 398460 399026 400246 396793 393669 389873 409114 395957 393838 386136 398201 396472 394468 394395 390927 408290 394014 403139 401758 399909 395642 390667 398235 393047 391892 402791 401007 396896 391313 401607 401878 392444 394529 393295 389983 390017 394174 403690 397548 403214 402194 401596 395151 396614 404982 395350 405345 412714 391678 398851 392175 396669 389000 402880 391074 384967 393867 385213 399579 393448 397119 396618 392577 402541 404899 401111 395071 402760 397942 400949 397576 393004 395792 397619 400927 405915 392924 391132 395594 384390 397276 407159 393639 404699 400854 400975 395794 396167 392401 396779 396998 399461 395744 404629 400447 405325 392200 398360 399782 389167 391001 391016 399365 398358 400351 397190 392458 387588 391322 391788 402172 392657 395164 406831 399478 389744 386254 395412 393303 396110 396727 401648 399865 400929 394086 398718 387313 391086 398072 393869 396342 394215 398004 401581 390378 392563 393831 409096 395879 398655 395986 393826 393822 396924 399367 394543 403767 399977 403511 397131 398781 398770 406024 406837 400731 394977 399404 403953 413310 403374 395746 392522 394598 404447 401585 403617 397324 396053 398033 398622 399919 392631 396857 399432 398461 392716 404554 398403 395182 386593 390055 396664 403895 390901 391289 397943 389372 391270 394372 406135 390522 394546 397678 391956 396662 403377 388386 403625 404804 400645 395805 398965 406388 398187 400212 406810 397372 409638 404513 400322 401092 406405 400906 406767 400098 399138 393545 397827 400655 406907 400794 403921 397925 404517 403313 405628 397026 402014 398922 398135 400440 401895 409618 409584 405754 403469 407666 406157 405665 404810 405727 399974 402426 402365 411443 409479 409175 406878 407910 400269 410813 414632 400340 409891 406169 407906 412841 403916 400958 408795 415297 397130 411315 414881 404171 407693 419367 408650 410270 397750 400155 398119 404526 402695 405111 404327 401587 404127 408618 410747 405176 406877 400363 410497 407615 403115 401934 405004 398575 412822 406909 410435 408581 411261 576143 413803 399021
394555 399524 559716 400031 394024 399609 398283 401470 394817 405742 396098 398133 382927 398356 394086 392887 394486 391979 403848 398793 396702 408591 401403 394029 391318 397214 389907 390672 403975 398482 395561 388205 398588 402223 393175 391051 398013 388408 392496 397558 402487 396754 395462 402151 397435 395703 399032 403675 398856 403221 414380 390585 398810 390130 395201 387990 404678 384381 387022 394953 384678 394717 395829 396960 396826 395817 398408 400907 400337 393829 403095 395484 396158 396945 392979 391473 399425 401381 404760 392532 394096 399043 386765 399860 406474 392148 403394 402328 399967 394629 392701 392470 394868 400019 403858 396568 406313 399379 403332 396111 401620 395636 390386 390774 393709 399082 398840 391976 398502 395989 387083 390515 394009 403358 389841 396967 406377 393595 396435 387445 397380 395111 395967 399732 392108 397776 397981 390046 396047 393496 392266 393740 395895 389306 392955 399619 404251 392434 392076 394160 402116 393428 397634 395624 393474 388289 394035 397891 399166 403181 400340 405153 390635 395314 394296 401548 401100 402889 394187 399380 403451 412153 402358 392312 395142 396297 401974 402665 399336 396079 396840 401127 401639 405494 394581 393147 402279 401512 387997 399184 399389 395292 389577 393376 401279 406920 391368 395001 399246 386932 393381 394997 402504 387632 396177 399705 394476 388954 405000 387809 399127 399644 402266 399714 395135 403912 399113 397822 406029 401417 401279 398512 396549 395311 408523 402160 405687 398822 397950 394585 404459 401945 404133 400059 403535 400387 406377 400262 408332 398135 405184 397019 397422 400179 401769 409585 410647 407264 407533 407046 404680 406315 408639 403283 400622 407212 396886 410532 406842 409817 406879 408972 402458 410204 413670 398625 409380 407497 406845 416793 401035 399066 407497 408426 402442 409586 412678 402847 409804 414148 407132 406323 399208 397363 404543 398543 407009 403893 405685 398381 405963 409170 410691 409537 405369 400648 409120 407373 402614 404955 404251 399797 408428 407781 407275 404411 407743 573453 415716 401657
394405 405278 565052 396890 400057 401549 398193 397110 395921 404655 394391 392287 388267 396027 394808 396060 389092 395683 409792 396316 400424 404488 404387 395615 394526 398669 390437 392693 405025 400573 392517 390447 398815 404837 397534 394505 398474 388262 392839 397423 397843 400611 398521 399750 400191 396055 396881 404321 399843 406236 407997 391294 405632 390003 392906 391531 404984 390832 384965 393835 390899 394736 398267 399616 391133 389855 398073 403327 404244 388469 403109 396429 401300 398989 392358 399800 400037 397317 401862 390556 396163 399937 387683 399718 406485 394970 403655 401347 403300 391695 394930 389782 395801 399367 403809 393656 404809 398844 402009 395568 397130 401425 390249 391033 390798 398633 392977 397817 396300 394942 385672 388450 392759 398235 393343 394336 405898 394496 395709 391804 394170 397564 398070 395514 394022 399785 399139 389843 393961 394325 391929 394589 399785 396060 393739 397340 404770 391936 391142 393483 409915 395232 394362 395874 395079 389656 396116 395525 399918 400008 399178 402829 386853 396050 400324 404543 406210 399957 391954 400815 408756 420297 405597 391335 393702 396827 402508 397563 404621 402057 395990 398703 398119 402003 398378 393866 391879 395721 387626 402533 399063 391934 390242 394534 398331 403636 394776 391552 403267 392786 391878 399501 406786 388423 391254 398624 394169 394205 403820 392426 399780 401793 396844 399815 399078 404006 400321 399495 404212 396454 404318 401725 402056 391815 403945 401110 405256 406076 396061 393134 400709 399305 406446 397096 404851 398242 405480 401521 402071 396130 400356 395925 394171 398703 404072 410490 411163 399908 400407 404043 405350 406204 409534 402986 402207 404181 401203 412596 406713 403153 407565 404965 403778 408106 416675 398895 405881 408794 405979 417965 401638 400016 411429 412001 398206 410976 410898 402645 404029 414371 405172 404373 397804 401116 402383 400610 401147 402963 406786 400783 408205 407318 409092 405854 406300 399636 411487 407651 405300 404921 405119 396911 412282 409864 408555 410378 410800 570463 411691 402847
393557 400978 561768 397736 393374 399534 398100 397673 396713 405783 396292 394716 382395 394378 397441 391157 395845 390331 407401 399773 401015 405457 398045 395759 395161 402086 389497 396664 403795 401748 393087 392271 402131 401470 387258 396038 396714 389140 390058 401807 402259 393642 399436 402912 397276 402773 395491 404301 394500 406285 403557 392452 402601 388929 395930 386150 404776 390823 385437 392752 391143 397074 397239 399449 398637 390447 396066 406163 401049 397496 401123 396925 402090 394881 393052 395591 396123 398299 401943 388990 385571 399618 383233 399250 403267 395939 407160 401966 400846 393453 399646 393372 394424 401266 404235 397987 403397 398034 406496 388815 399154 396062 383550 389135 392605 401062 393873 401772 396323 390175 386086 389230 394225 403918 392049 395552 400919 396551 392756 388156 395157 397161 393465 396136 393799 398701 399047 394667 392463 391518 392249 396784 394502 394406 395430 398007 398089 391885 392283 393925 401866 390522 396728 395955 393550 394474 394584 397866 395231 404874 401642 399415 391438 395692 395614 403386 404794 407361 395630 393457 406926 420827 406657 394450 392183 395347 397955 397117 403143 397888 397843 402662 401667 399692 393396 397023 402377 397061 389569 404097 398662 391738 393151 392566 399242 404031 390592 388971 404040 399151 394349 395475 402006 390707 392265 398179 392580 394943 404733 386434 399925 402741 398596 397713 400803 401507 399444 399025 403566 397578 404985 398095 399150 399331 405109 398565 406804 402358 394935 389766 399627 405709 397784 398250 399804 396477 403935 403127 409740 400613 398626 398728 395065 398133 405008 410872 406495 401496 400951 405107 404815 403794 410524 407823 401247 409812 398697 412066 410110 406275 405629 406419 401468 411071 411508 398716 408889 405205 405535 414164 403704 394053 410198 414264 400222 410611 412691 406890 406326 413571 407640 409917 401244 400805 403852 402960 396018 397450 406554 400450 407016 408340 409315 405236 414978 405729 413644 406811 400995 403590 408632 401376 409729 411890 408047 407130 411125 575920 413396 403526
393494 402116 567187 398353 395774 399387 399161 398308 395125 407846 398636 392196 386725 398658 398003 395281 392911 394584 410666 397176 400372 403332 404543 394956 400156 398601 393731 394485 399542 401068 399789 393024 394275 405218 393930 391512 397365 390331 391451 394830 401404 398864 395250 404734 397121 396772 396628 400162 399016 406735 408159 391293 404561 390805 398629 386509 402764 389679 386517 398885 391027 398171 394695 396208 400692 390312 398269 399013 405225 394239 403142 400185 397886 398498 391396 394199 399600 398909 398267 392852 390198 396323 389723 401335 403599 394385 400829 401072 394926 393854 400066 392415 398729 399387 401477 394446 402176 396466 403538 394693 397988 398826 389570 389611 394503 396132 393295 398075 399195 392922 385612 394721 395115 402065 395255 395178 404523 397674 393365 387261 399929 391668 394994 394861 397507 402120 401027 389914 393987 394868 392441 396444 398107 395117 396929 395296 399090 388824 385804 393901 412148 393974 404117 398246 392090 392990 395027 396159 398205 400291 399913 405182 391855 393576 397647 404717 401811 403071 394611 398355 403724 418495 407908 396944 392815 396332 397863 405862 402752 397304 400341 398470 407515 398651 398210 397520 397998 396685 392739 404121 400748 398528 394804 392899 399497 401540 399202 388661 399587 388143 394899 391436 402529 390683 395817 398361 398761 391223 405366 387715 400888 402400 398430 399308 397554 406741 400391 402870 405112 399585 404155 403325 400262 398898 404494 396144 404997 400196 397968 393007 399683 401927 404670 400143 402051 400125 399581 404101 405807 398299 403577 393304 400953 393786 399547 410441 408198 398097 405445 403906 401942 401760 410326 407256 400229 401650 400230 411652 406646 404849 406390 406376 405965 411635 409684 401902 403484 405161 408152 412137 405156 397626 409938 410365 396710 411827 410806 406283 403078 414368 408849 407339 397358 398255 403462 400769 406950 404258 408252 400426 403974 413036 412156 405723 405291 403283 411181 408864 403442 402184 404509 401297 412298 408870 408225 409850 409264 576919 414009 399923
392159 401643 561404 398054 399741 403330 399746 400193 395156 406917 394981 394323 384253 398083 395845 395964 390040 393659 406682 395325 400878 407044 399061 394146 396992 401318 389455 395205 402733 398659 391276 393142 397855 402185 396024 392320 398343 385242 392077 394020 398897 393797 397114 404676 392448 397977 396710 402974 401401 398370 408000 388918 402814 389344 394001 387424 406203 391333 387511 393018 394875 398216 396402 395614 396383 390818 398897 397763 396524 392707 401415 395744 401565 399981 395406 397211 397647 401176 403009 390767 389620 392351 387035 400018 407162 390252 401490 400915 403126 390405 399161 393513 395225 393507 402128 392575 405894 396995 404190 393191 400412 395018 388382 392628 392119 400090 396930 397657 397006 394941 390408 391397 392700 398088 390162 395879 400883 395102 392014 385312 398439 395219 393742 391917 401092 395258 405098 389485 395740 396983 389291 397285 396643 398555 393829 395499 400168 389188 389300 391804 406368 391204 401981 400727 395664 388783 394342 398624 396318 401597 402274 401709 396688 400028 398479 400745 404295 399337 394747 393924 406033 413807 401572 397489 395942 398539 403147 400969 410318 397346 399842 401255 406169 400791 396820 395772 398124 397387 388670 402704 399248 397670 398219 394572 400891 402769 397297 391501 397559 391831 392294 398182 407287 390131 394563 397814 393748 393124 404692 390647 402266 404190 401261 397759 394406 404132 397651 399481 405855 396632 403778 398708 404670 396137 408478 401708 403744 394964 394791 394414 398809 405200 404618 401998 404994 398413 398607 403046 402292 396542 403660 397574 394883 395229 402323 406379 406185 405061 397651 404161 404030 404322 408815 406456 398428 402958 397413 413367 407557 405508 406865 406117 404906 413610 413439 400185 409829 409872 405496 412571 400717 398511 410135 411778 397205 409918 408393 404961 404495 417277 410376 410127 397592 402950 406231 400731 403437 406240 402051 399798 411872 408187 407700 405540 406381 401055 409870 406674 402695 402474 407714 396228 412986 414193 408491 408220 406713 577876 417329 398549
394589 403674 566421 398747 397700 402014 401905 394379 396290 408397 395974 399609 384659 394840 395557 394716 395959 393061 409647 394361 402305 407779 398010 394644 392236 400770 392734 395867 404692 396956 387395 389981 399378 402079 392699 393981 395722 390006 393163 398475 397535 398020 398244 401203 401161 401563 395878 401501 400243 404111 408869 389572 404053 388210 396034 390311 400801 387674 385740 394676 384332 399191 397659 391481 394763 387786 400491 407107 401905 393231 400133 395903 400988 397999 393457 392139 398731 399608 403623 388911 390980 395861 388421 395422 405328 393137 404938 400713 399212 396857 395061 387815 393041 397067 404452 396115 402044 396682 399637 390324 396610 394138 384818 392211 396510 398383 396895 399385 397133 392293 386549 389938 398975 396102 390849 400835 405262 393357 387923 386942 396062 396903 396070 396410 395685 398524 394796 392285 393513 394800 390019 393652 394499 392624 396669 396152 400053 390232 390749 395827 405471 397723 397456 397171 397483 390551 397108 398236 397830 402787 399915 402213 394145 393357 395937 403684 404876 400989 394218 398139 408384 417179 404444 391528 392849 396691 403329 400102 403606 400954 400471 402515 404332 401510 398435 397834 398285 398893 389597 399456 401030 396102 392224 395934 401481 405710 398093 394070 404696 391799 394720 395490 405808 391200 397104 395411 395177 392244 405039 388307 400734 403555 400016 396330 397271 406064 399749 401178 406964 397276 407157 400166 398717 392416 407649 401340 404759 403093 394400 393130 402539 401274 402971 396263 399214 394850 403946 401971 404548 398045 402743 393340 395026 396104 397077 407208 405219 403407 401906 401588 401944 406036 404998 406414 399686 401135 398996 409886 403198 407591 408119 409569 400685 411242 415153 395900 410435 407225 405469 411260 402165 397531 410480 413386 397287 411519 410708 406963 405766 414617 404881 412443 400126 402766 406942 401021 403996 406242 408234 398569 408159 410007 406052 406142 410677 400747 414120 408049 406264 405290 402713 395984 414376 408784 413731 405261 413889 577602 415046 401768
395827 407286 562865 397690 394051 404709 397762 395018 394069 411115 398638 397155 388063 397992 394766 396794 395240 389219 408350 396206 400295 407256 404400 398341 396096 399332 391502 390766 399685 398610 393136 391507 398246 403981 396291 393000 399606 386047 390043 395766 399737 397459 395179 403498 400807 390800 397920 401659 398871 405976 413181 393678 399446 392029 392700 383784 404645 394638 385920 390755 384476 396834 401137 395305 392646 394645 395250 399504 400263 394608 398388 394886 395071 399624 393315 395165 398784 400249 401283 389793 387342 398464 385208 397539 405816 396054 400468 401283 400714 390225 391211 392201 394369 394719 400024 392337 403294 395218 407752 389621 396694 397405 388725 390643 388936 393059 395690 396943 390900 389020 383175 384499 395403 402861 393608 397292 402522 396853 390183 384981 402332 394880 395522 396240 397348 400150 397081 395021 391809 393020 390041 396029 394927 397297 395475 397619 403459 393240 392310 389050 408897 394136 397773 397613 397509 390234 397158 391525 397754 401436 399481 404214 391180 395636 401098 404639 399396 404162 396610 395602 406926 414979 406885 395806 396331 394047 404291 400278 400537 396636 397169 398886 401679 397979 397044 397740 393894 393554 391576 405893 398717 400607 394351 390853 400559 404824 393881 390584 401013 391011 391364 396801 404214 391397 389898 397860 394958 389953 408387 383936 400664 403679 401310 396880 399386 404753 399168 396892 405185 402501 403199 404104 398233 396853 403684 394520 407040 402976 394752 390048 401540 402042 405821 398979 400658 392950 399560 403007 405646 396466 403227 398120 393085 396356 400065 408062 409359 401091 405400 404925 405191 403290 409249 410653 398638 404683 396698 414372 402170 406472 407642 406763 402394 410435 416060 402297 406579 405716 406606 413288 401846 398884 408284 413116 392835 408431 410903 402496 406169 415708 402427 404576 398110 402396 403493 402083 405124 406046 401457 405092 406369 409146 405960 406249 412085 401835 411753 403914 398655 398121 404310 401197 407853 409157 410407 408081 412809 578212 416165 399007
398303 406656 568739 400955 395300 394129 397285 396549 396199 406934 398646 399738 386305 396695 395122 394834 396415 390192 409879 396747 397090 399335 401866 396786 394730 401573 392088 393913 401417 399750 396909 392057 396257 405114 393156 393611 395192 389084 395473 396499 400179 396746 395246 406868 397125 398559 395891 405600 398929 404200 407448 392208 397142 388429 399725 390611 402151 391665 385140 394457 386817 396760 393231 397944 395486 390252 395724 400118 400775 393965 398140 395974 397838 396606 388083 393264 396630 396538 403302 390481 390057 397593 385595 394710 403103 392181 399636 398566 396550 395220 397841 391946 392798 397313 402600 392521 403626 396351 406033 391153 398025 396048 383116 391753 393219 397794 396508 398816 396950 392571 388678 386030 394284 398163 393312 394952 405173 392909 389231 387094 399915 396343 391390 393882 394875 395601 396994 395949 396380 391716 391905 394873 398929 393145 393363 398058 397790 387910 387219 393035 405577 389900 399602 392946 392779 390892 395586 394942 396653 401661 400845 404039 391168 399356 398292 401728 400908 401375 395336 395962 406669 418637 404869 393320 397788 398875 399788 401642 408079 402725 398491 398375 403347 402387 397728 396799 399290 396082 392078 403686 398866 393734 393167 395598 401603 407429 393563 394054 401391 392385 397075 394949 400271 390726 397841 401275 398744 393067 402928 394547 403480 404121 402193 396608 400861 402731 399802 403737 404748 401780 407188 397263 398986 395829 406884 395730 403758 403574 394301 389753 400156 403081 405677 396423 402866 398451 404165 403910 401694 398649 401479 396970 399137 393815 402924 410248 403293 399919 402900 398918 402944 403804 406518 404309 395652 403301 397549 408990 405322 403228 406060 404798 402510 408121 412476 399613 405873 405243 404952 412476 406398 398597 408034 414882 397054 409681 413888 406802 405373 416774 405175 407960 395999 403332 406489 398920 400501 406469 405834 400457 409064 407108 406484 408197 407364 400918 412266 409024 402940 404926 406127 401587 409916 407759 407818 408601 411540 575523 417408 403935
393860 405301 562926 399754 401011 400845 398487 398487 395114 407394 400383 395263 386333 399822 394602 392551 393136 395188 408675 397706 404657 406572 403217 395708 394475 401464 395706 392823 401127 397773 392345 391717 399318 402117 391062 393787 402260 389484 389076 395585 398353 398599 395258 403839 395794 396112 395086 403355 400743 407284 403862 389917 404229 392701 394739 385710 404785 392097 386634 395205 381202 391814 400514 398273 399954 393527 396705 400466 404695 396668 399527 395400 401330 392327 393901 395165 394757 397945 405066 385317 388007 397016 385805 395829 402945 390562 404966 397280 399047 393559 394605 394833 395124 397745 404692 389954 399438 397805 404233 393333 397729 394183 386364 390650 390803 398963 396391 397041 397915 393272 388592 385391 396604 393967 392734 394246 405038 397066 393244 391266 394240 392048 397151 397457 394843 399754 401474 391925 392219 391998 388010 395249 394615 396636 391504 396016 397842 386857 389677 391932 407497 389058 394731 396897 395725 391419 396654 398642 394782 400771 401019 403169 391570 393673 399083 403663 401038 401115 395407 396424 410236 417306 401936 392948 394631 398559 398650 400211 405252 403695 398716 398185 401448 399607 393933 397438 401688 400113 389984 405976 398762 396030 393659 393149 397175 406166 392642 393626 399553 390540 394740 398521 404580 389661 392307 399856 396756 390585 405928 388907 401640 406332 398615 398595 398382 406948 398165 402421 404256 400990 404568 402470 402311 391357 406127 399337 405660 401177 398333 394352 400079 400650 403078 401965 400946 394722 403894 400179 401920 395653 399309 397466 392044 393215 400512 409635 403445 401301 403493 400773 400630 405519 408193 406379 399928 406995 398085 405043 406744 406415 410414 405201 401535 407383 408944 398694 406810 405678 407873 409964 406385 400576 404611 411759 394949 408550 410680 407205 406458 411317 404689 406894 399729 402967 401937 399486 404262 403918 405479 400233 407887 408325 408034 405127 411978 401634 414543 407581 402016 404212 408803 404740 411286 411540 412389 406593 414724 579082 415501 402187
399147 407182 566984 399654 397158 400980 399075 397115 394952 407927 399954 402690 383212 396132 397691 390099 392579 392829 409717 399146 401425 404753 400540 401713 393330 400443 389518 393697 403534 400910 393436 391376 399342 400983 398312 393811 397336 388570 392384 394305 400515 400421 392070 406561 397171 398114 399125 402319 401822 405601 405624 392043 397321 390884 397216 382996 405602 390086 390453 395563 385440 391122 394313 399701 395836 393488 394275 401383 403901 396009 402894 394126 400185 399235 391812 390919 395837 399929 404464 390045 391184 394250 386281 401169 398611 396542 402927 399203 395893 394090 394347 390069 393810 393879 402759 390107 403783 395769 398546 393750 400451 395174 386843 394003 392278 398420 393899 397562 395845 390909 385253 390126 391657 398792 393379 395354 409434 397330 389181 386679 394930 395617 395062 393878 398660 400129 398522 392332 395431 394612 393865 396407 397835 392446 395342 396645 398177 390361 387405 392849 413405 392340 397163 395125 391119 391055 394937 394119 393244 404410 398795 404002 389399 393061 398023 404091 403414 404297 399725 398280 402878 415794 403563 393751 393040 397787 402050 400977 399630 400564 399089 405323 401124 398678 395888 403573 398478 400742 387481 405431 400356 395393 393284 391696 405897 403953 393982 395559 400198 389170 393980 394914 405584 391290 393105 398405 394772 395371 405085 389337 402755 404743 404674 398369 397885 402146 401093 398633 407125 399909 407746 399724 394776 394241 406834 395312 405433 395920 395072 392232 394529 399191 404530 395797 402164 394191 402116 400856 400937 393583 405137 394558 396996 395534 403494 407669 405794 401382 400396 401530 402830 407267 406925 405694 398754 401169 394747 405711 403567 408804 406779 405280 397128 406079 415988 395710 409998 409280 403683 412780 403121 401773 406397 410183 398684 406350 410327 403500 404668 410819 404495 408003 398937 398891 403220 399060 403132 404079 402832 400704 407649 411488 408460 405256 409958 402408 412753 406200 400786 400012 405819 400773 415503 407867 409403 408651 411956 578149 416258 402736
392750 404585 563168 398119 399385 401176 398590 398744 391121 408677 393298 400641 386705 398021 395845 395853 396549 391815 408723 394313 399592 405870 402033 397279 394351 396972 394948 392030 403192 402139 395153 392597 396742 400873 392386 393757 393663 387050 388922 395022 399453 401357 393162 398131 402538 401284 395231 404504 398795 406987 406507 390371 402043 391150 399364 387542 403409 394126 389297 395473 381468 391048 395803 396889 398411 389486 399768 401792 402575 392666 398771 391647 396646 398455 389704 390239 397720 397857 398768 391997 387173 396614 385976 395242 403252 391745 397987 398394 399196 395670 393952 394641 388850 399420 398462 394630 403946 398021 403194 389774 394872 399434 386052 392392 393452 399227 393640 396026 393919 397833 384096 392153 393126 400435 391961 391626 403757 394990 387442 385892 393574 390855 392303 394919 389755 392925 399497 389433 394721 395053 390447 393759 397380 392593 393100 395913 395850 386501 389861 393672 404949 394287 398419 394867 389439 391399 393966 398517 397720 403393 396169 402484 389506 394605 398667 401332 403026 399782 395389 396328 407357 417712 409231 395388 392889 399684 400025 401675 406396 397132 397856 404106 402839 401094 391777 399877 397660 399680 388569 404337 397425 393264 389940 393498 399043 401675 393716 390163 399093 393960 396082 397162 405513 387095 396429 397408 400477 391258 410620 388186 402194 404179 402685 396349 397696 400815 399257 401027 409496 402510 403100 403045 401179 396238 407898 398332 402713 396839 396657 391060 401001 400869 401697 397620 399969 399028 403484 403721 404585 394758 402060 394805 395532 398428 396915 411083 406705 399567 402355 404764 404457 406770 408904 407213 396615 398531 396664 409619 402932 406152 407491 407829 400396 409517 412290 405106 409610 404933 403882 410289 403393 400851 403258 414186 393513 409425 410733 401172 407393 414049 404732 405924 397701 404032 399119 404900 405348 408227 407350 400593 409728 407332 407868 403965 409154 403884 414195 406066 398445 405319 407110 400452 410116 410604 410551 408258 410641 572945 417159 402587
395706 404440 561607 396164 399846 402642 399337 397188 397580 412481 398519 395989 382426 403572 396873 393162 394095 393355 410831 394881 401123 400364 403887 394215 397623 395762 395122 396734 403649 398891 391407 392264 401075 401599 393648 386657 395641 390150 392872 397131 402951 396216 396168 402845 400742 399965 399453 402079 398114 404502 405656 390838 401239 390737 393695 381286 403275 391440 388974 396664 385365 393106 394258 397181 395924 392258 397473 399043 402651 392047 398836 402156 400018 395002 391934 388259 401324 396171 404653 391539 389487 396436 383826 401177 405333 392464 400829 399296 396429 393435 391699 390902 394939 396469 400818 391441 405974 394383 398395 390077 398434 395719 385113 389989 393610 396382 395149 397536 394617 393762 386651 389667 394564 397429 388836 393327 402919 391527 388358 383258 395755 391606 395643 394259 396012 398604 395430 391876 388312 393895 391875 396903 398708 390134 391053 397824 397779 392318 387161 389453 407325 389065 396679 394817 390200 390314 394637 397271 395098 401407 396872 406026 393155 394435 394338 397746 399576 399691 391221 394857 406306 417969 404104 395626 394432 397268 400193 400490 402710 400009 402399 395462 403179 402652 396892 396317 398460 392214 392609 404193 400948 398419 392986 393836 398759 408099 399145 397776 399042 392833 392115 395465 409053 393025 397467 400509 390982 395200 410616 390081 400371 402969 401169 397630 397985 404754 395471 404941 403581 401108 398510 400571 398049 394424 402036 400784 403754 400540 400146 392562 399878 396935 400876 398456 400010 393944 403276 401295 401150 397304 400571 398800 394987 393826 398886 404863 408085 402213 405415 406208 403622 400943 404926 403813 395159 402160 397060 404674 409450 404937 405335 406736 406375 411515 412741 396019 409311 407106 405008 413683 401037 400200 409313 407086 395847 405914 410681 406119 404038 416162 401848 403272 398981 405885 406034 405045 402756 409101 403409 400477 407091 407024 408644 407880 411318 403677 412151 409597 397725 402296 412506 402751 408819 408967 412043 410670 412912 578192 412038 408549
390740 405654 559113 396013 395494 406143 403015 399998 395317 409820 398368 403117 383444 397343 394899 393630 396875 390825 410733 399394 403295 407815 401729 396544 393608 399639 391618 395280 405940 398888 393469 391238 399171 399265 398607 398928 396525 390645 393037 395944 397865 398162 397009 404753 397791 395683 395572 404631 397095 404398 410379 391326 401289 390487 397946 382905 405461 389101 387230 396724 392181 392461 397546 405308 398168 393116 400072 401765 402724 393432 400964 392870 400792 397129 391033 393629 397991 394308 400819 388955 390270 395777 389909 396605 403166 393767 400360 396726 398151 391249 394851 394205 395172 394695 404001 389933 401217 392587 404013 394894 399196 396882 387688 390492 389538 400149 393662 394670 395409 391296 386591 387764 393410 397588 392322 393325 401110 395025 385280 384076 395972 396723 393637 396624 393918 398245 395594 391270 395292 392452 386852 391655 397107 394985 395258 396513 400379 389156 389926 390275 405050 390950 395060 394051 396737 391808 397220 393679 395644 401830 400240 402619 390970 395723 397385 403485 401326 401441 391203 397658 406762 416347 397840 392909 392608 399114 400649 401684 405023 394173 400485 399940 398452 400112 398972 399208 404907 396656 388112 403110 398365 398982 395975 395096 403091 407535 396981 394183 402528 390726 395380 396008 403636 390719 394703 400209 399180 394892 405596 388784 402117 405281 402482 397633 399015 402826 403494 397332 402966 399237 407292 402267 397783 396350 403738 403808 405402 400879 397900 393131 400278 401816 404941 401022 401008 392326 400589 403677 405971 396675 395820 396735 396544 395539 400189 407658 407445 398686 405273 402465 399113 400473 406361 404341 394306 405029 394757 411932 410216 403318 406940 407482 403907 411999 415333 403678 408003 406625 401844 413832 405413 397881 410138 413198 396617 404542 414589 406300 405094 414971 408799 406926 398791 399893 403230 398591 399524 404129 400745 400240 407779 407941 407256 402998 404482 399512 412320 408340 398665 400755 406529 401736 412484 405303 404526 408975 412010 571554 414821 405120
396596 405049 563602 401362 398367 404326 399917 396888 401531 411499 399446 398363 385870 398147 396281 396978 394508 391711 410827 399045 403883 405600 403551 394390 397331 401199 392322 397293 405308 400420 393970 391092 400470 399985 395377 395077 398895 387115 388391 397486 402766 398496 394820 401990 399581 398864 395155 405605 394730 405326 407406 392270 400419 391861 393712 388621 405519 397513 388861 397846 387498 397740 397866 395976 396351 386903 394925 404319 399752 397936 404407 395705 399686 398797 390138 392408 393922 393912 401272 388593 388300 399500 386823 396654 401018 393326 398255 394767 401106 393291 391628 391172 392926 395821 402141 391044 397229 392151 405022 391277 395777 397033 387049 392230 392441 398984 395235 396574 391600 390573 382053 388349 387131 398795 389186 393241 406074 394808 388632 385182 396339 392821 392172 394650 395419 397414 398003 388888 394100 392950 388201 393219 397159 392096 393263 394075 398032 390979 388926 392416 403991 391647 397543 393133 395072 392050 393671 390431 396803 405043 405298 399670 390124 397680 396242 400991 401862 400955 394259 392642 407130 420385 406749 395291 395548 400293 396602 396763 402844 397831 399356 399182 406461 399819 397407 396169 395795 398236 387222 405744 401736 397802 399328 394493 400437 405839 396543 391920 400631 393352 393465 393827 406877 391320 395691 400000 396375 395879 407701 392324 406692 407018 400652 400848 399349 403593 402557 400262 404275 395735 406278 402074 397885 395255 402287 399398 400188 400891 398464 392194 402394 401433 398429 395398 402148 396695 403215 401300 400958 391306 401973 400145 396944 395373 396789 410504 403546 402101 401580 404312 402675 399601 404256 404514 395792 406697 399261 409769 404088 405849 406463 402006 402715 410087 414713 401263 405972 411435 406956 415939 405199 399570 408057 413317 400779 411102 411232 400172 405409 415050 408551 405046 400873 400025 405525 404961 402238 405064 401380 400168 406805 408103 409117 407244 405313 402497 408946 405518 405472 399335 410457 396520 412279 407209 410005 410453 412839 578553 416658 402449
396129 401029 572658 397048 399429 403175 398834 399117 396934 411654 397554 397880 386818 395295 399445 397665 395177 390504 412059 397884 398020 403505 401293 396013 394776 401388 397230 393161 401822 398964 396002 392496 399246 404326 393874 393855 397922 391983 392278 393138 401317 397343 398497 407541 395908 403808 397954 403378 397972 410638 403150 394440 400860 395495 393548 388617 399907 388432 384524 392205 382646 397670 396357 396319 399030 391407 393512 402972 404871 394441 399259 396977 397024 396348 388207 392588 395944 398147 403837 390095 391661 396297 388707 397121 404717 392180 399479 395092 395905 391684 393906 392271 392056 395007 397785 393544 403881 393494 404206 392102 395145 395869 386640 391156 394094 394613 392208 397149 393892 388401 383619 390846 393283 399404 391165 394095 401387 392105 391759 387728 394791 394373 395740 394854 390195 399780 395025 390972 394641 392919 389281 393852 393060 391964 392112 397816 396463 387029 385912 389291 405490 390256 398172 395816 389002 392349 395732 395487 396391 402574 397860 402471 392123 396810 394823 400902 401108 400009 395158 398127 407083 414670 404723 394686 397358 392146 396573 405072 401169 396834 400380 399394 402013 398499 394089 395322 399329 398539 389922 402065 407012 396407 394827 395482 402835 405305 393539 395173 405192 392727 393758 395110 405084 390351 393894 400691 395121 390126 404168 389439 401638 407194 398554 397397 395752 404395 397496 400035 406704 395435 406111 403727 404109 394131 403787 394119 409210 401056 389940 391186 399842 404921 400238 392486 401565 396642 399204 402320 401960 396480 402035 394899 395341 398997 400214 406215 408382 400414 404887 406835 403154 405533 409058 407064 396755 403072 394959 406777 402859 402070 402166 403192 402595 411820 413569 400090 409126 405691 405421 413529 404086 399894 411837 411033 398474 409074 405937 403084 403418 415720 404831 404051 399499 398635 405500 402626 398800 405552 408498 396167 407853 409129 408063 399082 410151 401053 412038 404885 405398 402617 410464 399268 411914 406769 408720 406541 412743 578991 412745 402642
391464 405506 565059 396362 396599 402748 394764 395337 398275 408601 399691 399435 387405 399186 394609 398062 392595 396660 409653 397849 400255 405592 396282 396822 396090 398634 391004 392681 405298 400462 395805 393479 397104 402380 398620 398128 396140 389493 393001 393427 403840 399853 400817 403440 398995 401274 394067 404070 394071 409316 407396 392019 398450 390257 394751 385296 402528 392546 388224 394922 385240 395340 397630 394404 397497 390719 395892 402513 399695 395555 402135 398465 401594 398288 391346 391128 398808 399430 398356 390793 386488 393356 387613 397816 402812 394123 403324 397591 399225 390105 395324 389046 395857 394236 398268 390191 404180 396129 401108 392596 393797 396327 383617 389352 384600 395686 394710 391335 395816 390614 383637 393427 393292 391278 391330 398605 404246 394163 381940 383767 396947 393004 395145 394836 392600 394056 396298 393656 388818 392451 387249 398109 393970 391883 386308 394455 398469 387846 388292 392595 402801 389856 396033 392733 391112 390590 395001 396972 392108 405675 398572 402393 392989 395241 393791 395955 400250 396304 393450 399623 402641 416219 403601 393787 390005 389818 399673 400195 403207 398287 395011 397846 400730 399973 396201 396902 398729 399757 394459 398451 398624 400787 389999 395594 405840 404166 394480 391203 401536 391593 396178 397889 410987 391957 397302 395938 397999 397791 406176 387536 401296 405742 405150 399806 396628 407290 396565 405297 408221 394860 406312 403413 400875 395663 403020 394569 401546 400795 393636 392671 401129 400974 400010 401732 398203 397860 398627 402748 400543 397826 404603 395354 392954 396008 400110 406858 405769 400882 401287 400868 401470 402269 401569 402873 393551 402972 400604 406364 404533 408004 402094 408443 397945 410720 410820 400155 408554 406487 406408 409599 405228 397945 411533 408150 395919 404108 407253 402761 407046 413475 404559 403833 399940 400954 405836 400070 400628 402489 403711 399165 408229 407237 412992 405966 409512 401682 407484 407031 401591 401268 408351 396591 408949 407802 411798 403914 412812 577344 415299 403742
397620 401615 569181 398831 395890 401972 398439 399681 395835 408767 400770 398421 381033 397434 398862 400146 396499 397795 410926 397788 398292 402232 401414 394894 396177 398050 390968 394442 405466 400128 394114 391197 400885 402960 393202 395357 398124 386997 392644 395430 403042 399750 398489 407153 402205 397899 403861 409403 401693 404155 408284 390607 403260 391474 398272 390502 403073 391889 387347 394953 389508 395621 394720 396101 395664 389886 399443 401145 401213 393930 399736 392281 395172 396511 389779 396708 399194 394311 398090 390568 390265 396503 384494 399777 400834 392330 400597 397616 398767 391786 388931 392601 393766 396466 401257 390722 399255 396214 398154 394999 400117 395333 385703 391181 392714 396241 396350 390135 395021 394560 383460 385469 391598 396983 392579 398184 402074 396556 389061 383608 394175 393071 393052 394545 390906 396128 394328 390866 391884 393405 385391 394847 396405 393690 395245 396899 397145 389729 389275 390456 408314 390934 392918 392538 394369 388130 395849 395726 396378 398410 402020 402375 390930 395576 398904 399522 398461 397941 393560 392456 406443 417482 409725 391897 395106 391822 400953 396802 405345 394724 396285 401586 396274 400207 397757 394894 401565 395867 393258 408444 400085 394223 394267 392681 402808 403871 393119 392154 401300 390083 396841 396302 406022 392503 395722 400782 393155 393418 406955 389736 402137 408725 400012 399674 399819 405635 403733 405064 406760 395897 406844 402534 398753 392079 406558 400517 402907 399509 398297 390640 397889 407708 402240 397320 402781 394318 398406 400961 406539 390471 400048 396092 394337 391617 395923 406775 407485 400644 400598 402317 400480 403798 410254 400489 395029 400811 395643 409348 408930 407305 404573 404125 400171 409958 414282 400984 404857 402620 404100 406224 404733 399345 412527 411424 393130 408210 408852 402019 404445 412911 404190 407038 399243 399842 400723 399210 402720 400626 407248 402770 403479 406995 407963 402729 412047 400939 411837 407554 404363 401112 410867 398760 406851 407055 410275 406792 410484 578496 417920 406143
396784 406998 566456 395848 397325 403660 399633 397753 396486 408277 397978 397948 389470 398423 399199 392545 397008 394271 408406 396843 401348 404629 396951 394900 395177 400388 395564 396327 408507 398464 394622 390955 400069 407735 399253 391630 400685 392208 391579 393524 398237 399327 394006 406027 405105 397155 396796 404954 397777 405887 409700 397012 402766 395961 399597 391048 405335 390031 385405 391830 385174 398862 395796 394848 396007 388434 398048 401680 398750 393675 396045 393855 397001 401249 394425 392829 395754 392881 399760 391953 392535 392966 383336 392598 406808 391767 400754 397722 395639 393475 393577 392785 389175 397524 396973 391646 401067 392830 402619 392848 396667 396926 382978 388508 391250 395220 390598 394597 392626 390707 384267 386368 391307 396799 392207 398159 403998 391776 390751 383024 398528 394081 397410 394247 394856 396918 395881 391820 394766 395722 387709 392406 400773 386342 393400 398133 397055 391946 390378 393534 409469 387310 395211 395417 394748 394284 392526 394834 394160 403633 393032 398364 391926 392217 401894 400860 400619 398841 388178 392733 405239 414323 407100 397046 391872 397326 399018 400144 402867 396703 397296 400242 398597 397811 397885 389313 396908 397450 387012 399354 399775 397238 395083 392800 404189 404177 396796 394212 400368 392558 395253 394581 401046 393604 397558 399335 395803 393471 408037 387672 402715 402509 400616 399862 399151 406566 401952 399963 407950 395745 405074 400725 396163 395674 406665 402260 403519 399427 399662 392174 402133 395130 402540 394221 404072 397247 400126 402214 403744 396786 402561 396007 397404 395850 400998 407165 406218 399565 399744 400465 403791 406228 409640 405969 393487 396884 398032 410131 402165 402877 405420 410534 405203 411198 414937 395115 411099 403588 401781 410695 397811 400518 407321 414382 397661 406513 412166 400915 400985 410420 406794 404898 397739 401993 407501 399959 400473 402440 400890 401657 404263 405460 405885 405476 406754 401342 412603 405583 403094 400349 404605 394173 408200 409839 411052 406593 411316 572679 416654 398236
397719 403862 567008 399565 398927 401185 403454 396612 391624 406085 399618 400117 387084 398306 397766 396193 398533 397110 406179 398986 398561 407815 401911 401184 397707 402155 391880 399675 408307 399132 397879 387490 398895 405740 392678 395398 396900 391438 391651 398370 403192 398515 397759 399119 402358 397223 399746 399024 404696 406914 410258 391907 404791 392259 396349 389931 404101 393026 388809 399929 392510 395621 396650 395348 398053 392894 395778 398977 398965 390904 401488 399110 401407 398607 393291 392762 394510 400429 402358 389242 391837 398199 388368 395624 408133 399150 400345 398192 397029 394722 395376 392936 394956 399241 401776 391469 399902 398466 403626 390912 396207 396721 384974 391348 387126 396024 394287 394017 394890 391809 384421 386835 396220 394867 386674 395341 401854 393607 387765 380471 393969 390497 391380 394686 392533 396885 394839 391526 389021 386167 389133 393404 391958 392763 394050 391462 394126 390701 388462 391556 400540 389750 398117 397106 390229 389703 395600 390602 397959 400157 403272 401249 392023 394036 397117 399343 404415 399968 392418 396211 403520 418634 402650 390132 392986 398170 399654 400219 403889 395527 398244 401130 401610 399101 400241 397877 398682 399065 392789 401481 399709 394158 388289 393755 403275 405244 395603 391934 400431 393721 393621 396909 405775 386500 397993 401316 401939 394316 406554 393230 402410 403868 403695 396446 398765 406595 401569 403832 405483 399130 405668 400423 398803 393773 402234 399872 405663 399542 397135 390363 401968 405945 399447 399111 402983 395084 400640 406361 403905 396946 397204 397592 397174 395137 397673 411978 404002 401129 403681 402170 399255 404010 404586 404093 399387 404810 395413 403994 402356 404007 405801 405574 401042 409009 410617 397058 407553 407474 404015 411281 402687 398146 407773 411169 392901 405044 410181 401072 404693 411707 405612 404223 398820 401062 407362 400026 405438 403537 402660 399225 407438 410187 406600 405642 404968 400142 412007 405920 399424 401859 404813 401101 410438 410306 410909 403920 408206 575605 414631 401894
396992 403172 572575 399155 399430 400275 394991 396902 399032 407146 398184 398205 386308 398065 394917 395150 399896 395313 412251 396978 400134 405363 398938 401346 391824 399002 392861 397212 405456 400685 398350 396804 399653 406503 397460 394805 400916 393960 392314 400689 401000 399883 397312 406256 400262 399788 402339 404901 401234 404287 408680 394904 401001 395796 397461 387176 403652 391418 387909 395262 389932 389353 400127 398534 396554 391238 395775 402241 404296 390841 400947 396231 403676 398394 393760 392438 396911 395905 405817 390518 389293 399252 385767 394049 407754 390451 402726 399386 395264 392558 394366 391584 390259 393207 400562 392276 403956 396325 398933 391818 397975 393378 386138 387116 392370 397183 399332 393906 395413 391011 381580 389179 390035 396743 387349 397869 401016 395950 392393 384549 395724 394383 391001 389586 390436 397943 399345 388058 393900 393860 389508 394349 391457 391728 392347 394278 399013 389975 389972 389788 404338 390428 397878 397576 391298 387513 391185 394090 394262 401924 396412 404306 389528 394404 397410 404011 399622 401544 392582 394958 406231 414900 402277 390312 391594 397527 397760 398925 403138 393605 401323 394822 401179 401113 394531 399323 398547 396385 389606 406397 397420 397034 395765 390795 405186 407443 397327 392487 399587 394072 395553 398204 406569 386640 390659 399502 399401 395538 409128 388792 402591 406497 400805 399587 398527 403223 402657 402783 404432 405134 406634 402667 399755 394192 407604 399309 402269 404741 395953 392421 402191 399895 403803 398212 397286 396124 398870 400317 398296 392384 401517 395504 391945 395648 399442 404951 403409 398935 400700 401336 402835 400014 402093 401954 396508 401896 398256 408178 407174 404157 406021 406673 400067 407286 415603 398964 411234 402873 404746 412188 400686 396848 415198 407300 392332 404708 410906 403401 402289 414125 404629 409277 394867 400211 408395 401350 406242 408317 402205 399941 403138 405221 406293 407643 407569 399347 408459 408061 400365 401582 401040 400448 412535 407180 408007 406289 411482 575744 417734 403459
393274 404740 566997 401569 396790 400447 402624 399357 395264 411924 400831 401649 389171 397076 397722 393171 395708 391407 409638 400337 402378 402561 403842 398405 394709 400216 393597 397402 406845 402538 396184 392972 399112 404151 396942 394520 402480 392084 391574 398226 402324 399813 398784 405555 399261 401080 401039 405456 404338 408539 407503 395840 404523 394679 399529 390182 406818 393114 387083 397241 383061 393049 401550 396540 395868 388432 395600 404251 401377 397726 398369 395414 399178 398070 390638 397513 395348 399589 402143 393134 388666 396337 385401 401393 403800 393470 400299 395283 402798 393900 392139 392679 393150 391681 402613 394203 403401 395119 401999 389399 399129 395947 385348 390392 390383 399760 393087 395727 394878 388962 382863 389253 391077 396591 386747 398330 402652 395705 386651 384314 393654 388737 393719 392349 397834 401070 397017 392002 391375 392254 386781 390732 393191 393606 392016 395558 393816 389548 390430 395032 407346 389457 395085 394893 393903 390418 396464 393505 395993 403321 401045 398033 389121 399690 397526 402755 399770 396933 396346 396581 402382 417595 403210 392401 390394 395236 404664 401800 403074 396196 394263 397881 403384 401640 393904 394497 396419 400514 390799 405033 400777 397424 392631 392141 402164 400846 395370 392464 398980 390851 396387 391878 406261 390649 396694 398569 394630 396737 406941 391197 403252 407129 400592 403890 399653 403763 399941 403255 405792 401448 404776 402805 401102 396756 405731 398228 405997 404084 396843 394569 394915 403994 404308 398240 400896 392417 398637 402244 404916 397709 399714 398082 396777 390964 397697 411952 400830 398373 401064 403275 401280 402280 405626 405329 395884 401831 396278 407753 405940 404370 407711 406727 403041 409764 415005 396711 408552 403260 403955 410450 403800 398764 408518 411085 397054 406625 411567 396304 402523 413672 403949 407171 400166 401052 403706 401983 397754 402315 403276 399528 405222 410011 408067 407434 410433 402627 410569 408373 400787 401806 401453 396901 411949 408370 411052 409470 413131 575367 418196 402223
394160 408342 568459 401152 397321 402295 401714 398413 394573 407533 397685 402142 384156 398875 394156 396385 398619 395249 406452 398584 399532 405575 402024 396585 395947 400525 393015 397694 406002 403022 393388 390257 402585 406866 397252 387984 399835 391387 392611 397377 402008 399928 396875 408551 403418 398492 401290 405884 405952 405694 406311 395759 403605 392450 399749 386427 405547 393664 389860 397096 386083 398051 400608 401719 395262 392595 394367 405921 401533 393098 400616 400378 399289 398095 392987 398376 393060 398570 402408 392370 389781 395262 388576 395771 402091 391044 402891 400908 398768 392749 391913 391524 391952 395563 403765 391186 402796 395860 405746 386508 395626 398028 389040 390384 390579 396367 396201 391984 396705 390451 385187 385420 387274 397359 389384 395526 398971 390902 387908 389016 396851 393615 395418 389966 389758 394719 396454 388040 388845 391902 387730 392901 392639 391783 392039 389042 397895 385443 387851 390638 403329 392347 392898 393115 393854 388282 393780 395579 396166 397842 397302 402982 387331 395592 399395 406072 401093 401774 391562 399464 405209 413019 405344 394580 394067 393591 398177 397374 405305 395637 395683 396634 401671 400827 395432 395876 399286 396157 391150 403877 396857 395554 396103 392643 406006 406695 397338 396707 398991 392311 395446 398330 408738 392776 399551 394665 397016 393562 407798 388460 402430 409652 401872 398868 400386 401839 400863 401122 406485 399675 409685 404898 403831 398650 407150 401819 404466 404943 396334 392811 401594 398155 401621 396921 405735 398655 399938 402803 401926 395735 402256 393833 397035 394014 395639 406890 407077 400224 403912 406377 402518 403803 408366 406249 399080 401357 398383 409778 405412 399065 405094 403822 400628 409163 414311 397151 405128 408829 401821 407193 401649 395933 410526 411408 399194 407583 408779 405104 407619 416057 403473 406205 399669 394903 403078 399677 403896 405672 403094 400941 408080 409810 405975 406745 409920 399670 413636 407135 401698 401249 400510 397221 411687 410509 413213 408549 416956 577341 412718 401900
392921 402754 565304 398097 397414 397453 399230 398584 393076 410226 398031 399948 386851 400220 396746 396069 395570 393733 404062 402016 403598 401838 406354 397066 393686 402142 393594 397644 407025 400106 397976 393536 401789 404552 399737 393671 394355 391600 393227 395113 397636 400718 400195 405093 400799 397386 400544 402673 397085 407942 412919 389865 403625 388864 395656 387910 407879 391506 388156 397423 388718 394978 394232 398024 396286 391413 397681 405944 403215 394647 406095 400393 397800 397854 390221 394149 401347 400409 402083 393204 392350 394551 386847 398512 403336 390245 402477 396047 396166 392499 397914 392376 394948 396921 404505 391306 404813 397059 401976 392344 402142 395178 386320 391578 392050 399413 394817 395617 391796 390721 383262 390882 390436 395619 392084 389416 399351 396220 390688 386300 393955 394765 393151 392307 390621 398348 392332 387284 392672 392065 386461 391093 394095 392374 393910 397167 394490 390350 385712 393195 403795 388040 396845 400102 394118 391636 391722 393843 399328 405011 400160 396507 389931 392867 397918 403537 401455 399421 394654 397484 404526 418094 407695 398412 396791 394629 399601 403895 402929 395142 396215 399911 397876 397001 394635 399841 398474 398181 394831 403077 400131 393066 390632 393418 404524 406867 395842 390830 403073 392341 392920 397578 403312 394144 394567 401121 402437 394173 409634 387996 401487 406805 402822 397062 398538 404258 402935 406246 406520 399241 407079 401602 404988 398689 409773 400454 406267 400298 397768 392790 401859 401842 404382 398184 404015 397060 402024 404686 401477 398818 403499 396758 397187 398738 396909 408176 405944 399343 401346 405217 399138 399493 406592 407115 394462 402157 398152 407970 406203 403096 405350 401780 401334 409208 409690 400405 407719 406920 399946 411861 403387 397918 407067 414185 390397 407322 411912 402450 406917 415116 404517 402114 395244 398425 401967 399730 399543 407238 404826 400921 408663 411799 406459 405630 403639 401377 412498 405774 402326 400295 404416 396854 409054 411427 407677 412780 411896 572264 415111 401674
395413 400280 568100 401177 395758 403739 401168 400179 392568 406537 397323 396406 384552 397743 392594 397329 397614 394917 409272 402355 402003 407115 402838 399304 396064 403696 395329 397557 404178 403149 399817 387925 397263 398758 394977 397061 394365 390344 393672 402164 402962 400168 399525 402928 401271 398770 398537 403776 396471 407068 405482 394835 401091 393014 400195 388679 404415 394762 388662 397753 385535 402611 399066 403350 399548 395636 397316 406022 404210 395936 403086 400045 402958 397037 393007 390119 399980 397089 399048 389287 389157 396152 384892 399097 403544 390027 399120 398053 399291 395712 394955 392266 393443 397151 399278 390300 400494 401938 404187 394714 399511 392372 383344 391609 389902 394902 398095 393176 393076 389527 380894 386643 393084 396960 390999 398858 404986 398000 387138 384834 396802 390840 391631 393105 391248 393380 393749 391677 396506 390140 387675 394645 395038 394596 391622 393856 396781 384172 389969 388440 402658 390300 398887 396573 392389 388497 396370 397499 390168 401629 397533 400049 389180 390686 399956 401323 399517 400361 386694 398454 405238 418553 406859 387338 394770 393657 398318 397745 405728 393719 398483 399951 399614 395447 392802 395143 402193 400682 392448 401510 402115 399884 393379 397768 400279 405284 398653 393355 401158 392704 393032 391328 400783 392699 395455 402151 396170 393700 407897 386960 402566 408156 403773 398565 401014 401150 400417 402703 402358 393888 405506 402397 399037 396885 404468 401066 406509 404123 397988 393267 400602 402484 402488 395327 403032 397701 399960 406529 402647 399472 399843 392518 392008 394397 400098 407816 406456 397798 400899 399674 400849 406248 406440 403419 399772 406033 393604 407157 406514 402183 401794 404910 402457 405002 416480 400544 410375 409125 407808 409208 400372 399798 406739 406577 393289 409461 410354 402571 406951 410397 405138 405973 394695 398423 400586 401886 400645 404183 404836 396478 406416 407701 405514 407132 408758 402662 411419 406253 404556 400427 407369 402155 411962 410900 408521 406797 411080 574000 414344 398589
391841 403257 563977 399196 396954 399081 400023 399007 396779 408237 398761 391356 384320 395723 399090 394248 394760 393232 408269 392582 401654 405458 400950 399048 400362 401160 392389 395026 407615 398019 396145 396980 403330 402250 397101 395211 393767 391803 391638 399111 403236 395557 396041 402758 401552 400907 396424 405730 398253 404897 408369 391072 401152 393403 397538 388558 408235 390226 388793 394123 385851 394289 396519 398957 399167 389315 396511 402999 402052 390970 399420 395168 400436 393921 394265 393397 400008 397915 399279 393190 390596 394108 387975 397703 404482 390423 403327 398667 403076 395399 395764 393762 392338 393862 398864 390861 402884 393194 401243 388948 398145 395520 385625 388267 388803 395760 391762 395791 389328 390270 379901 390457 389949 395591 391157 390165 399584 395535 388189 381608 395146 390319 389851 392813 393939 398291 393293 389597 393638 392123 387032 392823 389921 392726 391340 394099 395848 383520 388268 390796 405991 388092 397891 392241 393106 389202 396569 396477 392725 399461 399988 397419 394463 390468 399036 403289 402016 396700 390645 394702 405087 416275 402212 391692 391359 399399 397803 400329 406880 398244 398562 399605 396903 400084 392534 394389 397637 395950 390769 405609 399356 399192 398080 390001 404838 405867 392162 389642 398441 391302 396749 391523 407162 392584 396217 403810 394278 391324 412274 387303 405074 410254 406937 401772 396142 405213 403506 401990 408184 398629 405531 400963 400184 396195 406497 401626 405792 404396 399063 392748 400160 405942 400680 395837 405238 395377 402477 402864 404079 392233 403986 397191 393149 398839 397579 412192 405649 401549 403202 403690 402575 401920 406893 405327 398508 402979 393680 410994 407193 401843 409667 403699 405651 408566 411573 400728 403327 404311 405815 411110 403754 398289 408748 406786 392131 401447 406968 400276 406487 417288 401380 403675 400652 396457 397546 399023 399409 407183 402435 398936 405274 407450 408466 409993 409172 399537 410646 405266 399051 400282 404066 397489 404851 405701 413451 405449 407101 575145 409829 402088
393908 405963 561885 397111 395972 401107 398326 394512 390512 408507 400514 400003 383537 397400 393446 397753 392737 388419 407365 397398 395334 403695 399436 396135 389849 398633 391449 394560 404886 399988 391061 392508 402915 404139 396013 396985 399472 386656 389048 397029 404652 403440 393771 408202 399351 402581 399371 402832 402349 408131 406913 391048 403837 394171 393541 387906 404599 393808 389076 394090 389876 398057 395317 402042 396476 391769 399033 403631 400530 393377 404640 397572 398831 398243 395064 394070 399151 399337 400337 392475 393240 396745 388182 397239 404670 389557 403769 397586 398309 393357 393882 390792 392879 393768 400574 392970 399810 395390 403932 393374 396882 398307 385313 388830 393552 396072 393757 391045 395726 392966 383922 385619 386935 398246 390397 393577 399728 394346 387831 384414 391453 393943 390178 396081 394779 393725 394850 389090 394739 386316 383931 391736 389997 389894 394069 398457 396114 388041 386242 388229 401669 386712 395565 391845 390441 388997 391753 391379 393186 405690 398970 397510 386818 394495 396298 395955 402150 400227 391280 399408 408313 415235 402581 392498 395987 398726 401627 401180 401945 394453 394581 397554 403803 401643 398930 396295 393650 402299 389685 402546 402782 395963 391843 390330 402549 405438 393206 398321 403675 393272 391685 396474 403998 390290 396548 397054 399609 391672 405891 390473 400072 411509 401461 398713 400863 404189 402300 402951 404479 402649 407481 402862 402987 395307 401417 402110 405569 404109 397968 389949 398447 401325 405396 394689 412463 394522 400557 401777 405902 398763 399431 397514 394814 396100 393663 408526 406613 400394 404073 401553 403782 405810 406204 403427 396694 399631 397476 404177 399545 402042 404295 403393 403675 409876 410585 398642 408947 404084 403016 408715 399078 395431 403856 405313 392058 403645 407244 404584 403673 414272 400758 400316 394675 400279 401720 395422 403223 400661 405056 398558 402933 406024 410638 403839 410859 398814 408701 406761 400236 401718 409267 397234 410489 411880 412428 404697 412290 580274 419743 401465
396124 398754 562571 399222 397228 403539 398899 401294 392435 406707 395005 399233 386490 398857 394839 394614 396368 393669 407942 395911 401383 404049 400553 396866 396557 395798 392158 393944 406020 399715 393099 396387 396507 405161 396047 395561 395425 390023 392328 400060 399167 399290 397562 406124 399918 397429 393379 403998 402067 405790 409004 396069 406151 394041 396724 385664 408452 391333 389975 399143 383745 395422 394713 401136 399835 389760 393719 398355 400229 398120 401867 396142 400947 398806 392460 393187 400130 397303 402439 390982 386356 395047 387693 397862 406724 388403 399990 396632 402882 397950 395218 388937 394142 396428 399351 394111 405756 393867 398788 387925 396690 395570 387773 389655 390314 396698 394267 391483 391650 387783 384659 389103 388477 396255 388436 393006 403472 390589 381822 382166 394512 389574 395041 392640 394182 391416 393860 389601 393247 388238 386283 394007 390884 391433 388967 391173 392298 385676 382975 389921 402112 387273 397184 390441 388006 389225 393183 393907 391133 398680 397016 404296 391443 391957 395066 397161 397696 401166 396084 394791 401631 421640 398146 390646 394815 391179 400478 396582 400368 398082 394271 400808 398693 402869 393168 396252 397663 395167 389347 401917 400142 396060 397498 392908 400280 406161 390982 390517 405142 390843 392043 392551 400318 390136 392551 397536 397747 393850 408141 387774 401798 402634 400953 394599 397114 402889 402468 402203 404331 397570 406387 406092 397080 399256 408107 400475 402899 401819 395449 390564 405931 404471 408335 395018 400456 398788 397441 407246 405645 398948 400334 394427 393511 394539 403322 403920 405982 399234 403243 400373 401987 402287 402520 403272 397638 402437 394232 408280 404576 404481 406748 405000 401522 411400 414909 395075 406953 401990 401483 407351 403354 392837 406115 412392 394397 402838 405778 402425 404320 413928 403756 402486 396399 404951 397843 395854 397606 402145 398632 397134 404139 410699 408961 402404 406628 401895 407493 408606 400552 399953 407524 389619 412018 405395 408741 404431 410891 571126 418349 401072
393144 406782 563631 400066 396141 397047 397433 397530 398666 410187 395318 399238 385113 393930 393021 396363 390743 391629 404937 398728 398280 405807 399114 399157 397090 399542 389377 395643 407370 396906 394233 394257 399946 397338 397653 393260 395651 388657 389440 397474 399568 395936 396184 403430 400572 397236 396538 404976 398829 402498 411039 392562 405326 390475 399203 388374 405671 390444 383821 395111 388425 395791 399481 399479 397323 394326 393619 400343 405634 395789 405050 398697 398910 396674 391896 392756 395650 400876 402994 389269 391047 396971 384371 398285 402462 387719 399218 398963 400308 391990 392436 390024 395512 396109 396427 391554 406234 394676 400700 390479 398554 396542 386685 385579 390497 394892 392996 397742 393744 389370 382874 386827 388620 394462 388696 394796 401239 395631 391268 383106 396176 391365 392267 394869 392899 395945 392021 391135 391852 389235 389007 391815 395376 392540 390536 394859 393751 387814 387650 391850 403743 388841 392901 392718 391200 385726 392250 393638 397331 401470 396654 396734 387909 390927 398824 401546 400059 397586 389551 394916 399760 416541 401508 389751 391792 391830 398223 398106 400647 395963 398072 398036 399782 399364 392758 394447 399683 392784 389147 398653 400182 394538 390923 391967 401216 405917 393979 392371 397177 386112 393391 393815 407543 390920 392549 397931 395257 394038 407652 389846 398925 406537 399759 405618 396006 406607 402293 400829 406819 398615 405897 402314 396791 398180 405222 397914 406119 402275 396390 393077 398358 401703 405798 398130 401049 397366 397935 404769 400703 397518 403388 399223 395471 395624 396356 404706 406738 399104 399591 404145 402675 402171 409579 404934 393772 405154 396322 407555 408988 404609 408035 404334 406840 406110 413417 392665 402858 401997 400682 406483 400666 399308 407411 411388 395366 406263 409531 396405 405607 414503 397240 399426 395440 395276 400160 394290 399349 399600 402851 393626 408989 402910 404942 403564 407549 401745 409767 408917 399848 404893 404796 395369 411456 407807 408370 407650 413634 570301 416158 400860
393136 397995 562170 397785 392718 400777 399194 396730 394896 405090 393554 398627 386193 396685 393786 392326 396067 390588 407050 398481 398582 403824 404869 397075 393978 399481 391547 390675 405762 402789 397193 390635 399693 402419 393122 392529 398756 391409 392171 392560 403814 397116 401678 398491 399007 394397 401886 402886 398817 404419 406895 398050 404270 392503 397977 393663 407248 390319 387819 398116 384547 402861 395819 399243 396845 395229 398333 398195 403077 397289 400964 398669 401904 402704 392880 393145 402075 396632 402847 391048 393377 394781 386902 399249 399891 393268 400886 394120 398804 395410 392251 394370 390796 395016 401443 393836 401024 393799 400260 390512 396697 394677 386264 389937 396004 395298 388028 395030 395840 391863 386081 385627 389173 399082 390350 392590 398113 395866 385259 384442 398055 389796 391920 392482 393716 397184 392797 389111 390906 386823 386903 393163 394026 394622 391196 390220 395478 386869 386406 387826 409197 389826 395995 392387 386201 388906 392360 391193 395663 399392 396637 398304 387155 394075 394976 399175 395650 400184 393761 395479 404783 413223 398907 391047 393720 393379 397193 398721 402034 394328 392187 402174 400115 400937 393387 397965 401921 395721 390164 403958 395320 395825 394143 393102 399984 402803 395637 392281 396507 392702 393077 395376 405173 390812 394290 400197 392444 394941 408306 391517 398636 402936 399326 398278 397469 400388 401675 402388 405302 398700 402195 400488 396020 393906 404087 401904 405918 400618 396711 391826 404631 398420 404454 401206 404839 396152 399386 404064 408169 395915 399210 390823 396774 397910 402400 412713 402832 399525 402082 402637 400186 400696 405293 402500 396487 403514 391255 402482 401888 403580 404580 404927 399483 403420 409677 397400 404114 400775 404030 410478 398733 397311 405322 409266 395505 403519 406556 401156 404342 412794 401009 401609 397138 398088 401140 400535 396959 400314 401442 397574 405253 403208 410873 403707 404813 401287 409125 403187 401213 399949 400568 402646 408203 408061 406666 409490 410534 576060 411176 400546
391901 406032 565465 396361 397180 399054 397666 399105 397338 410279 399427 398180 385419 398283 397609 394858 393179 393854 410504 399136 401453 403738 401022 397437 393727 401913 391510 395064 406229 398601 394347 395634 399419 400576 396409 396001 398956 392882 389737 394182 397924 396515 393999 403182 400259 398832 395610 403987 400729 401557 408373 394643 406042 396017 397731 385793 403480 388744 389010 396311 384731 398131 399163 402750 397586 390508 395745 403574 403076 395682 400325 395146 399969 398982 392689 394408 397370 397733 405049 393200 392680 398583 390636 398891 403536 394387 399682 398190 398441 390658 392568 390068 391936 398560 405124 391148 404390 396180 405281 389190 396915 397972 382841 389395 390153 396804 398492 394104 391813 391501 381704 391620 391591 396344 386706 395648 403484 394518 388695 382107 390903 395647 390573 396624 391868 397305 398123 390277 390627 393028 388625 393452 390885 390480 392457 394039 396276 385065 386306 390047 402853 386361 393668 391366 391600 385373 392899 391748 394799 401399 397305 396719 391403 393689 392319 396855 401360 398907 391527 400286 407996 412290 407357 387177 391694 387234 396913 396743 399122 394401 395908 397471 400553 397503 392420 392993 398462 397005 390827 395177 398148 393279 395273 393628 402283 403271 392383 392040 395607 391448 393646 391149 400585 386888 395965 396960 391462 389131 408396 387290 401162 405977 399996 403434 397163 401926 401345 397560 405486 401699 404093 404694 403729 397315 405667 397380 404329 400818 399843 395385 404709 403913 407952 395520 403793 392660 404717 406585 405574 394979 402439 398303 394064 396170 393690 411492 405198 401357 399025 403454 400243 400088 402611 404441 393139 403633 395661 406250 407982 402058 399430 403153 400643 409727 413623 396405 405866 400961 404050 415512 397460 390608 406701 407136 393586 404489 405820 399321 400992 411851 402018 400449 391880 400719 401520 396371 399088 409609 400791 397789 403442 405455 405201 403178 400174 399395 406817 402246 398532 400762 405280 396025 408630 410285 409272 407141 412611 575600 411886 399970
392152 403649 559586 397056 392860 401646 396341 395250 395939 407758 396597 397635 382179 399037 397223 393189 394279 394744 409747 396493 400775 403358 398600 391030 394392 398067 391785 389061 405046 399389 392555 394445 397435 400818 396452 391396 398099 392416 390328 398426 397332 397189 397569 405027 404063 399025 399447 405377 400483 403564 406337 393413 404132 393052 397467 385815 400900 392945 387643 394499 389625 393949 393690 395287 397817 387767 398202 403690 407690 395016 402801 396259 399971 398749 391534 393100 395982 399928 401665 388940 392277 398270 386726 394691 410371 392085 403240 402382 402135 390934 396801 393538 397132 402357 398972 396477 402241 394567 404895 391975 396568 397721 389011 385681 387678 396277 398354 391382 391159 389010 386769 388502 388596 397041 391273 396717 404111 392809 388338 383078 394973 393612 389813 394618 387396 396985 392847 392593 389567 388599 384079 388607 393216 392442 393847 393673 395743 389884 383297 389918 400026 389068 395101 394382 389927 389412 395429 387295 395153 396752 394563 396130 385625 392384 395977 403209 398373 396656 387943 391476 403297 413260 405054 390713 395124 396859 397539 400578 397616 391267 398420 396314 400553 400117 397096 391855 400676 399140 389891 402326 399287 395672 389146 392717 398894 401146 394654 392036 399661 395057 390319 394005 409156 391914 395573 398408 397573 393245 402463 389315 399701 408230 401045 397393 396849 402153 403755 402310 406937 397344 405464 401662 398259 393765 405424 395196 403037 401415 401658 392454 396073 396886 406714 396276 398860 399462 401711 401113 401952 395874 396763 395822 395377 395531 400314 410661 404090 399443 403978 400126 401779 401538 408694 404129 396737 400692 398046 407778 402975 404301 403755 401689 398312 410724 412165 396437 402233 402115 400103 407556 398070 393157 404724 405992 392209 409071 406422 400742 401481 410614 404984 402715 399062 397613 399272 399045 398743 402770 398028 404268 404886 406165 405218 402900 408252 397368 408051 401957 393485 400820 406505 394533 407948 404395 410611 401829 410296 574376 411571 402394
393535 404291 566098 395690 394418 403004 396728 392142 391691 407189 395924 396450 382072 398829 397402 394989 393020 392796 407898 398351 396634 402342 396119 391885 392199 395835 391285 392297 399566 394459 395135 389959 397911 397557 393873 394479 397992 388126 390552 393709 398225 400113 394544 401939 402212 393803 398612 408914 395643 406614 410052 391711 405213 392529 395129 387133 401249 395730 387039 392575 388003 398043 398897 401380 399545 393927 395077 402134 402156 393970 403633 396018 395683 398625 391058 392724 394412 400411 402937 391254 392717 394634 388640 396666 405680 398336 402960 394054 399218 391305 394874 392300 397149 397766 399604 393798 401895 398115 399616 395115 399586 398645 390506 389222 391398 397388 397534 394823 397034 390927 382607 389430 389113 394110 384941 396740 398359 392552 385637 385171 389962 389873 391915 391997 388966 394640 390226 388388 395312 391494 386021 392011 389832 391101 392261 395651 399129 387203 384420 386915 402493 387680 396712 392953 389119 388961 392168 393047 396449 399777 395865 398814 388908 390110 393163 402078 403502 400039 390651 395323 403518 414024 398648 392837 391620 390489 400440 398084 401000 396856 395600 395420 400006 397868 397620 394093 399299 396037 392244 402062 397406 398212 395408 394654 396465 401182 389399 391951 397171 392447 396154 391788 402499 387805 396653 398486 396754 393998 403451 388423 401005 401262 401341 396998 398056 401566 395980 404576 403825 401416 404268 398075 403345 395216 409883 398171 406685 399185 395265 393670 399746 405622 402763 394630 403965 399180 404703 402232 403583 396459 401931 398758 395058 398260 400340 407412 409682 403440 402869 402256 402365 404563 405452 403300 398897 404035 392284 406631 403208 403150 402775 401991 399312 408812 408175 397420 404390 405775 400815 407341 398664 392881 405068 412502 388245 399615 406427 401046 397632 409077 404211 403314 391465 396618 397790 392420 402881 401384 401241 394473 406183 405707 406762 403594 406841 400636 404967 402885 396060 400653 399143 398661 408863 411233 411923 406359 412885 575526 415295 400575
393723 399524 563551 396114 395273 400346 398550 393800 393365 411407 396859 397557 387255 394529 394900 396964 400994 393581 404773 401284 402319 404155 400710 395076 393661 400648 390955 392495 401849 400216 393148 391208 397947 397092 394625 393433 400077 387537 392526 395441 403676 401659 394358 404851 402334 399526 398910 404236 402491 404543 408529 390400 401304 389946 399038 391123 408636 395297 389436 399181 386671 395865 399351 396706 400207 391801 399063 404288 402777 391691 403076 399664 401846 397780 397488 397079 396585 401175 404164 394856 393860 394998 386318 398573 407758 394387 401340 400411 398434 393764 396110 390931 397912 396761 400813 391659 404374 398777 402777 394710 396313 399397 385505 390095 393620 400700 396889 395155 396178 392307 386316 389603 392820 399347 395512 395208 399593 399397 385404 385257 395513 389232 393828 393027 389992 394246 394603 388482 392908 391248 391147 394146 394389 391970 392835 395084 397491 387058 390514 388812 405712 394237 396204 390423 392277 385856 395521 395580 392774 402135 396663 399774 388242 391325 395366 398382 399460 394844 391047 393716 403893 413318 404927 389433 394034 390177 402595 396329 402551 391236 394957 398881 399200 396009 393564 397119 396903 396776 389648 403259 398919 396811 393193 394121 403180 401600 395899 389750 399402 387778 391458 395068 406368 389718 396568 395949 395193 392492 409504 389695 400039 404341 401363 399793 399277 402430 399504 400949 404538 398398 404439 402020 399964 394800 405256 399056 406717 405216 392985 391435 400705 404148 403673 397213 402338 396497 403311 403322 404280 396108 401655 398373 395853 393986 400244 408568 406663 403999 403305 403915 402790 403742 409700 402469 394786 407068 397606 407619 401208 403738 405019 404550 402642 407969 414765 397361 404544 404530 403294 409216 400082 396731 405887 411452 389355 403760 408290 400876 403213 411204 402519 402428 395391 396675 399668 397038 397348 399797 400386 395961 405361 407302 403388 402839 407528 398657 402665 405907 402351 396925 402489 397060 409215 404863 406663 408071 411121 578362 416659 403202
396016 405000 564368 399478 397066 399277 398370 397883 394591 408391 398646 398195 385678 398866 388736 390424 391129 391314 406674 398129 397068 405805 399774 395761 393122 395833 393642 393919 402840 399954 393522 390392 399644 402736 393418 390392 394099 392242 393250 399972 398660 401583 393832 403490 393417 396318 397835 403555 402259 406021 407238 389408 399992 390855 394999 388299 403022 391684 386793 390728 382114 394746 396970 393432 397903 387521 397270 406274 403771 392277 403602 396487 397617 396244 392329 392551 396429 397412 402346 392812 389301 400605 386475 399859 406611 389804 403209 402386 400791 392745 392128 392803 396700 398441 404623 388900 403791 399161 404995 392034 399383 397084 384601 390306 391848 398784 396305 401299 395164 390688 387682 387498 389915 397756 390726 396551 400199 394588 390668 387265 398234 391623 392057 395844 395119 396755 396336 391701 394000 390636 385926 396621 394492 390886 392771 395794 399092 383701 383571 385922 405055 386647 396329 394606 392118 389577 391517 390286 388781 399571 396690 399718 390374 395530 395388 398699 400264 398519 387974 396380 399741 415244 401604 389617 394384 391197 395603 399441 403428 396170 394902 396301 401066 397453 396258 394785 396051 395847 391013 402118 400115 397656 394663 395283 400233 406179 396856 391800 394072 391167 389803 391506 402274 391172 394109 402159 398804 392612 404423 389757 398695 401333 401740 396323 401210 403952 394289 399670 403595 397487 406221 402152 400636 396381 405595 399865 405894 401571 393355 395208 400951 402193 402900 396428 402041 397558 403100 405406 406773 401146 401987 397558 396048 396320 400279 411146 411311 400662 404043 405636 403368 404209 409827 403335 400273 405182 396594 408729 404892 406050 409851 406072 402846 410468 411052 396809 405518 405759 405246 409614 400558 393540 408856 410173 395845 407894 411580 403143 403784 410998 400957 409347 395545 396810 398847 398777 401157 406447 403046 396719 404865 406879 408494 403573 406763 394221 409810 400826 402244 403760 404317 398087 407389 404717 407862 406672 415182 572375 415516 401069
391180 400988 557881 399542 392685 400883 400747 395060 394328 405857 394391 400375 382063 398156 395150 395249 392815 396512 405416 397639 396815 403316 398613 393516 392691 397464 391788 393662 403980 398800 394409 392469 401580 403959 390977 391028 395733 392922 390420 395899 402809 402167 395014 403894 398964 397550 394601 403657 401187 405670 410167 394205 399305 390532 400108 390918 402163 391299 389038 397450 383210 397719 391980 393567 399292 392006 395313 400648 398721 397824 406748 399860 402587 401556 391282 391451 397053 397934 404936 391150 394440 397420 390159 401287 405152 391955 402881 399356 397224 393913 397126 391201 397270 396807 400041 396436 405019 398956 405255 392945 396025 397468 386691 394169 389450 398344 397199 393282 390579 390666 386263 390030 395618 400460 393216 393428 402829 395484 389127 384882 392650 393689 395615 394189 391605 398399 395897 387728 392168 391964 388493 392636 392338 393177 390260 395572 397770 388344 387344 392261 402730 388923 396795 394621 390327 387608 390630 393960 397319 400658 398296 399995 388998 391113 391344 400869 396877 396490 390450 397891 401911 410446 406009 386663 393497 396736 400931 396676 406099 392162 399081 397949 400686 401709 394185 390449 394362 398056 390477 404383 399085 397866 390609 397134 398440 404304 394381 392057 397182 390651 397228 388713 405813 391039 396095 397011 396407 391336 404819 392327 402837 402628 397988 394932 394897 403630 398679 397764 404756 399524 405378 403203 400607 398110 405658 396766 400893 398277 401442 391876 403569 403958 408066 395639 401772 394191 407194 408735 401903 397737 400524 399679 394695 398045 398361 408476 407344 403956 405263 403337 404059 406150 409047 404379 396807 401123 399261 408741 409565 409651 405529 410925 399807 404788 414033 394394 404970 401764 407889 407553 399699 397589 408302 405920 394551 404034 409548 402106 402621 411630 398986 405170 394503 395997 402553 400998 402353 404208 400821 398502 404391 404591 407628 404394 404692 398938 411574 404323 398583 401268 401347 397089 409020 412181 407399 407687 408982 571656 413287 403106
391657 402468 563170 398227 398116 400880 399521 396874 391732 407127 396802 397180 384782 400758 390211 393927 391599 393276 412250 396033 401464 398638 400656 397919 393081 397260 391245 395882 402615 401183 396228 389561 396943 398556 393532 389864 398195 389379 391202 398282 402157 398940 396150 400868 398381 402016 400236 405979 399636 403798 408897 393175 402782 391900 399823 390915 405283 389102 389578 398553 387843 396347 398303 403126 399983 391547 398942 404606 402480 394588 399836 395001 397954 400942 390477 393436 400381 398842 401122 394111 390241 393397 388398 400615 405298 394293 400843 402906 396184 396141 396114 391956 394202 395377 400732 395807 405131 395269 405381 396612 398725 391341 387151 392670 397088 395655 397316 399158 392630 394931 386259 392546 397804 403078 392433 399057 402222 394202 386708 385301 400035 393334 395092 393677 391680 394254 399248 390715 394468 388673 390747 392851 393021 393522 391786 397460 396928 387610 388985 392296 401809 392526 396668 391714 391311 388488 392956 395460 394688 398237 394880 403858 388758 391099 396132 402081 401191 397531 390870 394966 403534 416612 402091 391087 391378 396584 398639 395965 401751 395734 395049 395607 395787 397520 395638 394205 397786 397581 389630 398571 393225 397521 390198 394674 399919 397460 388581 390231 400631 389598 393835 395184 406628 390677 391201 396645 394530 392095 408090 386945 400509 406091 407329 397767 396502 406803 399123 401066 405455 398273 408328 404347 398699 397143 406843 401938 405952 399536 395211 390257 398724 399678 404901 399103 401972 396156 398255 405323 400328 395613 404127 393311 394052 397312 398919 408394 409022 405336 404116 400270 405366 401078 412525 406165 401473 409509 401062 411676 411076 405236 409117 407254 399456 412764 412143 392082 407160 403939 403061 409503 399743 393331 406861 408443 394385 405100 412211 408236 400148 409044 402483 402514 392737 397745 401351 401233 400226 405730 403133 394353 405474 410749 407030 404364 404992 402051 409205 407823 400863 398566 404717 400394 410482 408423 403957 408481 412031 576883 413915 404737
391776 402973 561330 401714 399041 401323 399147 391931 389533 411827 400938 398940 383830 393962 391455 393161 391002 391700 408546 396737 398951 401613 400971 395639 392811 398072 390711 393718 404604 400813 393591 387485 402120 400707 393355 394110 397334 385804 394285 398801 398026 398837 399165 405665 399964 399618 399179 404588 401744 404845 406434 393695 404648 391286 399020 390922 401955 395602 391346 394730 384366 396956 406353 401930 397165 392400 398171 399830 405087 390561 403832 394595 399631 401082 392193 396474 397730 399567 403607 392833 392407 395110 388267 397521 407241 396728 402097 394810 402902 395062 395525 388289 395525 396036 401852 397203 402942 396763 410220 396824 397635 395312 385754 392062 394673 400555 395672 394131 398231 394355 386878 389898 392795 399710 393499 393321 405901 399196 391126 386117 397736 394113 396664 397871 394403 398872 392743 392580 391470 393434 389434 391362 396006 390323 394514 395457 399526 389757 389446 388779 404389 388220 395133 392614 395038 386551 396705 396458 398862 401257 398292 398381 387272 398937 395834 400328 399367 399027 392328 394407 402304 412912 406010 389459 390226 393000 399486 398241 404853 394259 398770 397501 402868 398396 398575 394113 397200 397144 389211 398892 400194 397111 393093 394077 403124 399808 394676 390932 399583 391408 392386 394739 400167 393218 395952 397603 395751 390908 403337 389372 400470 403458 400555 396466 398701 401864 401198 400734 409981 400714 403751 403306 397416 395019 405232 400042 405530 401461 399521 393671 405623 406478 403426 394844 405002 395342 402691 409128 406480 397420 402304 395659 398637 398330 403385 410257 409548 404055 402984 406353 402494 403873 408706 407580 399026 403675 395706 408015 410036 404256 411249 407504 403078 409428 417216 400748 407927 406845 403007 410279 401565 394315 405170 409160 395678 406859 412916 400093 403879 414903 401634 403240 398524 399477 400518 398058 396464 401348 403377 397860 404509 404453 406167 400259 405548 400904 406468 407415 398863 400208 404215 397472 407842 403817 410000 404296 410151 576703 414565 402172
394189 404647 561095 397338 396723 401656 398240 393481 394766 409583 397929 397932 386142 397684 394797 395424 392896 392714 408666 393198 398609 405256 401863 398315 394968 397189 393412 393565 401678 404570 395139 395883 403000 405282 396349 395890 394622 387380 393066 397538 404566 402273 395126 405327 398987 397650 401248 405344 397233 404131 405853 391561 404203 390029 400053 390820 405360 391174 388089 395744 391384 397067 394137 399937 397005 393474 397333 404212 408088 396671 404372 401438 399115 399711 393725 397488 398775 399771 406441 392028 391498 400873 386476 398050 407809 395928 403364 397150 401978 393992 392394 394624 398977 399206 400633 395651 403481 397064 403275 393335 402240 401283 389416 393649 392803 402400 398040 395056 398319 394071 386717 392158 395896 401855 392345 396184 407282 395522 386151 387932 396830 391485 394076 398803 389507 399418 393782 394019 393630 393226 392589 394365 397027 390150 393886 399640 390859 390255 385517 388925 405566 386233 396563 399915 396125 390992 395310 395443 395559 394963 393128 399078 388966 393987 392270 398996 400582 398731 388994 396806 404222 412704 401204 389624 390466 395609 398446 398819 400851 392693 397234 397942 400143 395379 390299 394168 398902 396086 387222 401965 404974 394098 392232 390195 399978 404595 391828 391602 400182 391721 395916 392036 402437 387316 393801 400536 397236 395588 407362 384801 401556 402115 403696 397600 396479 403212 399405 402278 407910 401153 404791 400969 398561 395569 405228 398796 406119 402188 399102 396180 400973 402630 405140 397880 400171 400531 401404 399661 401893 396392 398857 395855 396773 393833 402216 408888 409163 402456 405837 403424 408290 405505 410326 408737 399104 409979 400863 412347 408111 404428 403606 406397 402377 404991 411019 390967 403037 405490 400241 407563 401495 397535 405460 411282 397935 406482 408254 401816 401928 415142 403593 403854 395413 400783 401618 398039 397634 402193 395658 395552 404893 407069 408446 402774 404024 397780 413074 405966 401334 392467 403922 396546 406870 406983 406888 403639 412872 577810 414721 397227
394656 398777 569961 398371 396425 399561 397364 393194 393415 410243 394601 395692 383100 394288 392555 392656 387814 392705 407064 397216 401697 407178 402011 394979 395047 399247 392446 393778 401567 396261 397232 388123 399789 399495 391719 391603 399037 388226 394034 395726 400538 395180 395345 405173 397170 399440 405632 407050 398511 404232 410930 393768 400867 387669 400943 388039 406600 386415 389389 398035 386633 393894 393902 398426 396985 394372 402075 401783 401207 396040 400552 394796 398246 392594 392775 392611 399975 397622 404461 392708 387954 399907 388518 399480 404821 392389 402759 399713 400972 396964 395060 394025 393358 395036 402208 394536 410286 395712 404324 393108 399396 396237 387722 389621 393200 399380 395218 394724 392445 396179 386383 389387 388844 398541 391663 395755 402996 398924 392212 382081 396590 395845 397333 395486 396345 397353 396420 391517 393854 392123 388703 393863 396316 394188 393262 397512 395006 385970 388067 395157 404064 387860 397299 395504 395329 387311 393794 393499 396884 399883 398345 402341 387036 390966 394273 398408 395482 397521 391833 393623 405176 416364 401696 393109 393096 391740 399506 394726 405325 396606 395595 402072 400854 399243 394437 391023 393909 397111 387911 399710 396537 395327 393303 393020 400032 399939 391310 393424 397621 386064 389148 395504 404548 391830 389488 397787 393433 391728 402450 388906 401217 405762 399324 400045 398345 398622 399763 405512 403918 397808 404348 402418 400241 397047 408678 398460 403345 403386 396754 394540 401445 401816 407205 396190 404521 397685 402785 400582 410070 398096 399570 400168 392968 395579 396545 411312 413739 404016 403012 402235 403525 402417 409211 404490 398160 406884 397331 410715 408426 406904 406380 410452 401917 411427 412938 397462 407201 407378 403091 413532 398837 398463 405356 408634 396967 404127 407479 405111 404162 414392 402713 406204 395634 398015 399188 400467 402363 404022 402649 395460 405585 403984 408369 401033 403928 397657 408935 405093 397082 399399 406523 397961 410555 408145 410185 405438 413222 574495 416141 401031
393649 405120 563087 393722 398148 402341 398237 395226 393399 409105 397077 394807 387133 395248 393064 390688 393764 389455 406647 392537 396534 404912 400165 395802 394271 397147 391262 395012 406174 400321 394394 391350 399149 401993 394611 391786 397886 390772 390460 393201 400087 397646 398289 400907 399276 400187 397030 403516 401059 404338 410169 394492 403042 388836 395982 389564 404718 385306 388580 393564 388619 397247 398349 397947 396364 391995 401848 401403 403593 390821 406515 395690 402537 397499 388233 394894 393189 400693 400440 390188 392189 398841 387174 396608 405597 393797 401233 402064 399418 392830 390568 392050 398133 397251 401360 397671 404792 399727 404740 393261 402195 395239 385164 395260 392266 395343 395191 395220 397974 388379 389228 392507 391016 400680 392978 398485 404254 393383 391544 386027 400810 394544 392516 392471 392176 398287 396477 392392 394678 393548 389665 392111 396592 394203 392815 398112 396521 388619 385737 387825 401346 388167 396352 396063 390492 388202 391917 390237 394698 399392 396882 401176 384293 391594 391074 398852 399482 398932 391889 396752 403951 417234 404306 388494 389789 392557 395021 397342 398122 396285 393539 394135 400653 397590 393332 392273 397242 393455 386967 400314 398805 393073 396519 387515 400665 404333 395209 393280 402588 391748 390513 392624 403294 392405 391667 400164 394802 391485 407432 386865 401384 404324 404697 396409 401002 405591 398624 399987 404284 405024 408388 401326 398967 392672 407446 398668 405730 398807 401156 396791 398399 405488 405845 398423 402905 396700 402040 400372 404376 398742 402383 396425 395814 397182 401288 407669 408519 402418 405698 404810 404820 404495 407829 407430 400562 402995 400305 411923 404959 405969 404217 406964 400755 409715 412710 399250 405495 403601 406112 409588 403272 400669 404508 408461 393497 401826 410398 405670 401047 412786 404915 401004 394588 397098 395102 398643 400551 401112 398863 395291 400777 403527 407114 401437 407441 402793 406825 405901 397349 400882 401408 399491 404998 405105 416259 403605 408618 572585 416713 401845
393637 398223 562876 398002 398278 402876 394128 392338 393961 408102 391680 392033 381277 396532 391107 388183 388668 387192 407192 393124 391985 398442 401000 394135 394566 397351 389205 391489 401293 399348 387443 388452 400078 402692 390009 390933 394733 389192 386835 392621 396060 397601 393953 399620 397594 400234 395943 399358 394014 403375 404823 393529 400200 387468 395567 383226 403424 387960 384907 392826 382888 395271 393048 392471 393639 385105 390983 403854 401709 391348 397731 389730 398845 396044 393641 390012 394676 392902 402371 389525 382891 396382 383552 393733 404180 395992 399104 398775 399814 388803 389802 391177 399058 390698 398871 391082 403008 393891 400713 388587 396437 393335 383048 387985 391730 394699 393893 393747 387651 389521 380420 383613 390830 398108 390205 392604 394864 394131 387770 383438 398448 390907 394075 394770 395181 401046 392627 389766 392201 388485 388291 390647 392671 392323 392140 396836 394835 385957 384641 384431 401028 387036 389040 393332 392642 389077 389524 397060 385785 400818 394384 397397 388088 390968 393728 396825 398146 397792 388906 391418 397304 415805 396552 388032 392396 391587 394707 396735 395820 396076 394515 396806 398961 398682 393477 390702 396686 393561 387048 397976 394591 388542 389084 390651 399817 398800 391537 387430 393575 388556 391309 390774 404416 386632 393364 391563 391369 390426 402674 390012 399367 405395 399601 393348 392592 397851 395759 396683 399111 396158 398856 400800 396062 395704 399172 398548 399076 400939 397302 387687 397769 397243 402977 395814 398720 395183 398321 400627 397603 398690 397710 396665 395307 391221 392193 406988 406821 399591 395094 402990 399537 398621 409929 404157 395713 399115 399218 405427 403198 401677 403565 404076 399261 404802 412873 398211 405389 405939 400722 409769 397647 390778 405063 410412 393714 405632 407363 395167 403011 410473 399775 402688 389550 391757 395932 393588 394034 397933 395733 393783 406293 406066 403226 403483 403414 397957 406435 395526 395019 396654 402933 399254 407224 404872 410906 408258 402108 573499 416494 402651
392500 406436 561112 393722 397007 400996 399084 393029 396392 405992 393566 396158 384329 396602 393773 392998 393704 392812 410366 394701 399972 402316 400495 395491 393027 395425 393991 393509 404437 400181 393486 389504 400599 401431 396813 392941 398670 392352 392891 395997 394240 397426 398575 405800 398757 398718 401031 405302 404859 404339 410216 392194 401732 395031 399488 388323 404947 391352 386823 394114 384563 398268 398036 400898 397609 393642 400777 403509 404633 394543 402607 399012 396922 401139 396078 394061 400804 402231 401370 393889 390620 396059 389380 397279 403351 397398 402955 399582 399696 397266 396180 395880 397609 401190 402505 392544 408807 395006 403884 395872 399613 396637 391685 392253 398346 399801 398167 400218 396595 395485 384369 389399 393640 400541 395284 394482 406647 399916 393340 386600 398638 392605 398240 397048 396766 398575 397572 391633 395645 389613 390246 395152 390987 392759 398578 397551 397651 387893 392690 395575 406838 389516 398801 398761 390819 386039 393974 399910 393221 402298 398206 400285 390656 394372 396128 400327 402644 402701 390167 398002 402566 416241 405595 389041 394886 395882 396685 394715 404109 394532 398615 392626 395353 398205 390685 391915 398009 398199 391265 407883 396313 397552 392858 390003 401592 403095 392233 388101 397741 394871 393263 393827 403331 388323 391134 398236 394609 390631 405702 386875 401105 404998 402209 403464 395218 401467 403346 404168 406539 399364 407767 396058 398356 398705 405918 398167 406605 404437 400036 389099 403203 403740 408218 400124 403164 395805 406230 402418 404134 397010 404578 397758 397926 396436 399526 412571 411276 402680 404448 405777 404073 408420 409603 410643 397309 405071 401198 412314 408403 408578 408748 402782 404020 409446 417360 400439 408621 410375 407357 410372 400612 402556 405154 411040 394730 402051 411103 406433 402531 413949 404626 402524 391977 397724 401128 398716 400372 400911 400171 399707 405582 409906 406457 403048 405967 398814 408957 407966 399118 398665 402504 398860 411742 405740 409532 407937 411130 576787 414685 403846
395115 404275 563275 396571 398301 402631 402901 395148 398189 408798 398032 397861 384459 400508 395089 391406 394957 392709 409793 395554 401156 405419 401857 396936 397319 394727 392143 391599 403388 398777 398999 393280 397242 399007 395853 394958 400001 393326 392405 395738 396745 398819 397430 407080 399296 399367 393879 404608 397700 404460 410048 393054 407549 390168 399234 392895 408721 393417 389411 399951 388662 399971 397738 399521 399010 390387 404059 404602 403371 392556 405829 399408 402043 396445 394284 396335 399668 398236 404270 386933 390267 394949 390194 401405 404142 393109 404156 399691 400463 395871 397990 394560 396259 395124 402755 393614 408349 394534 403720 394030 397667 400606 391485 392086 396530 397255 395587 399195 390645 396982 386929 393044 393521 400552 391964 395525 403041 398960 388886 392818 394942 393947 394995 396704 395220 397469 397071 392192 396020 393771 390843 391854 396832 394833 393412 397503 401506 387026 390598 391464 406015 390517 394402 394099 391255 390876 394247 393948 395540 398548 401020 399243 389272 394580 396341 403182 400163 401149 395941 397285 406418 417915 406037 394384 388895 391523 394644 397825 402130 395013 398935 399890 397495 403533 392602 397049 395383 396404 391208 401339 398985 398811 394216 400150 400137 402213 391031 390974 401056 390777 391347 394131 408367 394300 392035 397423 397449 392959 405439 386467 400480 404266 398192 396395 399806 402812 398831 399225 403220 397600 408673 401573 400657 395314 404686 399485 407930 399408 396592 395774 401378 401383 405681 396826 405589 394921 399138 401735 403374 398535 403457 395865 399927 394818 402975 413512 412631 402812 408131 407447 401929 409024 410586 405628 400334 411395 399056 412515 411481 402175 406679 409387 405190 413038 413749 400055 410119 407440 402936 416254 404512 401178 411199 414053 399026 409476 405564 402156 405089 408611 403477 405006 398135 400851 402402 395588 402105 400456 400275 395982 407318 409576 407120 404772 405281 400886 413241 410465 398768 406125 407712 396630 407265 404899 412202 406839 411044 571080 413634 399208
391705 406647 563943 397203 395574 404818 396111 393521 394367 411278 396387 395379 382004 392624 392345 390319 395084 392746 412566 395973 404479 405393 403092 398727 396258 400835 394914 396921 405143 398638 393343 394070 397922 397950 393930 388673 397398 388554 389067 389376 402444 400701 401761 406544 399522 397704 400824 404132 399204 406440 408665 393842 404943 390159 401417 388683 403184 394055 388792 398567 389102 397661 393432 399532 398654 391845 398684 408149 403265 395176 403520 399911 400713 397908 396740 394225 392776 398737 404720 393078 389122 397373 386926 403805 405570 391747 402564 399349 399662 397189 396156 395727 398482 397698 405574 393596 403466 395582 402583 388527 395530 398761 391503 389234 397315 398366 396179 395664 397695 395533 387359 394301 393255 396822 394616 394926 403188 392580 393470 388331 395529 396357 397544 399706 398509 400684 396062 392652 397596 395558 388034 394787 396353 394976 393752 401888 399509 381606 390104 395664 406710 393629 402654 394947 392996 390661 392557 398372 398627 404031 397816 404260 391387 392242 395108 401140 402691 401274 392867 400195 404694 414048 407112 391503 394293 397337 398900 396368 402072 400933 390963 402420 403398 399961 395529 393657 395453 394083 394074 402301 398914 392383 390490 393751 399376 401431 391808 390068 402390 390397 392391 392631 406957 388272 392385 401705 392715 393730 403813 390511 396349 405076 401092 402493 400365 403773 402173 403647 406025 396273 406851 402462 397611 398661 409930 402725 405574 400714 399093 394038 402643 404914 399683 399972 401168 398243 402243 399706 408535 398941 402351 394891 396375 398817 401140 410746 407312 404581 407418 400230 409018 403671 409580 410434 396693 408408 398651 407182 409617 403028 401848 410353 408424 413597 415555 402449 407073 409193 406225 407568 405190 395409 408776 409516 399990 409665 412756 401418 406559 412195 407698 405325 400140 398181 402538 401732 396066 400592 406936 399531 404785 406186 406898 402423 406951 399130 412780 409570 401146 400671 404471 397082 407270 410969 408582 405333 413648 575762 414206 400700
392624 400169 566397 397715 395959 398314 393589 391095 396244 410431 394112 395016 385300 395432 393803 392550 391588 392411 407399 398156 399436 401455 400447 394041 396147 399990 393265 393413 401486 400891 395740 390801 399102 401894 395994 392707 400875 388612 392307 399760 400069 401884 396310 405686 396176 400802 396050 405428 401232 407855 408607 393581 402484 396022 394845 390967 406715 391909 390257 398818 389978 395155 400733 402275 400911 392515 399669 407405 407333 398357 400540 396471 404745 394996 394265 393332 396021 398706 407629 396729 391014 396384 385850 400944 407153 393619 401009 397203 399848 397308 392456 394032 395914 399243 406312 389118 404314 396286 409866 399825 397897 391646 393084 393786 395468 400529 399723 397256 397926 390936 387158 388336 394697 399756 393301 401960 409486 397303 388571 392343 398737 396857 393669 398526 397100 402128 401606 391833 395027 391068 393443 396395 399959 390535 399220 398359 401314 393798 389184 393275 405833 390487 394183 399334 397018 389751 395701 395497 399471 403219 399676 403853 391104 394904 397974 398758 402030 399069 392259 396306 401183 415126 405760 392603 391740 397010 398040 400765 402509 396312 396107 396846 403082 399535 395612 395484 399069 395994 390554 404449 399801 397258 391754 396032 402117 401609 395207 389276 398873 391180 391494 394912 403433 388993 393631 398161 395452 389088 407224 383904 405822 405307 403832 399654 395544 398160 398185 399280 408701 401849 403511 400750 402074 393320 408911 400395 404909 403784 395833 392211 402465 402004 409076 397880 405695 395813 404272 402491 404647 395653 402611 395491 399118 393310 395391 411942 407035 401522 406922 405214 401640 405173 408092 409468 400757 407032 397521 411953 409862 405430 405812 407176 404958 414601 417911 397844 411795 409701 400599 419149 401331 398584 411553 411216 396795 409248 407203 402962 405437 411646 408632 406190 393589 396056 400390 400177 398234 405708 401997 401506 407432 404765 407628 402974 405938 400871 412600 407066 394988 405325 402513 398890 409546 410200 409070 403588 412077 577312 414190 400862
391071 403095 569889 397661 395123 402326 399761 394553 396748 410380 397019 397517 382809 400029 395928 391130 395759 391279 407899 396182 400303 403918 399550 397997 391994 400647 392879 392960 407249 399637 391167 389375 398964 402193 394719 394343 395915 390364 390829 397286 402346 396260 394951 400814 401266 400840 400573 403586 399438 408282 413208 393045 404513 392514 400718 389954 406992 396351 389015 394611 383203 398586 398327 399355 401728 391384 401300 406371 404331 393232 402780 399686 404970 398583 390611 396986 400759 400570 404116 395882 392448 401305 388122 398644 407128 396585 409006 402439 398206 398412 399583 394648 394293 398034 405092 398846 401806 393465 404808 396444 399781 397843 387549 393189 396960 401864 396378 397851 398056 396273 386398 392867 394315 399674 395245 398469 406889 395999 394686 385288 402228 393859 398078 399802 403089 397121 399393 394305 398505 395893 390295 401411 398000 396667 396256 397394 399920 393031 391838 395483 410064 393438 402513 400586 396846 393756 396786 397138 397689 402110 398506 402419 392094 394158 397494 401434 405868 402907 389074 396769 407401 414977 406519 390347 393593 394665 396773 402682 400450 401220 400385 399922 396044 398887 394557 393006 399462 397875 389487 400228 395400 396273 395822 392810 398181 405505 395879 390392 398818 390632 394506 392664 402013 391610 398151 404116 398069 393936 405256 384067 396926 401897 405166 396552 396879 402791 399383 398340 407548 399750 407747 404516 402714 399197 405712 398839 405714 402099 398607 394250 403526 406146 403305 399208 407252 396150 404281 404308 403872 396356 407015 392563 397963 399959 405416 411365 404045 402758 404231 405871 407475 403982 408660 407496 398662 406115 395769 405803 408421 406082 409330 406463 406576 409996 415332 400339 409042 407664 406059 418299 400693 399267 412915 408987 396460 412228 408039 404793 404501 414424 406438 405204 397324 400591 399233 400068 403200 405868 402392 398229 402945 412033 409017 406428 411966 402152 408362 405129 402484 406492 406163 396441 408992 409153 411307 408377 413164 572016 415991 402143
396191 401522 565483 398582 396581 402175 399625 392919 392199 410669 396544 398121 389263 399133 394877 390648 392140 390409 404850 397429 401297 399864 403271 393423 396395 398749 393324 396017 406123 399504 391914 394870 399893 402935 394491 391704 398718 389837 392423 399304 400465 395597 402583 406353 402191 397791 402331 405474 400735 405230 412996 393406 406620 396000 400927 387221 406654 391847 387753 396328 385318 396651 398984 396988 400862 391668 399286 400954 405422 399049 405113 393003 404929 397369 395102 393648 395414 401724 400726 392905 396488 399946 389945 401251 408729 394730 400226 402479 405173 393786 401340 393185 396190 396936 403422 397543 402152 395602 406566 396080 399334 401306 390343 393080 394231 402823 397779 399493 402804 394082 391747 387171 396630 396413 391976 396390 405690 399463 390697 387352 401877 397131 399884 397746 395205 398822 405567 398229 397300 393445 389953 396285 398617 397572 398000 394188 403757 391028 391280 396502 403395 396534 399738 395373 393933 392253 396235 397976 398278 399825 400299 403919 388306 397803 399947 404266 403759 401088 393119 398933 409191 419202 403573 390978 393897 393158 399360 402244 405564 396604 398679 397981 397358 401594 393385 397365 400234 396727 388078 408218 397260 392132 394073 393528 399218 401118 396536 390196 400141 392038 398925 395437 408382 392389 391324 399538 399100 392871 408331 388919 402594 404815 402486 400329 394637 404832 402770 401744 407172 398338 403279 402866 402492 397822 406691 401220 406662 402974 397624 390919 396823 399249 406566 396018 402291 395977 402565 401636 403400 394831 407119 400386 395009 395737 399200 410432 407564 401730 403796 408726 405127 402025 409380 407210 401345 406624 399929 413618 407188 403018 405615 410210 404336 416114 412169 402466 412012 408024 405090 415387 401515 399435 411613 411055 399476 410174 415384 405249 406331 413328 405768 404469 397843 403031 404934 400830 402111 402633 403860 400228 403832 407364 404893 405386 408033 400638 406535 405065 402332 400313 410452 402028 411475 407922 409514 403403 407698 572428 412859 403740
393202 404546 561693 399073 398391 400803 396336 395102 397153 408807 393829 395720 383624 396873 395240 398180 395348 389824 406765 399327 402525 403476 399845 395125 396225 401785 391563 391094 400011 394616 394687 387322 397130 398122 389157 392847 396672 394403 388782 396234 393125 395639 398640 406999 401342 398370 400930 404071 400568 404395 408780 390379 405148 389646 396875 387667 403097 390254 388593 393741 387621 397897 395677 400109 400872 395073 400608 404648 403847 394154 403862 397425 399197 397325 394216 399607 396128 401747 406089 392238 388888 397127 388076 396048 404694 396461 399620 397353 402113 390471 398337 394310 394515 396690 398236 393733 404046 396431 401224 393779 399174 397006 390375 394005 395555 400864 395317 400557 398425 396937 387581 391324 396214 404205 391768 393851 403746 395460 390262 388625 402517 392310 395136 397094 392555 399851 398344 392969 393772 395310 393400 398347 396774 393360 397546 399108 401961 390797 394421 397355 409505 389532 400957 396161 391966 394442 395252 398253 397888 403235 400183 402964 391424 393523 399215 402142 401281 404078 392177 400332 406295 419180 405965 392580 395220 393935 403066 402619 402985 396333 394687 396766 401794 397104 398643 397697 398734 396789 392613 397964 400055 393249 395781 394140 401877 403392 393755 391117 398824 390205 392639 391788 404712 391730 393026 397083 396442 394474 407329 388264 401260 406028 403854 397749 398273 406279 396573 405643 406226 399654 403850 401273 403539 396207 406871 397874 404977 403843 397936 394085 403871 404051 406098 399244 403220 398316 406475 404533 404672 402645 403378 398401 400950 398188 400334 407670 411215 402130 408948 406621 403938 404180 409012 406747 399542 408917 398762 408622 409121 404935 405817 405780 403973 409550 419129 401400 412774 410217 407855 414496 403924 400984 412335 412155 398909 410431 410461 405053 405517 418199 406285 407261 402028 396949 403054 402483 402349 402983 403811 401390 406110 409697 408090 400907 406507 401525 409762 401979 400576 399213 405327 398559 409890 406010 408273 409836 413166 577082 414621 406860
393596 403130 557673 397627 398014 402805 398588 396712 396515 405784 399595 397512 385573 400235 396707 394357 392507 391802 409212 399766 402152 405871 401881 395261 394721 398991 393967 391749 407493 402669 395721 390516 399516 399030 394400 391225 400902 394495 393286 397657 401663 395075 397520 404950 405127 397289 400332 406819 399616 403923 408798 395086 397809 395055 397172 389923 404811 391808 387674 397732 386812 395978 400964 400459 400875 393689 402028 404405 403696 399762 404086 400750 400314 397149 394316 396524 397354 401772 402095 390223 393935 395596 389178 402108 404210 392673 406053 402271 403438 393299 396407 391160 399395 400368 404521 396392 400575 395770 409319 394616 399475 399764 385794 390271 392562 401449 395836 399520 398536 396906 387743 390062 393014 401337 388935 393878 409435 398461 393311 390050 397434 398348 396363 399037 395943 399986 398897 393097 396920 395666 388575 397282 391259 396510 394851 402071 402741 391190 390777 395306 410958 393407 403450 396885 398423 392188 399450 397510 399762 400397 396192 401222 394112 396309 399126 403036 402179 401734 395269 394745 404650 417593 401787 394399 395442 395034 401100 398030 406253 400277 401412 401035 399478 399481 397822 396829 395145 400122 391342 404011 399241 393733 389525 393990 401428 406680 390106 392976 398284 391179 395466 397124 404304 396082 398669 395083 400045 392268 406912 390115 404366 403514 400474 401356 398683 402812 399231 403531 406587 400229 406016 399871 403825 395353 405845 403059 405986 399136 399472 389379 398124 401387 404576 398663 405399 397198 400889 406555 405710 398867 403240 398092 397811 398772 404309 410213 411087 400955 405011 404176 405261 406921 406996 405518 403304 405642 399552 409550 409730 406181 411428 415085 402338 415572 418470 401272 411761 409609 407216 415746 405466 403748 409949 415787 397375 409782 414501 404464 406252 413632 409514 406454 397364 400280 406758 401958 401008 404294 408385 401229 407622 410355 410848 407510 410122 399805 413334 405868 400282 401701 406575 399462 409655 409016 410725 407017 412078 573204 415677 398537
383670 386687 383303 385559 382839 385567 385925 384452 384809 390868 385182 385204 379130 385293 384434 384035 383842 382911 390099 384032 386588 385975 385164 378184 377427 381175 375303 377435 385437 381051 374711 372859 383238 386397 377321 375705 379975 371522 376033 379148 385763 383980 380032 391187 383596 380135 384292 392760 386399 392772 389608 379485 388555 374887 378641 374847 388892 376117 374283 381432 373220 382490 386112 385638 382948 376950 386449 389458 391354 382523 386764 387529 383798 384729 379669 379296 383017 384049 389958 376932 375879 381989 375791 386157 388708 377391 384604 386975 386560 379171 382682 374103 377715 383092 387988 379532 389415 380398 390299 379357 382941 380737 373966 375322 377335 386338 381020 382626 381280 375720 373888 375704 377491 384174 379540 382203 393123 381999 375470 373376 381605 379887 380720 381746 382444 386061 381810 378673 383701 380705 377242 381363 383431 380566 384457 380721 386329 375997 376328 376999 395795 376760 382675 381813 378319 372317 379131 382115 382699 387503 384261 390841 378561 381600 387114 387003 387624 388217 381769 381255 393843 403247 389651 376000 381026 382620 380802 387136 388335 384980 381790 384034 385236 384501 381497 381403 383318 382963 374239 391020 384632 382629 378211 381340 386643 389189 380156 377101 385834 374116 378465 382598 387549 377103 380650 384993 384643 378626 389246 375065 384419 386470 387769 385724 383206 385027 386272 382314 394113 378563 390072 386736 384197 380309 390020 383897 390748 389132 381730 376446 385601 385352 387618 381149 386757 381865 387421 386278 388860 379530 386540 387055 381167 379219 384459 394500 394275 384288 386157 389692 390522 387949 393230 390019 384601 391635 381687 391170 387213 388446 389359 389553 384330 398700 396909 381121 391874 388837 393009 394667 385303 382351 390366 397901 380429 393291 390628 385983 389257 396551 386064 390493 377929 381512 381120 383614 383215 384289 384034 383248 386252 386694 386694 385194 386375 383291 387078 386296 383224 384059 386111 383032 387071 386694 386095 384046 387480 384775 387648 384723
